SWN Append,KEYWORD,L,S,ADJ DEG,X,Z,QUADRANT,Sextant,Sector,Design ID (WindChill)
es5-mark320,MARKER,0,0,360,-589.7716383,0,SE,5,5,
es6-dt5,DRIFT,5.3,5.3,0.514822847,-589.8140379,-5.299830401,SW,7,6,
es6-q7,QUADRUPOLE,1.8,7.1,0.689636759,-589.8284377,-7.099772801,SW,7,6,
es6-dt8,DRIFT,0.5,7.6,0.738192525,-589.8324377,-7.599756801,SW,7,6,
es6-q9,QUADRUPOLE,1.4,9,0.874139303,-589.8436375,-8.999712002,SW,7,6,
es6-dt17,DRIFT,7.75,16.75,1.626388643,-589.9056369,-16.749464,SW,7,6,
es6-dh22,RBEND,5.500091668,22.25009,2.159551907,-590.0046315,-22.24857303,SW,7,6,
es6-dt42.1,DRIFT,19.8146,42.06469,4.073318491,-590.5593678,-42.05540621,SW,7,6,
es6-q42,QUADRUPOLE,0.25,42.31469,4.097392407,-590.5663669,-42.30530822,SW,7,6,
es6-dt42.2,DRIFT,0.15,42.46469,4.111835787,-590.5705664,-42.45524942,SW,7,6,
es6-q43,QUADRUPOLE,0.6,43.06469,4.169602002,-590.5873642,-43.05501424,SW,7,6,
es6-dt47.1,DRIFT,3.5,46.56469,4.506333246,-590.6853514,-46.55364233,SW,7,6,
es6-q47,QUADRUPOLE,0.25,46.81469,4.530369549,-590.6923505,-46.80354433,SW,7,6,
es6-dt47.2,DRIFT,0.15,46.96469,4.544790292,-590.6965499,-46.95348554,SW,7,6,
es6-q48,QUADRUPOLE,0.6,47.56469,4.602465423,-590.7133477,-47.55325035,SW,7,6,
es6-dt51.1,DRIFT,3.5,51.06469,4.938648455,-590.8113349,-51.05187844,SW,7,6,
es6-q51,QUADRUPOLE,0.25,51.31469,4.962644501,-590.818334,-51.30178045,SW,7,6,
es6-dt51.2,DRIFT,0.15,51.46469,4.977041018,-590.8225334,-51.45172165,SW,7,6,
es6-q52,QUADRUPOLE,0.6,52.06469,5.034618723,-590.8393313,-52.05148647,SW,7,6,
es6-dt53,DRIFT,1.1543,53.21899,5.145350663,-590.8716474,-53.20533401,SW,7,6,
es6-dh54,RBEND,0.891400372,54.11039,5.230811697,-590.8980132,-54.096344,SW,7,6,
es6-dt55,DRIFT,1.1543,55.26469,5.34140991,-590.9339804,-55.25008351,SW,7,6,
es6-q56,QUADRUPOLE,0.25,55.51469,5.365356432,-590.9417702,-55.49996212,SW,7,6,
es6-dt56,DRIFT,0.15,55.66469,5.37972314,-590.9464442,-55.64988928,SW,7,6,
es6-q57,QUADRUPOLE,1.2,56.86469,5.494624055,-590.9838354,-56.8493066,SW,7,6,
es6-dt60.1,DRIFT,2.9,59.76469,5.772056623,-591.0741975,-59.74789844,SW,7,6,
es6-q60,QUADRUPOLE,0.25,60.01469,5.795956731,-591.0819874,-59.99777705,SW,7,6,
es6-dt60.2,DRIFT,0.15,60.16469,5.810295523,-591.0866613,-60.14770421,SW,7,6,
es6-q61,QUADRUPOLE,1.2,61.36469,5.924971262,-591.1240525,-61.34712153,SW,7,6,
es6-dt64,DRIFT,2.9,64.26469,6.201846161,-591.2144147,-64.24571337,SW,7,6,
es6-q65,QUADRUPOLE,0.25,64.51469,6.225697304,-591.2222045,-64.49559198,SW,7,6,
es6-dt65,DRIFT,0.15,64.66469,6.240006649,-591.2268784,-64.64551914,SW,7,6,
es6-q66,QUADRUPOLE,1.2,65.86469,6.354444993,-591.2642696,-65.84493646,SW,7,6,
es6-dt66,DRIFT,0.5,66.36469,6.402108398,-591.2798493,-66.34469367,SW,7,6,
es6-cav70,CRABCAVITY,4,70.36469,6.782999796,-591.4044868,-70.34275139,SW,7,6,
es6-dt71,DRIFT,0.5,70.86469,6.830558318,-591.4200664,-70.84250861,SW,7,6,
es6-q72,QUADRUPOLE,1.2,72.06469,6.944649858,-591.4574577,-72.04192592,SW,7,6,
es6-dt75,DRIFT,3.126018,75.19071,7.241530497,-591.5548624,-75.16642602,SW,7,6,
es6-q75,QUADRUPOLE,0.25,75.44071,7.265252335,-591.5626522,-75.41630463,SW,7,6,
es6-dt76,DRIFT,0.15,75.59071,7.279483937,-591.5673261,-75.56623179,SW,7,6,
es6-q77,QUADRUPOLE,1.2,76.79071,7.39329601,-591.6047174,-76.7656491,SW,7,6,
es6-dt77,DRIFT,0.4,77.19071,7.431217183,-591.6171811,-77.16545488,SW,7,6,
es6-dh80,RBEND,2.726017436,79.91673,7.689693372,-591.6852408,-79.89060513,SW,7,6,
es6-dt80,DRIFT,0.4,80.31673,7.727626808,-591.6927501,-80.29053463,SW,7,6,
es6-q82,QUADRUPOLE,1.2,81.51673,7.84138033,-591.7152782,-81.49032315,SW,7,6,
es6-dt82,DRIFT,0.4,81.91673,7.879282472,-591.7227876,-81.89025265,SW,7,6,
es6-dh85,RBEND,2.726017436,84.64274,8.137627814,-591.7570786,-84.61603697,SW,7,6,
es6-dt85,DRIFT,0.4,85.04274,8.175541881,-591.7596324,-85.01602882,SW,7,6,
es6-q86,QUADRUPOLE,1.2,86.24274,8.289238752,-591.7672939,-86.21600436,SW,7,6,
es6-dt87,DRIFT,0.4,86.64274,8.327122495,-591.7698477,-86.61599621,SW,7,6,
es6-dh89,RBEND,2.726017436,89.36876,8.585341286,-591.7703647,-89.34199616,SW,7,6,
es6-dt90,DRIFT,0.4,89.76876,8.623236613,-591.7679626,-89.74198894,SW,7,6,
es6-q91,QUADRUPOLE,1.2,90.96876,8.736878715,-591.7607563,-90.94196731,SW,7,6,
es6-dt91,DRIFT,0.4,91.36876,8.774744685,-591.7583542,-91.34196009,SW,7,6,
es6-dh94,RBEND,2.726017436,94.09478,9.032841184,-591.7250971,-94.06775722,SW,7,6,
es6-dt94,DRIFT,0.4,94.49478,9.070718396,-591.7177395,-94.46768954,SW,7,6,
es6-q96,QUADRUPOLE,1.2,95.69478,9.184307596,-591.6956665,-95.66748652,SW,7,6,
es6-dt96,DRIFT,0.4,96.09478,9.222156414,-591.6883088,-96.06741885,SW,7,6,
es6-dh99,RBEND,2.726017436,98.8208,9.480134845,-591.6212828,-98.79259471,SW,7,6,
es6-dt99,DRIFT,0.4,99.2208,9.51799456,-591.6089707,-99.19240518,SW,7,6,
es6-mark100,MARKER,0,100.4208,9.63153271,-591.5720345,-100.3918366,SW,7,6,
es6-q100,MARKER,0,100.4208,9.63153271,-591.5720345,-100.3918366,SW,7,6,
es6-mark100,QUADRUPOLE,1.2,100.4208,9.63153271,-591.5720345,-100.3918366,SW,7,6,
es6-q100,QUADRUPOLE,1.2,100.4208,9.63153271,-591.5720345,-100.3918366,SW,7,6,
es6-dt102,MARKER,0,101.5881,9.741917324,-591.5361047,-101.5585835,SW,7,6,
es6-mark102,MARKER,0,101.5881,9.741917324,-591.5361047,-101.5585835,SW,7,6,
es6-dt102,DRIFT,1.1673,101.5881,9.741917324,-591.5361047,-101.5585835,SW,7,6,
es6-mark102,DRIFT,1.1673,101.5881,9.741917324,-591.5361047,-101.5585835,SW,7,6,
es6-sol106,SOLENOID,5.7,105.8631,10.14566417,-591.4045192,-105.8315579,SW,7,6,
es6-dt108,DRIFT,0.8,108.0881,10.35547274,-591.3360332,-108.0555036,SW,7,6,
es6-q109,QUADRUPOLE,1.14,108.9431,10.43603441,-591.3097161,-108.9100985,SW,7,6,
es6-dt109,DRIFT,0.25,109.4781,10.4864268,-591.2932487,-109.444845,SW,7,6,
es6-q111,QUADRUPOLE,1.882,110.8896,10.61931248,-591.2498024,-110.8556762,SW,7,6,
es6-dt112,DRIFT,0.25,111.6101,10.68710705,-591.2276252,-111.5758348,SW,7,6,
es6-q113,QUADRUPOLE,1.376,112.6421,10.78416793,-591.19586,-112.6073459,SW,7,6,
es6-dt113,DRIFT,0.25,113.2361,10.84001074,-591.1775765,-113.2010644,SW,7,6,
es6-q114,QUADRUPOLE,1.14,114.0911,10.92035999,-591.1512595,-114.0556593,SW,7,6,
es6-dt115,DRIFT,0.45,114.8261,10.98940315,-591.128636,-114.790311,SW,7,6,
es6-q116,QUADRUPOLE,1.221,115.74185,11.07538747,-591.100449,-115.7056271,SW,7,6,
es6-dt116,DRIFT,0.25,116.2971,11.12750207,-591.0833583,-116.260614,SW,7,6,
es6-q118,QUADRUPOLE,1.968,117.7731,11.26596015,-591.0379266,-117.7359147,SW,7,6,
es6-dt119,DRIFT,0.25,118.5151,11.33552224,-591.0150877,-118.4775631,SW,7,6,
es6-q119,QUADRUPOLE,1.221,119.43085,11.42133402,-590.9869007,-119.3928792,SW,7,6,
es6-dt121,DRIFT,0.8,120.5361,11.52484493,-590.9528809,-120.4976055,SW,7,6,
es6-sol125,SOLENOID,5.7,124.8111,11.92460427,-590.8212954,-124.7705799,SW,7,6,
es6-mark126,MARKER,0,126.2361,12.0576375,-590.7774335,-126.1949047,SW,7,6,
es6-dt127,DRIFT,1.1673,127.4034,12.16652926,-590.7415038,-127.3616516,SW,7,6,
es6-q128.1,QUADRUPOLE,0.5,127.9034,12.21314864,-590.7261137,-127.8614147,SW,7,6,
es6-q128.2,QUADRUPOLE,0.5,128.4034,12.25975404,-590.7107235,-128.3611778,SW,7,6,
es6-dt129,DRIFT,0.364227,128.76762,12.2936951,-590.6995125,-128.7252322,SW,7,6,
es6-dh133,RBEND,3.800060585,132.56768,12.64800167,-590.5454052,-132.522106,SW,7,6,
es6-dt133,DRIFT,0.364227,132.93191,12.68197924,-590.5270755,-132.8858715,SW,7,6,
es6-q133,QUADRUPOLE,0.5,133.43191,12.7286113,-590.501913,-133.385238,SW,7,6,
es6-q134,QUADRUPOLE,0.5,133.93191,12.77523019,-590.4767505,-133.8846044,SW,7,6,
es6-dt134,DRIFT,0.364227,134.29614,12.80918159,-590.4584208,-134.2483699,SW,7,6,
es6-dh138,RBEND,3.800060585,138.0962,13.16358444,-590.2300763,-138.041503,SW,7,6,
es6-dt138,DRIFT,0.364227,138.46043,13.19757012,-590.2046349,-138.4048404,SW,7,6,
es6-q139.1,QUADRUPOLE,0.5,138.96043,13.24421402,-590.1697096,-138.9036191,SW,7,6,
es6-q139.2,QUADRUPOLE,0.5,139.46043,13.29084558,-590.1347844,-139.4023979,SW,7,6,
es6-dt140,DRIFT,0.364227,139.82465,13.32480671,-590.1093429,-139.7657352,SW,7,6,
es6-dh144,RBEND,3.800060585,143.62471,13.67929955,-589.8068487,-143.5536763,SW,7,6,
es6-dt144,DRIFT,0.364227,143.98894,13.71329275,-589.7743053,-143.9164465,SW,7,6,
es6-q144,QUADRUPOLE,0.5,144.48894,13.75994768,-589.7296307,-144.4144466,SW,7,6,
es6-q145,QUADRUPOLE,0.5,144.98894,13.80659108,-589.684956,-144.9124468,SW,7,6,
es6-dt145,DRIFT,0.364227,145.35317,13.84056135,-589.6524126,-145.275217,SW,7,6,
es6-dh149,RBEND,3.800060585,149.15323,14.19513798,-589.2758844,-149.0565166,SW,7,6,
es6-dt150,DRIFT,0.364227,149.51746,14.2291381,-589.2362514,-149.4185809,SW,7,6,
es6-q150,QUADRUPOLE,0.5,150.01746,14.27580325,-589.1818445,-149.915612,SW,7,6,
es6-q151,QUADRUPOLE,0.5,150.51746,14.32245767,-589.1274375,-150.412643,SW,7,6,
es6-dt151,DRIFT,0.364227,150.88168,14.35643649,-589.0878046,-150.7747073,SW,7,6,
es6-dh155,RBEND,3.800060585,154.68174,14.71109077,-588.6373865,-154.5479186,SW,7,6,
es6-dt155,DRIFT,0.364227,155.04597,14.74509724,-588.5906791,-154.9091384,SW,7,6,
es6-q156.1,QUADRUPOLE,0.5,155.54597,14.79177179,-588.5265607,-155.4050102,SW,7,6,
es6-q156.2,QUADRUPOLE,0.5,156.04597,14.83843644,-588.4624422,-155.900882,SW,7,6,
es6-dt157,MARKER,0,156.79597,14.9084147,-588.3662646,-156.6446896,SW,7,6,
es6-mark157,MARKER,0,156.79597,14.9084147,-588.3662646,-156.6446896,SW,7,6,
es6-dt157,DRIFT,0.75,156.79597,14.9084147,-588.3662646,-156.6446896,SW,7,6,
es6-mark157,DRIFT,0.75,156.79597,14.9084147,-588.3662646,-156.6446896,SW,7,6,
es6-sol158,SOLENOID,2,158.29597,15.04830317,-588.1739092,-158.132305,SW,7,6,
es6-dt160,DRIFT,0.75,159.54597,15.16480664,-588.0136131,-159.3719844,SW,7,6,
es6-q160,QUADRUPOLE,0.865,160.19472,15.22524644,-587.9304195,-160.0153781,SW,7,6,
es6-dt161,DRIFT,0.25,160.66097,15.26867305,-587.870629,-160.4777785,SW,7,6,
es6-q162,QUADRUPOLE,1.221,161.57672,15.35393954,-587.7531961,-161.3859677,SW,7,6,
es6-dt162,DRIFT,0.45,162.33197,15.42423493,-587.6563452,-162.134982,SW,7,6,
es6-q164,QUADRUPOLE,1.968,163.80797,15.56154396,-587.4670675,-163.5987955,SW,7,6,
es6-dt165,DRIFT,0.25,164.54997,15.63053492,-587.3719157,-164.3346692,SW,7,6,
es6-q165,QUADRUPOLE,1.221,165.46572,15.71564782,-587.2544828,-165.2428584,SW,7,6,
es6-dt166,DRIFT,0.25,166.02097,15.7672366,-587.1832793,-165.793524,SW,7,6,
es6-q167,QUADRUPOLE,0.865,166.66972,15.82749516,-587.1000856,-166.4369177,SW,7,6,
es6-dt168,DRIFT,0.75,167.63597,15.91720946,-586.9761767,-167.3951899,SW,7,6,
es6-sol169,SOLENOID,2,169.13597,16.05639754,-586.7838214,-168.8828052,SW,7,6,
es6-mark170,MARKER,0,169.63597,16.10277069,-586.7197029,-169.378677,SW,7,6,
es6-dt170,DRIFT,0.75,170.38597,16.17230878,-586.6235253,-170.1224847,SW,7,6,
es6-q171,QUADRUPOLE,0.5,170.76097,16.20706804,-586.5754364,-170.4943885,SW,7,6,
es6-dt172,DRIFT,1.1,171.98597,16.32056913,-586.4183462,-171.7092744,SW,7,6,
es6-mark172,MARKER,0,172.23597,16.34372394,-586.386287,-171.9572103,SW,7,6,
es6-q172,QUADRUPOLE,0.5,172.36097,16.35530024,-586.3702574,-172.0811782,SW,7,6,
es6-dt173.1,DRIFT,0.156,172.64197,16.38132106,-586.3342228,-172.3598582,SW,7,6,
es6-sx173.1,SEXTUPOLE,0.24,172.88197,16.40354228,-586.303446,-172.5978766,SW,7,6,
es6-dt173.2,DRIFT,0.104,172.98597,16.41317063,-586.2901094,-172.701018,SW,7,6,
es6-sx173.2,SEXTUPOLE,0.24,173.22597,16.43538792,-586.2593325,-172.9390364,SW,7,6,
es6-cm174,MULTIPOLE,0,173.72597,16.4816651,-586.1952141,-173.4349082,SW,7,6,
es6-dt174,MULTIPOLE,0,173.72597,16.4816651,-586.1952141,-173.4349082,SW,7,6,
es6-cm174,DRIFT,0.5,173.72597,16.4816651,-586.1952141,-173.4349082,SW,7,6,
es6-dt174,DRIFT,0.5,173.72597,16.4816651,-586.1952141,-173.4349082,SW,7,6,
es6-cm176,MULTIPOLE,0,176.45206,16.73399282,-585.8304232,-176.1364666,SW,7,6,
es6-dv176,MULTIPOLE,0,176.45206,16.73399282,-585.8304232,-176.1364666,SW,7,6,
es6-cm176,SBEND,2.726090383,176.45206,16.73399282,-585.8304232,-176.1364666,SW,7,6,
es6-dv176,SBEND,2.726090383,176.45206,16.73399282,-585.8304232,-176.1364666,SW,7,6,
es6-cm177,MULTIPOLE,0,176.71046,16.75791346,-585.7944048,-176.3923445,SW,7,6,
es6-dt177,MULTIPOLE,0,176.71046,16.75791346,-585.7944048,-176.3923445,SW,7,6,
es6-cm177,DRIFT,0.258400437,176.71046,16.75791346,-585.7944048,-176.3923445,SW,7,6,
es6-dt177,DRIFT,0.258400437,176.71046,16.75791346,-585.7944048,-176.3923445,SW,7,6,
es6-cm178.1,MULTIPOLE,0,177.60186,16.84043193,-585.668529,-177.2748122,SW,7,6,
es6-dv178,MULTIPOLE,0,177.60186,16.84043193,-585.668529,-177.2748122,SW,7,6,
es6-cm178.1,SBEND,0.891400503,177.60186,16.84043193,-585.668529,-177.2748122,SW,7,6,
es6-dv178,SBEND,0.891400503,177.60186,16.84043193,-585.668529,-177.2748122,SW,7,6,
es6-cm178.2,MULTIPOLE,0,177.86026,16.86435244,-585.6315692,-177.5305557,SW,7,6,
es6-dt178,MULTIPOLE,0,177.86026,16.86435244,-585.6315692,-177.5305557,SW,7,6,
es6-cm178.2,DRIFT,0.258400437,177.86026,16.86435244,-585.6315692,-177.5305557,SW,7,6,
es6-dt178,DRIFT,0.258400437,177.86026,16.86435244,-585.6315692,-177.5305557,SW,7,6,
es6-cm181,MULTIPOLE,0,180.58635,17.11674084,-585.2264756,-180.2263653,SW,7,6,
es6-dv181,MULTIPOLE,0,180.58635,17.11674084,-585.2264756,-180.2263653,SW,7,6,
es6-cm181,SBEND,2.726090383,180.58635,17.11674084,-585.2264756,-180.2263653,SW,7,6,
es6-dv181,SBEND,2.726090383,180.58635,17.11674084,-585.2264756,-180.2263653,SW,7,6,
es6-dt181.1,DRIFT,0.374783751,180.96114,17.15144246,-585.1686982,-180.5966688,SW,7,6,
es6-ks181,VKICKER,0.2,181.16114,17.16995817,-585.1378659,-180.7942779,SW,7,6,
es6-dt181.2,DRIFT,0.064,181.22514,17.17588283,-585.1279996,-180.8575128,SW,7,6,
es6-q182,QUADRUPOLE,0.5,181.60014,17.21059403,-585.0701889,-181.2280299,SW,7,6,
es6-dt182,DRIFT,0.163,181.88814,17.23724805,-585.0257903,-181.5125871,SW,7,6,
es6-sx182,SEXTUPOLE,0.57,182.45814,17.28999003,-584.9379182,-182.0757731,SW,7,6,
es6-cm183,MULTIPOLE,0,182.96514,17.33689055,-584.8597582,-182.5767122,SW,7,6,
es6-dt183,MULTIPOLE,0,182.96514,17.33689055,-584.8597582,-182.5767122,SW,7,6,
es6-cm183,DRIFT,0.507,182.96514,17.33689055,-584.8597582,-182.5767122,SW,7,6,
es6-dt183,DRIFT,0.507,182.96514,17.33689055,-584.8597582,-182.5767122,SW,7,6,
es6-cm186.1,MULTIPOLE,0,185.69123,17.5890848,-584.4243521,-185.2677923,SW,7,6,
es6-dv186,MULTIPOLE,0,185.69123,17.5890848,-584.4243521,-185.2677923,SW,7,6,
es6-cm186.1,SBEND,2.726090383,185.69123,17.5890848,-584.4243521,-185.2677923,SW,7,6,
es6-dv186,SBEND,2.726090383,185.69123,17.5890848,-584.4243521,-185.2677923,SW,7,6,
es6-cm186.2,MULTIPOLE,0,185.94963,17.61299258,-584.3816459,-185.5226392,SW,7,6,
es6-dt186,MULTIPOLE,0,185.94963,17.61299258,-584.3816459,-185.5226392,SW,7,6,
es6-cm186.2,DRIFT,0.258400437,185.94963,17.61299258,-584.3816459,-185.5226392,SW,7,6,
es6-dt186,DRIFT,0.258400437,185.94963,17.61299258,-584.3816459,-185.5226392,SW,7,6,
es6-cm187.1,MULTIPOLE,0,186.84103,17.6954667,-584.2327058,-186.4015083,SW,7,6,
es6-dv187,MULTIPOLE,0,186.84103,17.6954667,-584.2327058,-186.4015083,SW,7,6,
es6-cm187.1,SBEND,0.891400503,186.84103,17.6954667,-584.2327058,-186.4015083,SW,7,6,
es6-dv187,SBEND,0.891400503,186.84103,17.6954667,-584.2327058,-186.4015083,SW,7,6,
es6-cm187.2,MULTIPOLE,0,187.09943,17.71937436,-584.1890621,-186.6561963,SW,7,6,
es6-dt187,MULTIPOLE,0,187.09943,17.71937436,-584.1890621,-186.6561963,SW,7,6,
es6-cm187.2,DRIFT,0.258400437,187.09943,17.71937436,-584.1890621,-186.6561963,SW,7,6,
es6-dt187,DRIFT,0.258400437,187.09943,17.71937436,-584.1890621,-186.6561963,SW,7,6,
es6-cm190,MULTIPOLE,0,189.82552,17.97162494,-583.7135176,-189.3404742,SW,7,6,
es6-dv190,MULTIPOLE,0,189.82552,17.97162494,-583.7135176,-189.3404742,SW,7,6,
es6-cm190,SBEND,2.726090383,189.82552,17.97162494,-583.7135176,-189.3404742,SW,7,6,
es6-dv190,SBEND,2.726090383,189.82552,17.97162494,-583.7135176,-189.3404742,SW,7,6,
es6-dt190.1,DRIFT,0.374783751,190.2003,18.00630738,-583.6460637,-189.7091378,SW,7,6,
es6-ks190,HKICKER,0.2,190.4003,18.02481306,-583.6100675,-189.9058718,SW,7,6,
es6-dt190.2,DRIFT,0.064,190.4643,18.03073453,-583.5985487,-189.9688267,SW,7,6,
es6-q191,QUADRUPOLE,0.5,190.8393,18.06542738,-583.5310559,-190.337703,SW,7,6,
es6-dt191.1,DRIFT,0.156,191.1203,18.09142016,-583.4804813,-190.6141143,SW,7,6,
es6-sx191,SEXTUPOLE,0.24,191.3603,18.11361787,-583.4372859,-190.8501951,SW,7,6,
es6-dt191.2,DRIFT,0.104,191.4643,18.12323615,-583.4185679,-190.9524968,SW,7,6,
es6-sx192,SEXTUPOLE,0.24,191.7043,18.14543051,-583.3753725,-191.1885776,SW,7,6,
es6-cm192,MULTIPOLE,0,192.2043,18.1916612,-583.2853821,-191.6804127,SW,7,6,
es6-dt192,MULTIPOLE,0,192.2043,18.1916612,-583.2853821,-191.6804127,SW,7,6,
es6-cm192,DRIFT,0.5,192.2043,18.1916612,-583.2853821,-191.6804127,SW,7,6,
es6-dt192,DRIFT,0.5,192.2043,18.1916612,-583.2853821,-191.6804127,SW,7,6,
es6-cm195.1,MULTIPOLE,0,194.93039,18.4437332,-582.7796594,-194.3591689,SW,7,6,
es6-dv195,MULTIPOLE,0,194.93039,18.4437332,-582.7796594,-194.3591689,SW,7,6,
es6-cm195.1,SBEND,2.726090383,194.93039,18.4437332,-582.7796594,-194.3591689,SW,7,6,
es6-dv195,SBEND,2.726090383,194.93039,18.4437332,-582.7796594,-194.3591689,SW,7,6,
es6-cm195.2,MULTIPOLE,0,195.18879,18.46762918,-582.7302947,-194.6128102,SW,7,6,
es6-dt195,MULTIPOLE,0,195.18879,18.46762918,-582.7302947,-194.6128102,SW,7,6,
es6-cm195.2,DRIFT,0.258400437,195.18879,18.46762918,-582.7302947,-194.6128102,SW,7,6,
es6-dt195,DRIFT,0.258400437,195.18879,18.46762918,-582.7302947,-194.6128102,SW,7,6,
es6-cm196.1,MULTIPOLE,0,196.08019,18.5500626,-582.5583925,-195.4874779,SW,7,6,
es6-dv196,MULTIPOLE,0,196.08019,18.5500626,-582.5583925,-195.4874779,SW,7,6,
es6-cm196.1,SBEND,0.891400503,196.08019,18.5500626,-582.5583925,-195.4874779,SW,7,6,
es6-dv196,SBEND,0.891400503,196.08019,18.5500626,-582.5583925,-195.4874779,SW,7,6,
es6-cm196.2,MULTIPOLE,0,196.33859,18.57395847,-582.5080948,-195.7409359,SW,7,6,
es6-dt196,MULTIPOLE,0,196.33859,18.57395847,-582.5080948,-195.7409359,SW,7,6,
es6-cm196.2,DRIFT,0.258400437,196.33859,18.57395847,-582.5080948,-195.7409359,SW,7,6,
es6-dt196,DRIFT,0.258400437,196.33859,18.57395847,-582.5080948,-195.7409359,SW,7,6,
es6-cm199,MULTIPOLE,0,199.06468,18.82608241,-581.9624255,-198.4118412,SW,7,6,
es6-dv199,MULTIPOLE,0,199.06468,18.82608241,-581.9624255,-198.4118412,SW,7,6,
es6-cm199,SBEND,2.726090383,199.06468,18.82608241,-581.9624255,-198.4118412,SW,7,6,
es6-dv199,SBEND,2.726090383,199.06468,18.82608241,-581.9624255,-198.4118412,SW,7,6,
es6-dt199,DRIFT,0.374783751,199.43947,18.86074721,-581.8853413,-198.7786121,SW,7,6,
es6-ks200,VKICKER,0.2,199.63947,18.87924367,-581.844206,-198.9743361,SW,7,6,
es6-dt200.1,DRIFT,0.064,199.70347,18.88516223,-581.8310427,-199.0369678,SW,7,6,
es6-q200,QUADRUPOLE,0.5,200.07847,18.91983824,-581.753914,-199.4039503,SW,7,6,
es6-dt200.2,DRIFT,0.163,200.36647,18.9464659,-581.6946791,-199.6857929,SW,7,6,
es6-sx201,SEXTUPOLE,0.57,200.93647,18.9991574,-581.5774435,-200.2436063,SW,7,6,
es6-cm201,MULTIPOLE,0,201.44347,19.04601492,-581.4731655,-200.7397667,SW,7,6,
es6-dt201,MULTIPOLE,0,201.44347,19.04601492,-581.4731655,-200.7397667,SW,7,6,
es6-cm201,DRIFT,0.507,201.44347,19.04601492,-581.4731655,-200.7397667,SW,7,6,
es6-dt201,DRIFT,0.507,201.44347,19.04601492,-581.4731655,-200.7397667,SW,7,6,
es6-cm204.1,MULTIPOLE,0,204.16956,19.29797572,-580.897473,-203.404362,SW,7,6,
es6-dv204,MULTIPOLE,0,204.16956,19.29797572,-580.897473,-203.404362,SW,7,6,
es6-cm204.1,SBEND,2.726090383,204.16956,19.29797572,-580.897473,-203.404362,SW,7,6,
es6-dv204,SBEND,2.726090383,204.16956,19.29797572,-580.897473,-203.404362,SW,7,6,
es6-cm204.2,MULTIPOLE,0,204.42796,19.32186094,-580.8414836,-203.6566237,SW,7,6,
es6-dt204,MULTIPOLE,0,204.42796,19.32186094,-580.8414836,-203.6566237,SW,7,6,
es6-cm204.2,DRIFT,0.258400437,204.42796,19.32186094,-580.8414836,-203.6566237,SW,7,6,
es6-dt204,DRIFT,0.258400437,204.42796,19.32186094,-580.8414836,-203.6566237,SW,7,6,
es6-cm205,MULTIPOLE,0,205.31936,19.40425728,-580.6467372,-204.5264903,SW,7,6,
es6-dv205,MULTIPOLE,0,205.31936,19.40425728,-580.6467372,-204.5264903,SW,7,6,
es6-cm205,SBEND,0.891400503,205.31936,19.40425728,-580.6467372,-204.5264903,SW,7,6,
es6-dv205,SBEND,0.891400503,205.31936,19.40425728,-580.6467372,-204.5264903,SW,7,6,
es6-cm206,MULTIPOLE,0,205.57776,19.42814241,-580.5898199,-204.7785443,SW,7,6,
es6-dt206,MULTIPOLE,0,205.57776,19.42814241,-580.5898199,-204.7785443,SW,7,6,
es6-cm206,DRIFT,0.258400437,205.57776,19.42814241,-580.5898199,-204.7785443,SW,7,6,
es6-dt206,DRIFT,0.258400437,205.57776,19.42814241,-580.5898199,-204.7785443,SW,7,6,
es6-cm208,MULTIPOLE,0,208.30385,19.68015072,-579.9744001,-207.4342454,SW,7,6,
es6-dv208,MULTIPOLE,0,208.30385,19.68015072,-579.9744001,-207.4342454,SW,7,6,
es6-cm208,SBEND,2.726090383,208.30385,19.68015072,-579.9744001,-207.4342454,SW,7,6,
es6-dv208,SBEND,2.726090383,208.30385,19.68015072,-579.9744001,-207.4342454,SW,7,6,
es6-dt209.1,DRIFT,0.374783751,208.67863,19.71479938,-579.8877384,-207.7988721,SW,7,6,
es6-ks209,HKICKER,0.2,208.87863,19.73328743,-579.8414922,-207.9934519,SW,7,6,
es6-dt209.2,DRIFT,0.064,208.94263,19.73920332,-579.8266934,-208.0557174,SW,7,6,
es6-q209,QUADRUPOLE,0.5,209.31763,19.77386402,-579.7399817,-208.4205545,SW,7,6,
es6-dt210.1,DRIFT,0.156,209.59863,19.79983335,-579.6750058,-208.6939391,SW,7,6,
es6-sx210.1,SEXTUPOLE,0.24,209.83863,19.82201146,-579.6195103,-208.9274348,SW,7,6,
es6-dt210.2,DRIFT,0.104,209.94263,19.83162137,-579.5954623,-209.0286163,SW,7,6,
es6-sx210.2,SEXTUPOLE,0.24,210.18263,19.8537967,-579.5399668,-209.262112,SW,7,6,
es6-cm211,MULTIPOLE,0,210.68263,19.89998902,-579.4243512,-209.7485614,SW,7,6,
es6-dt211,MULTIPOLE,0,210.68263,19.89998902,-579.4243512,-209.7485614,SW,7,6,
es6-cm211,DRIFT,0.5,210.68263,19.89998902,-579.4243512,-209.7485614,SW,7,6,
es6-dt211,DRIFT,0.5,210.68263,19.89998902,-579.4243512,-209.7485614,SW,7,6,
es6-cm213,MULTIPOLE,0,213.40871,20.15183621,-578.7802246,-212.3974348,SW,7,6,
es6-dv213,MULTIPOLE,0,213.40871,20.15183621,-578.7802246,-212.3974348,SW,7,6,
es6-cm213,SBEND,2.726077105,213.40871,20.15183621,-578.7802246,-212.3974348,SW,7,6,
es6-dv213,SBEND,2.726077105,213.40871,20.15183621,-578.7802246,-212.3974348,SW,7,6,
es6-cm214,MULTIPOLE,0,213.66711,20.17570942,-578.7178645,-212.6481976,SW,7,6,
es6-dt214,MULTIPOLE,0,213.66711,20.17570942,-578.7178645,-212.6481976,SW,7,6,
es6-cm214,DRIFT,0.258400373,213.66711,20.17570942,-578.7178645,-212.6481976,SW,7,6,
es6-dt214,DRIFT,0.258400373,213.66711,20.17570942,-578.7178645,-212.6481976,SW,7,6,
es6-cm215.1,MULTIPOLE,0,214.55851,20.25806315,-578.5012719,-213.5128834,SW,7,6,
es6-dv215,MULTIPOLE,0,214.55851,20.25806315,-578.5012719,-213.5128834,SW,7,6,
es6-cm215.1,SBEND,0.891400429,214.55851,20.25806315,-578.5012719,-213.5128834,SW,7,6,
es6-dv215,SBEND,0.891400429,214.55851,20.25806315,-578.5012719,-213.5128834,SW,7,6,
es6-cm215.2,MULTIPOLE,0,214.81691,20.28193557,-578.4380599,-213.7634328,SW,7,6,
es6-dt215,MULTIPOLE,0,214.81691,20.28193557,-578.4380599,-213.7634328,SW,7,6,
es6-cm215.2,DRIFT,0.258400373,214.81691,20.28193557,-578.4380599,-213.7634328,SW,7,6,
es6-dt215,DRIFT,0.258400373,214.81691,20.28193557,-578.4380599,-213.7634328,SW,7,6,
es6-cm218,MULTIPOLE,0,217.54299,20.53379527,-577.7574586,-216.4031698,SW,7,6,
es6-dv218,MULTIPOLE,0,217.54299,20.53379527,-577.7574586,-216.4031698,SW,7,6,
es6-cm218,SBEND,2.726077105,217.54299,20.53379527,-577.7574586,-216.4031698,SW,7,6,
es6-dv218,SBEND,2.726077105,217.54299,20.53379527,-577.7574586,-216.4031698,SW,7,6,
es6-dt218.1,DRIFT,0.374783751,217.91777,20.56842194,-577.6620035,-216.7655939,SW,7,6,
es6-ks218,VKICKER,0.2,218.11777,20.5868984,-577.6110648,-216.9589982,SW,7,6,
es6-dt218.2,DRIFT,0.064,218.18177,20.59281061,-577.5947644,-217.0208876,SW,7,6,
es6-q219,QUADRUPOLE,0.5,218.55677,20.62744997,-577.4992543,-217.3835208,SW,7,6,
es6-dt219,DRIFT,0.163,218.84477,20.65405008,-577.4259025,-217.662023,SW,7,6,
es6-sx219,SEXTUPOLE,0.57,219.41477,20.70668859,-577.2807271,-218.2132255,SW,7,6,
es6-cm220,MULTIPOLE,0,219.92177,20.75350069,-577.1515974,-218.7035055,SW,7,6,
es6-dt220,MULTIPOLE,0,219.92177,20.75350069,-577.1515974,-218.7035055,SW,7,6,
es6-cm220,DRIFT,0.507,219.92177,20.75350069,-577.1515974,-218.7035055,SW,7,6,
es6-dt220,DRIFT,0.507,219.92177,20.75350069,-577.1515974,-218.7035055,SW,7,6,
es6-cm223.1,MULTIPOLE,0,222.64785,21.00520294,-576.4435945,-221.3360255,SW,7,6,
es6-dv223,MULTIPOLE,0,222.64785,21.00520294,-576.4435945,-221.3360255,SW,7,6,
es6-cm223.1,SBEND,2.726077105,222.64785,21.00520294,-576.4435945,-221.3360255,SW,7,6,
es6-dv223,SBEND,2.726077105,222.64785,21.00520294,-576.4435945,-221.3360255,SW,7,6,
es6-cm223.2,MULTIPOLE,0,222.90625,21.02906234,-576.3751878,-221.5852067,SW,7,6,
es6-dt223,MULTIPOLE,0,222.90625,21.02906234,-576.3751878,-221.5852067,SW,7,6,
es6-cm223.2,DRIFT,0.258400373,222.90625,21.02906234,-576.3751878,-221.5852067,SW,7,6,
es6-dt223,DRIFT,0.258400373,222.90625,21.02906234,-576.3751878,-221.5852067,SW,7,6,
es6-cm224.1,MULTIPOLE,0,223.79765,21.11136853,-576.1377457,-222.4444012,SW,7,6,
es6-dv224,MULTIPOLE,0,223.79765,21.11136853,-576.1377457,-222.4444012,SW,7,6,
es6-cm224.1,SBEND,0.891400429,223.79765,21.11136853,-576.1377457,-222.4444012,SW,7,6,
es6-dv224,SBEND,0.891400429,223.79765,21.11136853,-576.1377457,-222.4444012,SW,7,6,
es6-cm224.2,MULTIPOLE,0,224.05605,21.1352272,-576.0684924,-222.6933484,SW,7,6,
es6-dt224,MULTIPOLE,0,224.05605,21.1352272,-576.0684924,-222.6933484,SW,7,6,
es6-cm224.2,DRIFT,0.258400373,224.05605,21.1352272,-576.0684924,-222.6933484,SW,7,6,
es6-dt224,DRIFT,0.258400373,224.05605,21.1352272,-576.0684924,-222.6933484,SW,7,6,
es6-cm227,MULTIPOLE,0,226.78213,21.38694107,-575.3242465,-225.3158525,SW,7,6,
es6-dv227,MULTIPOLE,0,226.78213,21.38694107,-575.3242465,-225.3158525,SW,7,6,
es6-cm227,SBEND,2.726077105,226.78213,21.38694107,-575.3242465,-225.3158525,SW,7,6,
es6-dv227,SBEND,2.726077105,226.78213,21.38694107,-575.3242465,-225.3158525,SW,7,6,
es6-dt227.1,DRIFT,0.374783751,227.15691,21.42154762,-575.2200539,-225.6758619,SW,7,6,
es6-ks227,HKICKER,0.2,227.35691,21.44001352,-575.1644525,-225.8679777,SW,7,6,
es6-dt227.2,DRIFT,0.064,227.42091,21.44592238,-575.14666,-225.9294547,SW,7,6,
es6-q228,QUADRUPOLE,0.5,227.79591,21.4805423,-575.0424073,-226.2896719,SW,7,6,
es6-dt228.1,DRIFT,0.156,228.07691,21.5064816,-574.9642873,-226.5595946,SW,7,6,
es6-sx228,SEXTUPOLE,0.24,228.31691,21.52863441,-574.8975655,-226.7901335,SW,7,6,
es6-dt228.2,DRIFT,0.104,228.42091,21.53823346,-574.8686528,-226.8900337,SW,7,6,
es6-sx229,SEXTUPOLE,0.24,228.66091,21.56038396,-574.8019311,-227.1205727,SW,7,6,
es6-cm229,MULTIPOLE,0,229.16091,21.60652561,-574.6629275,-227.6008622,SW,7,6,
es6-dt229,MULTIPOLE,0,229.16091,21.60652561,-574.6629275,-227.6008622,SW,7,6,
es6-cm229,DRIFT,0.5,229.16091,21.60652561,-574.6629275,-227.6008622,SW,7,6,
es6-dt229,DRIFT,0.5,229.16091,21.60652561,-574.6629275,-227.6008622,SW,7,6,
es6-cm232.1,MULTIPOLE,0,231.88699,21.85809665,-573.8914625,-230.2154886,SW,7,6,
es6-dv232,MULTIPOLE,0,231.88699,21.85809665,-573.8914625,-230.2154886,SW,7,6,
es6-cm232.1,SBEND,2.726077105,231.88699,21.85809665,-573.8914625,-230.2154886,SW,7,6,
es6-dv232,SBEND,2.726077105,231.88699,21.85809665,-573.8914625,-230.2154886,SW,7,6,
es6-cm232.2,MULTIPOLE,0,232.14539,21.88194353,-573.8170492,-230.4629425,SW,7,6,
es6-dt232,MULTIPOLE,0,232.14539,21.88194353,-573.8170492,-230.4629425,SW,7,6,
es6-cm232.2,DRIFT,0.258400373,232.14539,21.88194353,-573.8170492,-230.4629425,SW,7,6,
es6-dt232,DRIFT,0.258400373,232.14539,21.88194353,-573.8170492,-230.4629425,SW,7,6,
es6-cm233.1,MULTIPOLE,0,233.03679,21.96420665,-573.5588964,-231.316143,SW,7,6,
es6-dv233,MULTIPOLE,0,233.03679,21.96420665,-573.5588964,-231.316143,SW,7,6,
es6-cm233.1,SBEND,0.891400429,233.03679,21.96420665,-573.5588964,-231.316143,SW,7,6,
es6-dv233,SBEND,0.891400429,233.03679,21.96420665,-573.5588964,-231.316143,SW,7,6,
es6-cm233.2,MULTIPOLE,0,233.29519,21.98805288,-573.4836424,-231.5633425,SW,7,6,
es6-dt233,MULTIPOLE,0,233.29519,21.98805288,-573.4836424,-231.5633425,SW,7,6,
es6-cm233.2,DRIFT,0.258400373,233.29519,21.98805288,-573.4836424,-231.5633425,SW,7,6,
es6-dt233,DRIFT,0.258400373,233.29519,21.98805288,-573.4836424,-231.5633425,SW,7,6,
es6-cm236,MULTIPOLE,0,236.02127,22.23963457,-572.6761873,-234.1670793,SW,7,6,
es6-dv236,MULTIPOLE,0,236.02127,22.23963457,-572.6761873,-234.1670793,SW,7,6,
es6-cm236,SBEND,2.726077105,236.02127,22.23963457,-572.6761873,-234.1670793,SW,7,6,
es6-dv236,SBEND,2.726077105,236.02127,22.23963457,-572.6761873,-234.1670793,SW,7,6,
es6-dt236,DRIFT,0.374783751,236.39605,22.2742229,-572.5633181,-234.5244635,SW,7,6,
es6-ks237,VKICKER,0.2,236.59605,22.29267924,-572.5030865,-234.7151783,SW,7,6,
es6-dt237.1,DRIFT,0.064,236.66005,22.29858505,-572.4838124,-234.7762071,SW,7,6,
es6-q237,QUADRUPOLE,0.5,237.03505,22.33318741,-572.3708781,-235.1337974,SW,7,6,
es6-dt237.2,DRIFT,0.163,237.32305,22.35975963,-572.2841446,-235.4084268,SW,7,6,
es6-sx238,SEXTUPOLE,0.57,237.89305,22.41234434,-572.1124845,-235.9519641,SW,7,6,
es6-cm238,MULTIPOLE,0,238.40005,22.45911013,-571.9597973,-236.4354262,SW,7,6,
es6-dt238,MULTIPOLE,0,238.40005,22.45911013,-571.9597973,-236.4354262,SW,7,6,
es6-cm238,DRIFT,0.507,238.40005,22.45911013,-571.9597973,-236.4354262,SW,7,6,
es6-dt238,DRIFT,0.507,238.40005,22.45911013,-571.9597973,-236.4354262,SW,7,6,
es6-cm241.1,MULTIPOLE,0,241.12613,22.71056353,-571.1253217,-239.0306294,SW,7,6,
es6-dv241,MULTIPOLE,0,241.12613,22.71056353,-571.1253217,-239.0306294,SW,7,6,
es6-cm241.1,SBEND,2.726077105,241.12613,22.71056353,-571.1253217,-239.0306294,SW,7,6,
es6-dv241,SBEND,2.726077105,241.12613,22.71056353,-571.1253217,-239.0306294,SW,7,6,
es6-cm241.2,MULTIPOLE,0,241.38453,22.73439917,-571.0449453,-239.2762112,SW,7,6,
es6-dt241,MULTIPOLE,0,241.38453,22.73439917,-571.0449453,-239.2762112,SW,7,6,
es6-cm241.2,DRIFT,0.258400373,241.38453,22.73439917,-571.0449453,-239.2762112,SW,7,6,
es6-dt241,DRIFT,0.258400373,241.38453,22.73439917,-571.0449453,-239.2762112,SW,7,6,
es6-cm242,MULTIPOLE,0,242.27593,22.81662367,-570.7662328,-240.1229185,SW,7,6,
es6-dv242,MULTIPOLE,0,242.27593,22.81662367,-570.7662328,-240.1229185,SW,7,6,
es6-cm242,SBEND,0.891400429,242.27593,22.81662367,-570.7662328,-240.1229185,SW,7,6,
es6-dv242,SBEND,0.891400429,242.27593,22.81662367,-570.7662328,-240.1229185,SW,7,6,
es6-cm243,MULTIPOLE,0,242.53433,22.84045873,-570.6850222,-240.3682256,SW,7,6,
es6-dt243,MULTIPOLE,0,242.53433,22.84045873,-570.6850222,-240.3682256,SW,7,6,
es6-cm243,DRIFT,0.258400373,242.53433,22.84045873,-570.6850222,-240.3682256,SW,7,6,
es6-dt243,DRIFT,0.258400373,242.53433,22.84045873,-570.6850222,-240.3682256,SW,7,6,
es6-cm245,MULTIPOLE,0,245.26041,23.09192179,-569.8148302,-242.9516721,SW,7,6,
es6-dv245,MULTIPOLE,0,245.26041,23.09192179,-569.8148302,-242.9516721,SW,7,6,
es6-cm245,SBEND,2.726077105,245.26041,23.09192179,-569.8148302,-242.9516721,SW,7,6,
es6-dv245,SBEND,2.726077105,245.26041,23.09192179,-569.8148302,-242.9516721,SW,7,6,
es6-dt246.1,DRIFT,0.374783751,245.63519,23.12649374,-569.6933505,-243.3062218,SW,7,6,
es6-ks246,HKICKER,0.2,245.83519,23.1449415,-569.628524,-243.4954242,SW,7,6,
es6-dt246.2,DRIFT,0.064,245.89919,23.1508446,-569.6077795,-243.5559689,SW,7,6,
es6-q246,QUADRUPOLE,0.5,246.27419,23.18543125,-569.4862297,-243.9107233,SW,7,6,
es6-dt247.1,DRIFT,0.156,246.55519,23.21134613,-569.3951484,-244.1765525,SW,7,6,
es6-sx247.1,SEXTUPOLE,0.24,246.79519,23.23347845,-569.3173565,-244.4035953,SW,7,6,
es6-dt247.2,DRIFT,0.104,246.89919,23.24306871,-569.2836467,-244.5019805,SW,7,6,
es6-sx247.2,SEXTUPOLE,0.24,247.13919,23.26519918,-569.2058548,-244.7290233,SW,7,6,
es6-cm248,MULTIPOLE,0,247.63919,23.31130012,-569.0437884,-245.2020291,SW,7,6,
es6-dt248,MULTIPOLE,0,247.63919,23.31130012,-569.0437884,-245.2020291,SW,7,6,
es6-cm248,DRIFT,0.5,247.63919,23.31130012,-569.0437884,-245.2020291,SW,7,6,
es6-dt248,DRIFT,0.5,247.63919,23.31130012,-569.0437884,-245.2020291,SW,7,6,
es6-cm250,MULTIPOLE,0,250.36527,23.56264932,-568.1467902,-247.7762909,SW,7,6,
es6-dv250,MULTIPOLE,0,250.36527,23.56264932,-568.1467902,-247.7762909,SW,7,6,
es6-cm250,SBEND,2.726077105,250.36527,23.56264932,-568.1467902,-247.7762909,SW,7,6,
es6-dv250,SBEND,2.726077105,250.36527,23.56264932,-568.1467902,-247.7762909,SW,7,6,
es6-cm251,MULTIPOLE,0,250.62367,23.586475,-568.0604978,-248.0198568,SW,7,6,
es6-dt251,MULTIPOLE,0,250.62367,23.586475,-568.0604978,-248.0198568,SW,7,6,
es6-cm251,DRIFT,0.258400373,250.62367,23.586475,-568.0604978,-248.0198568,SW,7,6,
es6-dt251,DRIFT,0.258400373,250.62367,23.586475,-568.0604978,-248.0198568,SW,7,6,
es6-cm252.1,MULTIPOLE,0,251.51507,23.66866525,-567.7613887,-248.8595756,SW,7,6,
es6-dv252,MULTIPOLE,0,251.51507,23.66866525,-567.7613887,-248.8595756,SW,7,6,
es6-cm252.1,SBEND,0.891400429,251.51507,23.66866525,-567.7613887,-248.8595756,SW,7,6,
es6-dv252,SBEND,0.891400429,251.51507,23.66866525,-567.7613887,-248.8595756,SW,7,6,
es6-cm252.2,MULTIPOLE,0,251.77347,23.69249043,-567.6742689,-249.1028469,SW,7,6,
es6-dt252,MULTIPOLE,0,251.77347,23.69249043,-567.6742689,-249.1028469,SW,7,6,
es6-cm252.2,DRIFT,0.258400373,251.77347,23.69249043,-567.6742689,-249.1028469,SW,7,6,
es6-dt252,DRIFT,0.258400373,251.77347,23.69249043,-567.6742689,-249.1028469,SW,7,6,
es6-cm254,MULTIPOLE,0,254.49955,23.94384824,-566.7418493,-251.6644915,SW,7,6,
es6-dv254,MULTIPOLE,0,254.49955,23.94384824,-566.7418493,-251.6644915,SW,7,6,
es6-cm254,SBEND,2.726077105,254.49955,23.94384824,-566.7418493,-251.6644915,SW,7,6,
es6-dv254,SBEND,2.726077105,254.49955,23.94384824,-566.7418493,-251.6644915,SW,7,6,
es6-dt255.1,DRIFT,0.374783751,254.87433,23.97840566,-566.6118301,-252.0159995,SW,7,6,
es6-ks255,VKICKER,0.2,255.07433,23.99684583,-566.5424465,-252.2035786,SW,7,6,
es6-dt255.2,DRIFT,0.064,255.13833,24.00274652,-566.5202438,-252.2636039,SW,7,6,
es6-q256,QUADRUPOLE,0.5,255.51333,24.0373193,-566.3901496,-252.6153147,SW,7,6,
es6-dt256,DRIFT,0.163,255.80133,24.06386935,-566.2902372,-252.8854286,SW,7,6,
es6-sx256,SEXTUPOLE,0.57,256.37133,24.11641152,-566.092494,-253.4200291,SW,7,6,
es6-cm257,MULTIPOLE,0,256.87833,24.16314101,-565.9166067,-253.8955421,SW,7,6,
es6-dt257,MULTIPOLE,0,256.87833,24.16314101,-565.9166067,-253.8955421,SW,7,6,
es6-cm257,DRIFT,0.507,256.87833,24.16314101,-565.9166067,-253.8955421,SW,7,6,
es6-dt257,DRIFT,0.507,256.87833,24.16314101,-565.9166067,-253.8955421,SW,7,6,
es6-cm260.1,MULTIPOLE,0,259.60441,24.41439933,-564.9576108,-256.4473564,SW,7,6,
es6-dv260,MULTIPOLE,0,259.60441,24.41439933,-564.9576108,-256.4473564,SW,7,6,
es6-cm260.1,SBEND,2.726077105,259.60441,24.41439933,-564.9576108,-256.4473564,SW,7,6,
es6-dv260,SBEND,2.726077105,259.60441,24.41439933,-564.9576108,-256.4473564,SW,7,6,
es6-cm260.2,MULTIPOLE,0,259.86281,24.43821631,-564.8654528,-256.6887641,SW,7,6,
es6-dt260,MULTIPOLE,0,259.86281,24.43821631,-564.8654528,-256.6887641,SW,7,6,
es6-cm260.2,DRIFT,0.258400373,259.86281,24.43821631,-564.8654528,-256.6887641,SW,7,6,
es6-dt260,DRIFT,0.258400373,259.86281,24.43821631,-564.8654528,-256.6887641,SW,7,6,
es6-cm261.1,MULTIPOLE,0,260.75421,24.52037668,-564.546122,-257.5210031,SW,7,6,
es6-dv261,MULTIPOLE,0,260.75421,24.52037668,-564.546122,-257.5210031,SW,7,6,
es6-cm261.1,SBEND,0.891400429,260.75421,24.52037668,-564.546122,-257.5210031,SW,7,6,
es6-dv261,SBEND,0.891400429,260.75421,24.52037668,-564.546122,-257.5210031,SW,7,6,
es6-cm261.2,MULTIPOLE,0,261.01261,24.54419322,-564.4531441,-257.7620961,SW,7,6,
es6-dt261,MULTIPOLE,0,261.01261,24.54419322,-564.4531441,-257.7620961,SW,7,6,
es6-cm261.2,DRIFT,0.258400373,261.01261,24.54419322,-564.4531441,-257.7620961,SW,7,6,
es6-dt261,DRIFT,0.258400373,261.01261,24.54419322,-564.4531441,-257.7620961,SW,7,6,
es6-cm264,MULTIPOLE,0,263.73868,24.79545908,-563.4590422,-260.3004403,SW,7,6,
es6-dv264,MULTIPOLE,0,263.73868,24.79545908,-563.4590422,-260.3004403,SW,7,6,
es6-cm264,SBEND,2.726077105,263.73868,24.79545908,-563.4590422,-260.3004403,SW,7,6,
es6-dv264,SBEND,2.726077105,263.73868,24.79545908,-563.4590422,-260.3004403,SW,7,6,
es6-dt264.1,DRIFT,0.374783751,264.11347,24.8300038,-563.3205596,-260.6487008,SW,7,6,
es6-ks264,HKICKER,0.2,264.31347,24.84843735,-563.2466596,-260.834547,SW,7,6,
es6-dt264.2,DRIFT,0.064,264.37747,24.85433594,-563.2230116,-260.8940178,SW,7,6,
es6-q265,QUADRUPOLE,0.5,264.75247,24.88889668,-563.0844491,-261.2424793,SW,7,6,
es6-dt265.1,DRIFT,0.156,265.03347,24.91479266,-562.9806196,-261.5035931,SW,7,6,
es6-sx265,SEXTUPOLE,0.24,265.27347,24.93690918,-562.8919396,-261.7266085,SW,7,6,
es6-dt265.2,DRIFT,0.104,265.37747,24.9464927,-562.8535116,-261.8232485,SW,7,6,
es6-sx266,SEXTUPOLE,0.24,265.61747,24.96860783,-562.7648316,-262.0462639,SW,7,6,
es6-cm266,MULTIPOLE,0,266.11747,25.01467786,-562.5800816,-262.5108792,SW,7,6,
es6-dt266,MULTIPOLE,0,266.11747,25.01467786,-562.5800816,-262.5108792,SW,7,6,
es6-cm266,DRIFT,0.5,266.11747,25.01467786,-562.5800816,-262.5108792,SW,7,6,
es6-dt266,DRIFT,0.5,266.11747,25.01467786,-562.5800816,-262.5108792,SW,7,6,
es6-cm269.1,MULTIPOLE,0,268.84355,25.26585852,-561.559649,-265.0387532,SW,7,6,
es6-dv269,MULTIPOLE,0,268.84355,25.26585852,-561.559649,-265.0387532,SW,7,6,
es6-cm269.1,SBEND,2.726077105,268.84355,25.26585852,-561.559649,-265.0387532,SW,7,6,
es6-dv269,SBEND,2.726077105,268.84355,25.26585852,-561.559649,-265.0387532,SW,7,6,
es6-cm269.2,MULTIPOLE,0,269.10195,25.28966806,-561.4616794,-265.2778613,SW,7,6,
es6-dt269,MULTIPOLE,0,269.10195,25.28966806,-561.4616794,-265.2778613,SW,7,6,
es6-cm269.2,DRIFT,0.258400373,269.10195,25.28966806,-561.4616794,-265.2778613,SW,7,6,
es6-dt269,DRIFT,0.258400373,269.10195,25.28966806,-561.4616794,-265.2778613,SW,7,6,
es6-cm270.1,MULTIPOLE,0,269.99335,25.37180285,-561.1223138,-266.1021337,SW,7,6,
es6-dv270,MULTIPOLE,0,269.99335,25.37180285,-561.1223138,-266.1021337,SW,7,6,
es6-cm270.1,SBEND,0.891400429,269.99335,25.37180285,-561.1223138,-266.1021337,SW,7,6,
es6-dv270,SBEND,0.891400429,269.99335,25.37180285,-561.1223138,-266.1021337,SW,7,6,
es6-cm270.2,MULTIPOLE,0,270.25175,25.39561201,-561.0235321,-266.3409075,SW,7,6,
es6-dt270,MULTIPOLE,0,270.25175,25.39561201,-561.0235321,-266.3409075,SW,7,6,
es6-cm270.2,DRIFT,0.258400373,270.25175,25.39561201,-561.0235321,-266.3409075,SW,7,6,
es6-dt270,DRIFT,0.258400373,270.25175,25.39561201,-561.0235321,-266.3409075,SW,7,6,
es6-cm273,MULTIPOLE,0,272.97782,25.64679911,-559.9683295,-268.8544661,SW,7,6,
es6-dv273,MULTIPOLE,0,272.97782,25.64679911,-559.9683295,-268.8544661,SW,7,6,
es6-cm273,SBEND,2.726077105,272.97782,25.64679911,-559.9683295,-268.8544661,SW,7,6,
es6-dv273,SBEND,2.726077105,272.97782,25.64679911,-559.9683295,-268.8544661,SW,7,6,
es6-dt273,DRIFT,0.374783751,273.35261,25.68133294,-559.8214645,-269.1992756,SW,7,6,
es6-ks274,VKICKER,0.2,273.55261,25.69976083,-559.7430913,-269.38328,SW,7,6,
es6-dt274.1,DRIFT,0.064,273.61661,25.70565764,-559.7180119,-269.4421615,SW,7,6,
es6-q274,QUADRUPOLE,0.5,273.99161,25.74020814,-559.5710622,-269.7871698,SW,7,6,
es6-dt274.2,DRIFT,0.163,274.27961,25.76674161,-559.4582048,-270.0521363,SW,7,6,
es6-sx275,SEXTUPOLE,0.57,274.84961,25.81925234,-559.2348412,-270.576549,SW,7,6,
es6-cm275,MULTIPOLE,0,275.35661,25.86595538,-559.0361652,-271.0430003,SW,7,6,
es6-dt275,MULTIPOLE,0,275.35661,25.86595538,-559.0361652,-271.0430003,SW,7,6,
es6-cm275,DRIFT,0.507,275.35661,25.86595538,-559.0361652,-271.0430003,SW,7,6,
es6-dt275,DRIFT,0.507,275.35661,25.86595538,-559.0361652,-271.0430003,SW,7,6,
es6-cm278.1,MULTIPOLE,0,278.08268,26.11707152,-557.9548928,-273.545455,SW,7,6,
es6-dv278,MULTIPOLE,0,278.08268,26.11707152,-557.9548928,-273.545455,SW,7,6,
es6-cm278.1,SBEND,2.726077105,278.08268,26.11707152,-557.9548928,-273.545455,SW,7,6,
es6-dv278,SBEND,2.726077105,278.08268,26.11707152,-557.9548928,-273.545455,SW,7,6,
es6-cm278.2,MULTIPOLE,0,278.34109,26.14087485,-557.8511689,-273.7821238,SW,7,6,
es6-dt278,MULTIPOLE,0,278.34109,26.14087485,-557.8511689,-273.7821238,SW,7,6,
es6-cm278.2,DRIFT,0.258400373,278.34109,26.14087485,-557.8511689,-273.7821238,SW,7,6,
es6-dt278,DRIFT,0.258400373,278.34109,26.14087485,-557.8511689,-273.7821238,SW,7,6,
es6-cm279.1,MULTIPOLE,0,279.23249,26.22298836,-557.491967,-274.5979473,SW,7,6,
es6-dv279,MULTIPOLE,0,279.23249,26.22298836,-557.491967,-274.5979473,SW,7,6,
es6-cm279.1,SBEND,0.891400429,279.23249,26.22298836,-557.491967,-274.5979473,SW,7,6,
es6-dv279,SBEND,0.891400429,279.23249,26.22298836,-557.491967,-274.5979473,SW,7,6,
es6-cm279.2,MULTIPOLE,0,279.49089,26.24679139,-557.3874393,-274.8342621,SW,7,6,
es6-dt279,MULTIPOLE,0,279.49089,26.24679139,-557.3874393,-274.8342621,SW,7,6,
es6-cm279.2,DRIFT,0.258400373,279.49089,26.24679139,-557.3874393,-274.8342621,SW,7,6,
es6-dt279,DRIFT,0.258400373,279.49089,26.24679139,-557.3874393,-274.8342621,SW,7,6,
es6-cm282,MULTIPOLE,0,282.21696,26.49791284,-556.2717534,-277.3215648,SW,7,6,
es6-dv282,MULTIPOLE,0,282.21696,26.49791284,-556.2717534,-277.3215648,SW,7,6,
es6-cm282,SBEND,2.726077105,282.21696,26.49791284,-556.2717534,-277.3215648,SW,7,6,
es6-dv282,SBEND,2.726077105,282.21696,26.49791284,-556.2717534,-277.3215648,SW,7,6,
es6-dt283.1,DRIFT,0.374783751,282.59175,26.53243757,-556.116592,-277.6627213,SW,7,6,
es6-ks283,HKICKER,0.2,282.79175,26.55086078,-556.0337914,-277.8447765,SW,7,6,
es6-dt283.2,DRIFT,0.064,282.85575,26.55675611,-556.0072953,-277.9030341,SW,7,6,
es6-q283,QUADRUPOLE,0.5,283.23075,26.59129818,-555.8520443,-278.2443875,SW,7,6,
es6-dt284.1,DRIFT,0.156,283.51175,26.61718068,-555.7357096,-278.500175,SW,7,6,
es6-sx284.1,SEXTUPOLE,0.24,283.75175,26.63928604,-555.6363489,-278.7186411,SW,7,6,
es6-dt284.2,DRIFT,0.104,283.85575,26.64886483,-555.5932927,-278.8133098,SW,7,6,
es6-sx284.2,SEXTUPOLE,0.24,284.09575,26.67096925,-555.493932,-279.031776,SW,7,6,
es6-cm285,MULTIPOLE,0,284.59575,26.71701801,-555.2869307,-279.4869138,SW,7,6,
es6-dt285,MULTIPOLE,0,284.59575,26.71701801,-555.2869307,-279.4869138,SW,7,6,
es6-cm285,DRIFT,0.5,284.59575,26.71701801,-555.2869307,-279.4869138,SW,7,6,
es6-dt285,DRIFT,0.5,284.59575,26.71701801,-555.2869307,-279.4869138,SW,7,6,
es6-cm287,MULTIPOLE,0,287.32182,26.9680827,-554.1454512,-281.9624852,SW,7,6,
es6-dv287,MULTIPOLE,0,287.32182,26.9680827,-554.1454512,-281.9624852,SW,7,6,
es6-cm287,SBEND,2.726077105,287.32182,26.9680827,-554.1454512,-281.9624852,SW,7,6,
es6-dv287,SBEND,2.726077105,287.32182,26.9680827,-554.1454512,-281.9624852,SW,7,6,
es6-cm288.1,MULTIPOLE,0,287.58022,26.99188106,-554.0360336,-282.1965761,SW,7,6,
es6-dt288,MULTIPOLE,0,287.58022,26.99188106,-554.0360336,-282.1965761,SW,7,6,
es6-cm288.1,DRIFT,0.258400373,287.58022,26.99188106,-554.0360336,-282.1965761,SW,7,6,
es6-dt288,DRIFT,0.258400373,287.58022,26.99188106,-554.0360336,-282.1965761,SW,7,6,
es6-cm288.2,MULTIPOLE,0,288.47162,27.07397756,-553.6572056,-283.0034735,SW,7,6,
es6-dv288,MULTIPOLE,0,288.47162,27.07397756,-553.6572056,-283.0034735,SW,7,6,
es6-cm288.2,SBEND,0.891400429,288.47162,27.07397756,-553.6572056,-283.0034735,SW,7,6,
es6-dv288,SBEND,0.891400429,288.47162,27.07397756,-553.6572056,-283.0034735,SW,7,6,
es6-cm289,MULTIPOLE,0,288.73003,27.09777569,-553.5469931,-283.2371911,SW,7,6,
es6-dt289,MULTIPOLE,0,288.73003,27.09777569,-553.5469931,-283.2371911,SW,7,6,
es6-cm289,DRIFT,0.258400373,288.73003,27.09777569,-553.5469931,-283.2371911,SW,7,6,
es6-dt289,DRIFT,0.258400373,288.73003,27.09777569,-553.5469931,-283.2371911,SW,7,6,
es6-cm291,MULTIPOLE,0,291.4561,27.34884452,-552.3714765,-285.6967826,SW,7,6,
es6-dv291,MULTIPOLE,0,291.4561,27.34884452,-552.3714765,-285.6967826,SW,7,6,
es6-cm291,SBEND,2.726077105,291.4561,27.34884452,-552.3714765,-285.6967826,SW,7,6,
es6-dv291,SBEND,2.726077105,291.4561,27.34884452,-552.3714765,-285.6967826,SW,7,6,
es6-dt292.1,DRIFT,0.374783751,291.83089,27.38336196,-552.2081094,-286.0340867,SW,7,6,
es6-ks292,VKICKER,0.2,292.03089,27.40178142,-552.12093,-286.214086,SW,7,6,
es6-dt292.2,DRIFT,0.064,292.09489,27.40767559,-552.0930326,-286.2716858,SW,7,6,
es6-q292,QUADRUPOLE,0.5,292.46989,27.44221101,-551.9295711,-286.6091845,SW,7,6,
es6-dt293,DRIFT,0.163,292.75789,27.46873343,-551.8040328,-286.8683835,SW,7,6,
es6-sx293,SEXTUPOLE,0.57,293.32789,27.52122366,-551.5555714,-287.3813815,SW,7,6,
es6-cm294,MULTIPOLE,0,293.83489,27.56790997,-551.3345716,-287.8376797,SW,7,6,
es6-dt294,MULTIPOLE,0,293.83489,27.56790997,-551.3345716,-287.8376797,SW,7,6,
es6-cm294,DRIFT,0.507,293.83489,27.56790997,-551.3345716,-287.8376797,SW,7,6,
es6-dt294,DRIFT,0.507,293.83489,27.56790997,-551.3345716,-287.8376797,SW,7,6,
es6-cm297.1,MULTIPOLE,0,296.56096,27.8189362,-550.1335527,-290.2849196,SW,7,6,
es6-dv297,MULTIPOLE,0,296.56096,27.8189362,-550.1335527,-290.2849196,SW,7,6,
es6-cm297.1,SBEND,2.726077105,296.56096,27.8189362,-550.1335527,-290.2849196,SW,7,6,
es6-dv297,SBEND,2.726077105,296.56096,27.8189362,-550.1335527,-290.2849196,SW,7,6,
es6-cm297.2,MULTIPOLE,0,296.81936,27.84273083,-550.0185055,-290.5162957,SW,7,6,
es6-dt297,MULTIPOLE,0,296.81936,27.84273083,-550.0185055,-290.5162957,SW,7,6,
es6-cm297.2,DRIFT,0.258400373,296.81936,27.84273083,-550.0185055,-290.5162957,SW,7,6,
es6-dt297,DRIFT,0.258400373,296.81936,27.84273083,-550.0185055,-290.5162957,SW,7,6,
es6-cm298.1,MULTIPOLE,0,297.71076,27.92481456,-549.620273,-291.3137948,SW,7,6,
es6-dv298,MULTIPOLE,0,297.71076,27.92481456,-549.620273,-291.3137948,SW,7,6,
es6-cm298.1,SBEND,0.891400429,297.71076,27.92481456,-549.620273,-291.3137948,SW,7,6,
es6-dv298,SBEND,0.891400429,297.71076,27.92481456,-549.620273,-291.3137948,SW,7,6,
es6-cm298.2,MULTIPOLE,0,297.96916,27.94860902,-549.5044401,-291.5447785,SW,7,6,
es6-dt298,MULTIPOLE,0,297.96916,27.94860902,-549.5044401,-291.5447785,SW,7,6,
es6-cm298.2,DRIFT,0.258400373,297.96916,27.94860902,-549.5044401,-291.5447785,SW,7,6,
es6-dt298,DRIFT,0.258400373,297.96916,27.94860902,-549.5044401,-291.5447785,SW,7,6,
es6-cm301,MULTIPOLE,0,300.69524,28.19963823,-548.2697806,-293.97522,SW,7,6,
es6-dv301,MULTIPOLE,0,300.69524,28.19963823,-548.2697806,-293.97522,SW,7,6,
es6-cm301,SBEND,2.726077105,300.69524,28.19963823,-548.2697806,-293.97522,SW,7,6,
es6-dv301,SBEND,2.726077105,300.69524,28.19963823,-548.2697806,-293.97522,SW,7,6,
es6-dt301.1,DRIFT,0.374783751,301.07003,28.23415015,-548.0983034,-294.3084742,SW,7,6,
es6-ks301,HKICKER,0.2,301.27003,28.25256683,-548.0067961,-294.4863124,SW,7,6,
es6-dt301.2,DRIFT,0.064,301.33403,28.25846013,-547.9775137,-294.5432206,SW,7,6,
es6-q302,QUADRUPOLE,0.5,301.70903,28.2929907,-547.8059375,-294.8766672,SW,7,6,
es6-dt302.1,DRIFT,0.156,301.99003,28.3188651,-547.6773697,-295.1265298,SW,7,6,
es6-sx302,SEXTUPOLE,0.24,302.23003,28.34096388,-547.5675609,-295.3399356,SW,7,6,
es6-dt302.2,DRIFT,0.104,302.33403,28.35053992,-547.5199771,-295.4324114,SW,7,6,
es6-sx303,SEXTUPOLE,0.24,302.57403,28.37263823,-547.4101684,-295.6458172,SW,7,6,
es6-cm303,MULTIPOLE,0,303.07403,28.41867526,-547.1814001,-296.0904126,SW,7,6,
es6-dt303,MULTIPOLE,0,303.07403,28.41867526,-547.1814001,-296.0904126,SW,7,6,
es6-cm303,DRIFT,0.5,303.07403,28.41867526,-547.1814001,-296.0904126,SW,7,6,
es6-dt303,DRIFT,0.5,303.07403,28.41867526,-547.1814001,-296.0904126,SW,7,6,
es6-cm306.1,MULTIPOLE,0,305.8001,28.669676,-545.9215445,-298.5078893,SW,7,6,
es6-dv306,MULTIPOLE,0,305.8001,28.669676,-545.9215445,-298.5078893,SW,7,6,
es6-cm306.1,SBEND,2.726077105,305.8001,28.669676,-545.9215445,-298.5078893,SW,7,6,
es6-dv306,SBEND,2.726077105,305.8001,28.669676,-545.9215445,-298.5078893,SW,7,6,
es6-cm306.2,MULTIPOLE,0,306.0585,28.69346812,-545.800935,-298.7364152,SW,7,6,
es6-dt306,MULTIPOLE,0,306.0585,28.69346812,-545.800935,-298.7364152,SW,7,6,
es6-cm306.2,DRIFT,0.258400373,306.0585,28.69346812,-545.800935,-298.7364152,SW,7,6,
es6-dt306,DRIFT,0.258400373,306.0585,28.69346812,-545.800935,-298.7364152,SW,7,6,
es6-cm307.1,MULTIPOLE,0,306.9499,28.77554332,-545.3835309,-299.5240495,SW,7,6,
es6-dv307,MULTIPOLE,0,306.9499,28.77554332,-545.3835309,-299.5240495,SW,7,6,
es6-cm307.1,SBEND,0.891400429,306.9499,28.77554332,-545.3835309,-299.5240495,SW,7,6,
es6-dv307,SBEND,0.891400429,306.9499,28.77554332,-545.3835309,-299.5240495,SW,7,6,
es6-cm307.2,MULTIPOLE,0,307.2083,28.79933534,-545.2621454,-299.7521642,SW,7,6,
es6-dt307,MULTIPOLE,0,307.2083,28.79933534,-545.2621454,-299.7521642,SW,7,6,
es6-cm307.2,DRIFT,0.258400373,307.2083,28.79933534,-545.2621454,-299.7521642,SW,7,6,
es6-dt307,DRIFT,0.258400373,307.2083,28.79933534,-545.2621454,-299.7521642,SW,7,6,
es6-cm310,MULTIPOLE,0,309.93438,29.05033788,-543.9690653,-302.1520336,SW,7,6,
es6-dv310,MULTIPOLE,0,309.93438,29.05033788,-543.9690653,-302.1520336,SW,7,6,
es6-cm310,SBEND,2.726077105,309.93438,29.05033788,-543.9690653,-302.1520336,SW,7,6,
es6-dv310,SBEND,2.726077105,309.93438,29.05033788,-543.9690653,-302.1520336,SW,7,6,
es6-dt310,DRIFT,0.374783751,310.30916,29.08484606,-543.7895783,-302.4810431,SW,7,6,
es6-ks311,VKICKER,0.2,310.50916,29.10326091,-543.6937966,-302.6566161,SW,7,6,
es6-dt311.1,DRIFT,0.064,310.57316,29.10915364,-543.6631465,-302.7127995,SW,7,6,
es6-q311,QUADRUPOLE,0.5,310.94816,29.14368113,-543.4835558,-303.0419988,SW,7,6,
es6-dt311.2,DRIFT,0.163,311.23616,29.17019799,-543.3456302,-303.2948239,SW,7,6,
es6-sx312,SEXTUPOLE,0.57,311.80616,29.22267856,-543.0726524,-303.7952069,SW,7,6,
es6-cm312,MULTIPOLE,0,312.31316,29.26935779,-542.8298459,-304.2402844,SW,7,6,
es6-dt312,MULTIPOLE,0,312.31316,29.26935779,-542.8298459,-304.2402844,SW,7,6,
es6-cm312,DRIFT,0.507,312.31316,29.26935779,-542.8298459,-304.2402844,SW,7,6,
es6-dt312,DRIFT,0.507,312.31316,29.26935779,-542.8298459,-304.2402844,SW,7,6,
es6-cm315.1,MULTIPOLE,0,315.03924,29.52034595,-541.5118906,-306.6265835,SW,7,6,
es6-dv315,MULTIPOLE,0,315.03924,29.52034595,-541.5118906,-306.6265835,SW,7,6,
es6-cm315.1,SBEND,2.726077105,315.03924,29.52034595,-541.5118906,-306.6265835,SW,7,6,
es6-dv315,SBEND,2.726077105,315.03924,29.52034595,-541.5118906,-306.6265835,SW,7,6,
es6-cm315.2,MULTIPOLE,0,315.29764,29.54413679,-541.3857894,-306.8521255,SW,7,6,
es6-dt315,MULTIPOLE,0,315.29764,29.54413679,-541.3857894,-306.8521255,SW,7,6,
es6-cm315.2,DRIFT,0.258400373,315.29764,29.54413679,-541.3857894,-306.8521255,SW,7,6,
es6-dt315,DRIFT,0.258400373,315.29764,29.54413679,-541.3857894,-306.8521255,SW,7,6,
es6-cm316.1,MULTIPOLE,0,316.18904,29.62620769,-540.949458,-307.6294343,SW,7,6,
es6-dv316,MULTIPOLE,0,316.18904,29.62620769,-540.949458,-307.6294343,SW,7,6,
es6-cm316.1,SBEND,0.891400429,316.18904,29.62620769,-540.949458,-307.6294343,SW,7,6,
es6-dv316,SBEND,0.891400429,316.18904,29.62620769,-540.949458,-307.6294343,SW,7,6,
es6-cm316.2,MULTIPOLE,0,316.44744,29.6499985,-540.8225908,-307.8545464,SW,7,6,
es6-dt316,MULTIPOLE,0,316.44744,29.6499985,-540.8225908,-307.8545464,SW,7,6,
es6-cm316.2,DRIFT,0.258400373,316.44744,29.6499985,-540.8225908,-307.8545464,SW,7,6,
es6-dt316,DRIFT,0.258400373,316.44744,29.6499985,-540.8225908,-307.8545464,SW,7,6,
es6-cm319,MULTIPOLE,0,319.17352,29.90098728,-539.4718467,-310.22244,SW,7,6,
es6-dv319,MULTIPOLE,0,319.17352,29.90098728,-539.4718467,-310.22244,SW,7,6,
es6-cm319,SBEND,2.726077105,319.17352,29.90098728,-539.4718467,-310.22244,SW,7,6,
es6-dv319,SBEND,2.726077105,319.17352,29.90098728,-539.4718467,-310.22244,SW,7,6,
es6-dt320.1,DRIFT,0.374783751,319.5483,29.9354935,-539.2844548,-310.5470122,SW,7,6,
es6-ks320,HKICKER,0.2,319.7483,29.95390746,-539.1844548,-310.7202173,SW,7,6,
es6-dt320.2,DRIFT,0.064,319.8123,29.95979993,-539.1524548,-310.7756429,SW,7,6,
es6-q0,QUADRUPOLE,0.5,320.1873,29.99432612,-538.9649548,-311.1004025,SW,7,6,
es7-dt320,DRIFT,0.156,320.4683,30.02019776,-538.8244548,-311.3437556,SW,7,7,
es7-sx319.1,SEXTUPOLE,0.24,320.7083,30.04229452,-538.7044548,-311.5516017,SW,7,7,
es7-dt319,DRIFT,0.104,320.8123,30.05186978,-538.6524548,-311.6416683,SW,7,7,
es7-sx319.2,SEXTUPOLE,0.24,321.0523,30.07396653,-538.5324548,-311.8495144,SW,7,7,
es7-cm318,MULTIPOLE,0,321.5523,30.12000133,-538.2824548,-312.2825271,SW,7,7,
es7-dt318,MULTIPOLE,0,321.5523,30.12000133,-538.2824548,-312.2825271,SW,7,7,
es7-cm318,DRIFT,0.5,321.5523,30.12000133,-538.2824548,-312.2825271,SW,7,7,
es7-dt318,DRIFT,0.5,321.5523,30.12000133,-538.2824548,-312.2825271,SW,7,7,
es7-cm316,MULTIPOLE,0,324.27838,30.37098983,-536.9071709,-314.6362526,SW,7,7,
es7-dv316,MULTIPOLE,0,324.27838,30.37098983,-536.9071709,-314.6362526,SW,7,7,
es7-cm316,SBEND,2.726077105,324.27838,30.37098983,-536.9071709,-314.6362526,SW,7,7,
es7-dv316,SBEND,2.726077105,324.27838,30.37098983,-536.9071709,-314.6362526,SW,7,7,
es7-cm315.1,MULTIPOLE,0,324.53678,30.39478062,-536.7756517,-314.8586789,SW,7,7,
es7-dt315,MULTIPOLE,0,324.53678,30.39478062,-536.7756517,-314.8586789,SW,7,7,
es7-cm315.1,DRIFT,0.258400373,324.53678,30.39478062,-536.7756517,-314.8586789,SW,7,7,
es7-dt315,DRIFT,0.258400373,324.53678,30.39478062,-536.7756517,-314.8586789,SW,7,7,
es7-cm315.2,MULTIPOLE,0,325.42818,30.47685143,-536.3206482,-315.6252073,SW,7,7,
es7-dv315,MULTIPOLE,0,325.42818,30.47685143,-536.3206482,-315.6252073,SW,7,7,
es7-cm315.2,SBEND,0.891400429,325.42818,30.47685143,-536.3206482,-315.6252073,SW,7,7,
es7-dv315,SBEND,0.891400429,325.42818,30.47685143,-536.3206482,-315.6252073,SW,7,7,
es7-cm314,MULTIPOLE,0,325.68658,30.50064225,-536.1883737,-315.8471852,SW,7,7,
es7-dt314,MULTIPOLE,0,325.68658,30.50064225,-536.1883737,-315.8471852,SW,7,7,
es7-cm314,DRIFT,0.258400373,325.68658,30.50064225,-536.1883737,-315.8471852,SW,7,7,
es7-dt314,DRIFT,0.258400373,325.68658,30.50064225,-536.1883737,-315.8471852,SW,7,7,
es7-cm312,MULTIPOLE,0,328.41266,30.75163018,-534.7807557,-318.1817175,SW,7,7,
es7-dv312,MULTIPOLE,0,328.41266,30.75163018,-534.7807557,-318.1817175,SW,7,7,
es7-cm312,SBEND,2.726077105,328.41266,30.75163018,-534.7807557,-318.1817175,SW,7,7,
es7-dv312,SBEND,2.726077105,328.41266,30.75163018,-534.7807557,-318.1817175,SW,7,7,
es7-dt311.1,DRIFT,0.374783751,328.78744,30.78613622,-534.5855687,-318.5016626,SW,7,7,
es7-ks311,VKICKER,0.2,328.98744,30.80455024,-534.4814088,-318.6723985,SW,7,7,
es7-dt311.2,DRIFT,0.064,329.05144,30.81044275,-534.4480777,-318.727034,SW,7,7,
es7-q311,QUADRUPOLE,0.5,329.42644,30.84496942,-534.252778,-319.0471637,SW,7,7,
es7-dt310,DRIFT,0.163,329.71444,30.87148618,-534.1027879,-319.2930233,SW,7,7,
es7-sx310,SEXTUPOLE,0.57,330.28444,30.92396789,-533.8059324,-319.7796205,SW,7,7,
es7-cm309,MULTIPOLE,0,330.79144,30.97064965,-533.5418873,-320.2124359,SW,7,7,
es7-dt309,MULTIPOLE,0,330.79144,30.97064965,-533.5418873,-320.2124359,SW,7,7,
es7-cm309,DRIFT,0.507,330.79144,30.97064965,-533.5418873,-320.2124359,SW,7,7,
es7-dt309,DRIFT,0.507,330.79144,30.97064965,-533.5418873,-320.2124359,SW,7,7,
es7-cm306.1,MULTIPOLE,0,333.51752,31.2216514,-532.1100793,-322.5322108,SW,7,7,
es7-dv306,MULTIPOLE,0,333.51752,31.2216514,-532.1100793,-322.5322108,SW,7,7,
es7-cm306.1,SBEND,2.726077105,333.51752,31.2216514,-532.1100793,-322.5322108,SW,7,7,
es7-dv306,SBEND,2.726077105,333.51752,31.2216514,-532.1100793,-322.5322108,SW,7,7,
es7-cm306.2,MULTIPOLE,0,333.77592,31.24544336,-531.973219,-322.7513911,SW,7,7,
es7-dt306,MULTIPOLE,0,333.77592,31.24544336,-531.973219,-322.7513911,SW,7,7,
es7-cm306.2,DRIFT,0.258400373,333.77592,31.24544336,-531.973219,-322.7513911,SW,7,7,
es7-dt306,DRIFT,0.258400373,333.77592,31.24544336,-531.973219,-322.7513911,SW,7,7,
es7-cm305.1,MULTIPOLE,0,334.66732,31.3275183,-531.4998097,-323.5066908,SW,7,7,
es7-dv305,MULTIPOLE,0,334.66732,31.3275183,-531.4998097,-323.5066908,SW,7,7,
es7-cm305.1,SBEND,0.891400429,334.66732,31.3275183,-531.4998097,-323.5066908,SW,7,7,
es7-dv305,SBEND,0.891400429,334.66732,31.3275183,-531.4998097,-323.5066908,SW,7,7,
es7-cm305.2,MULTIPOLE,0,334.92572,31.35131036,-531.3622052,-323.7254046,SW,7,7,
es7-dt305,MULTIPOLE,0,334.92572,31.35131036,-531.3622052,-323.7254046,SW,7,7,
es7-cm305.2,DRIFT,0.258400373,334.92572,31.35131036,-531.3622052,-323.7254046,SW,7,7,
es7-dt305,DRIFT,0.258400373,334.92572,31.35131036,-531.3622052,-323.7254046,SW,7,7,
es7-cm302,MULTIPOLE,0,337.6518,31.60231035,-529.8985368,-326.0252099,SW,7,7,
es7-dv302,MULTIPOLE,0,337.6518,31.60231035,-529.8985368,-326.0252099,SW,7,7,
es7-cm302,SBEND,2.726077105,337.6518,31.60231035,-529.8985368,-326.0252099,SW,7,7,
es7-dv302,SBEND,2.726077105,337.6518,31.60231035,-529.8985368,-326.0252099,SW,7,7,
es7-dt302.1,DRIFT,0.374783751,338.02658,31.63681798,-529.6956688,-326.3403407,SW,7,7,
es7-ks302,HKICKER,0.2,338.22658,31.65523301,-529.5874101,-326.5085074,SW,7,7,
es7-dt302.2,DRIFT,0.064,338.29058,31.66112586,-529.5527673,-326.5623208,SW,7,7,
es7-q301,QUADRUPOLE,0.5,338.66558,31.69565479,-529.3497822,-326.8776334,SW,7,7,
es7-dt301.1,DRIFT,0.156,338.94658,31.72152898,-529.1976787,-327.1139077,SW,7,7,
es7-sx301,SEXTUPOLE,0.24,339.18658,31.74362827,-529.0677683,-327.3157078,SW,7,7,
es7-dt301.2,DRIFT,0.104,339.29058,31.75320473,-529.0114738,-327.4031545,SW,7,7,
es7-sx300,SEXTUPOLE,0.24,339.53058,31.77530446,-528.8815633,-327.6049546,SW,7,7,
es7-cm300,MULTIPOLE,0,340.03058,31.8213465,-528.6109165,-328.0253714,SW,7,7,
es7-dt300,MULTIPOLE,0,340.03058,31.8213465,-528.6109165,-328.0253714,SW,7,7,
es7-cm300,DRIFT,0.5,340.03058,31.8213465,-528.6109165,-328.0253714,SW,7,7,
es7-dt300,DRIFT,0.5,340.03058,31.8213465,-528.6109165,-328.0253714,SW,7,7,
es7-cm297.1,MULTIPOLE,0,342.75666,32.07237442,-527.1234222,-330.3098386,SW,7,7,
es7-dv297,MULTIPOLE,0,342.75666,32.07237442,-527.1234222,-330.3098386,SW,7,7,
es7-cm297.1,SBEND,2.726077105,342.75666,32.07237442,-527.1234222,-330.3098386,SW,7,7,
es7-dv297,SBEND,2.726077105,342.75666,32.07237442,-527.1234222,-330.3098386,SW,7,7,
es7-cm297.2,MULTIPOLE,0,343.01506,32.09616877,-526.9813009,-330.5256447,SW,7,7,
es7-dt297,MULTIPOLE,0,343.01506,32.09616877,-526.9813009,-330.5256447,SW,7,7,
es7-cm297.2,DRIFT,0.258400373,343.01506,32.09616877,-526.9813009,-330.5256447,SW,7,7,
es7-dt297,DRIFT,0.258400373,343.01506,32.09616877,-526.9813009,-330.5256447,SW,7,7,
es7-cm296.1,MULTIPOLE,0,343.90646,32.17825208,-526.4897627,-331.2692737,SW,7,7,
es7-dv296,MULTIPOLE,0,343.90646,32.17825208,-526.4897627,-331.2692737,SW,7,7,
es7-cm296.1,SBEND,0.891400429,343.90646,32.17825208,-526.4897627,-331.2692737,SW,7,7,
es7-dv296,SBEND,0.891400429,343.90646,32.17825208,-526.4897627,-331.2692737,SW,7,7,
es7-cm296.2,MULTIPOLE,0,344.16486,32.20204659,-526.3469087,-331.4845956,SW,7,7,
es7-dt296,MULTIPOLE,0,344.16486,32.20204659,-526.3469087,-331.4845956,SW,7,7,
es7-cm296.2,DRIFT,0.258400373,344.16486,32.20204659,-526.3469087,-331.4845956,SW,7,7,
es7-dt296,DRIFT,0.258400373,344.16486,32.20204659,-526.3469087,-331.4845956,SW,7,7,
es7-cm293,MULTIPOLE,0,346.89094,32.45307158,-524.8280462,-333.7483284,SW,7,7,
es7-dv293,MULTIPOLE,0,346.89094,32.45307158,-524.8280462,-333.7483284,SW,7,7,
es7-cm293,SBEND,2.726077105,346.89094,32.45307158,-524.8280462,-333.7483284,SW,7,7,
es7-dv293,SBEND,2.726077105,346.89094,32.45307158,-524.8280462,-333.7483284,SW,7,7,
es7-dt293,DRIFT,0.374783751,347.26572,32.48758257,-524.6176159,-334.0584605,SW,7,7,
es7-ks293,VKICKER,0.2,347.46572,32.50599955,-524.5053217,-334.2239598,SW,7,7,
es7-dt292.1,DRIFT,0.064,347.52972,32.51189306,-524.4693875,-334.2769195,SW,7,7,
es7-q292,QUADRUPOLE,0.5,347.90472,32.54642602,-524.2588358,-334.5872306,SW,7,7,
es7-dt292.2,DRIFT,0.163,348.19272,32.57294813,-524.097132,-334.8255495,SW,7,7,
es7-sx291,SEXTUPOLE,0.57,348.76272,32.62544179,-523.7770934,-335.2972224,SW,7,7,
es7-cm291,MULTIPOLE,0,349.26972,32.67213569,-523.4924274,-335.7167629,SW,7,7,
es7-dt291,MULTIPOLE,0,349.26972,32.67213569,-523.4924274,-335.7167629,SW,7,7,
es7-cm291,DRIFT,0.507,349.26972,32.67213569,-523.4924274,-335.7167629,SW,7,7,
es7-dt291,DRIFT,0.507,349.26972,32.67213569,-523.4924274,-335.7167629,SW,7,7,
es7-cm288.1,MULTIPOLE,0,351.9958,32.92320273,-521.950117,-337.9645859,SW,7,7,
es7-dv288,MULTIPOLE,0,351.9958,32.92320273,-521.950117,-337.9645859,SW,7,7,
es7-cm288.1,SBEND,2.726077105,351.9958,32.92320273,-521.950117,-337.9645859,SW,7,7,
es7-dv288,SBEND,2.726077105,351.9958,32.92320273,-521.950117,-337.9645859,SW,7,7,
es7-cm288.2,MULTIPOLE,0,352.2542,32.9470007,-521.8028178,-338.1768916,SW,7,7,
es7-dt288,MULTIPOLE,0,352.2542,32.9470007,-521.8028178,-338.1768916,SW,7,7,
es7-cm288.2,DRIFT,0.258400373,352.2542,32.9470007,-521.8028178,-338.1768916,SW,7,7,
es7-dt288,DRIFT,0.258400373,352.2542,32.9470007,-521.8028178,-338.1768916,SW,7,7,
es7-cm287.1,MULTIPOLE,0,353.1456,33.02909661,-521.2934383,-338.9084149,SW,7,7,
es7-dv287,MULTIPOLE,0,353.1456,33.02909661,-521.2934383,-338.9084149,SW,7,7,
es7-cm287.1,SBEND,0.891400429,353.1456,33.02909661,-521.2934383,-338.9084149,SW,7,7,
es7-dv287,SBEND,0.891400429,353.1456,33.02909661,-521.2934383,-338.9084149,SW,7,7,
es7-cm287.2,MULTIPOLE,0,353.404,33.0528948,-521.1454184,-339.1202188,SW,7,7,
es7-dt287,MULTIPOLE,0,353.404,33.0528948,-521.1454184,-339.1202188,SW,7,7,
es7-cm287.2,DRIFT,0.258400373,353.404,33.0528948,-521.1454184,-339.1202188,SW,7,7,
es7-dt287,DRIFT,0.258400373,353.404,33.0528948,-521.1454184,-339.1202188,SW,7,7,
es7-cm284,MULTIPOLE,0,356.13008,33.30395774,-519.5722504,-341.3465547,SW,7,7,
es7-dv284,MULTIPOLE,0,356.13008,33.30395774,-519.5722504,-341.3465547,SW,7,7,
es7-cm284,SBEND,2.726077105,356.13008,33.30395774,-519.5722504,-341.3465547,SW,7,7,
es7-dv284,SBEND,2.726077105,356.13008,33.30395774,-519.5722504,-341.3465547,SW,7,7,
es7-dt283.1,DRIFT,0.374783751,356.50486,33.33847388,-519.3543809,-341.6515068,SW,7,7,
es7-ks283,HKICKER,0.2,356.70486,33.35689377,-519.2381168,-341.8142417,SW,7,7,
es7-dt283.2,DRIFT,0.064,356.76886,33.36278823,-519.2009122,-341.8663169,SW,7,7,
es7-q283,QUADRUPOLE,0.5,357.14386,33.39732701,-518.982917,-342.1714449,SW,7,7,
es7-dt283.3,DRIFT,0.156,357.42486,33.42320909,-518.819566,-342.4000874,SW,7,7,
es7-sx282.1,SEXTUPOLE,0.24,357.66486,33.44531546,-518.680049,-342.5953693,SW,7,7,
es7-dt282,DRIFT,0.104,357.76886,33.45489509,-518.6195917,-342.6799915,SW,7,7,
es7-sx282.2,SEXTUPOLE,0.24,358.00886,33.47700236,-518.4800747,-342.8752734,SW,7,7,
es7-cm281,MULTIPOLE,0,358.50886,33.52306114,-518.1894145,-343.2821107,SW,7,7,
es7-dt281,MULTIPOLE,0,358.50886,33.52306114,-518.1894145,-343.2821107,SW,7,7,
es7-cm281,DRIFT,0.5,358.50886,33.52306114,-518.1894145,-343.2821107,SW,7,7,
es7-dt281,DRIFT,0.5,358.50886,33.52306114,-518.1894145,-343.2821107,SW,7,7,
es7-cm279.1,MULTIPOLE,0,361.23494,33.77418028,-516.5931901,-345.4919744,SW,7,7,
es7-dv279,MULTIPOLE,0,361.23494,33.77418028,-516.5931901,-345.4919744,SW,7,7,
es7-cm279.1,SBEND,2.726077105,361.23494,33.77418028,-516.5931901,-345.4919744,SW,7,7,
es7-dv279,SBEND,2.726077105,361.23494,33.77418028,-516.5931901,-345.4919744,SW,7,7,
es7-cm279.2,MULTIPOLE,0,361.49334,33.79798309,-516.4407993,-345.7006555,SW,7,7,
es7-dt279,MULTIPOLE,0,361.49334,33.79798309,-516.4407993,-345.7006555,SW,7,7,
es7-cm279.2,DRIFT,0.258400373,361.49334,33.79798309,-516.4407993,-345.7006555,SW,7,7,
es7-dt279,DRIFT,0.258400373,361.49334,33.79798309,-516.4407993,-345.7006555,SW,7,7,
es7-cm278,MULTIPOLE,0,362.38474,33.88009585,-515.9138764,-346.4196452,SW,7,7,
es7-dv278,MULTIPOLE,0,362.38474,33.88009585,-515.9138764,-346.4196452,SW,7,7,
es7-cm278,SBEND,0.891400429,362.38474,33.88009585,-515.9138764,-346.4196452,SW,7,7,
es7-dv278,SBEND,0.891400429,362.38474,33.88009585,-515.9138764,-346.4196452,SW,7,7,
es7-cm277,MULTIPOLE,0,362.64314,33.90389897,-515.7607772,-346.6278071,SW,7,7,
es7-dt277,MULTIPOLE,0,362.64314,33.90389897,-515.7607772,-346.6278071,SW,7,7,
es7-cm277,DRIFT,0.258400373,362.64314,33.90389897,-515.7607772,-346.6278071,SW,7,7,
es7-dt277,DRIFT,0.258400373,362.64314,33.90389897,-515.7607772,-346.6278071,SW,7,7,
es7-cm275,MULTIPOLE,0,365.36922,34.15501285,-514.134224,-348.8154438,SW,7,7,
es7-dv275,MULTIPOLE,0,365.36922,34.15501285,-514.134224,-348.8154438,SW,7,7,
es7-cm275,SBEND,2.726077105,365.36922,34.15501285,-514.134224,-348.8154438,SW,7,7,
es7-dv275,SBEND,2.726077105,365.36922,34.15501285,-514.134224,-348.8154438,SW,7,7,
es7-dt274.1,DRIFT,0.374783751,365.744,34.18953593,-513.9090428,-349.1150373,SW,7,7,
es7-ks274,VKICKER,0.2,365.944,34.20795968,-513.7888769,-349.2749127,SW,7,7,
es7-dt274.2,DRIFT,0.064,366.008,34.2138554,-513.7504238,-349.3260728,SW,7,7,
es7-q274,QUADRUPOLE,0.5,366.383,34.24840178,-513.5251126,-349.6258392,SW,7,7,
es7-dt273,DRIFT,0.163,366.671,34.27493473,-513.3520736,-349.8560598,SW,7,7,
es7-sx273,SEXTUPOLE,0.57,367.241,34.3274512,-513.0096007,-350.3117047,SW,7,7,
es7-cm272,MULTIPOLE,0,367.748,34.3741669,-512.70498,-350.7169888,SW,7,7,
es7-dt272,MULTIPOLE,0,367.748,34.3741669,-512.70498,-350.7169888,SW,7,7,
es7-cm272,DRIFT,0.507,367.748,34.3741669,-512.70498,-350.7169888,SW,7,7,
es7-dt272,DRIFT,0.507,367.748,34.3741669,-512.70498,-350.7169888,SW,7,7,
es7-cm270,MULTIPOLE,0,370.47408,34.62535117,-511.0557756,-352.8876004,SW,7,7,
es7-dv270,MULTIPOLE,0,370.47408,34.62535117,-511.0557756,-352.8876004,SW,7,7,
es7-cm270,SBEND,2.726077105,370.47408,34.62535117,-511.0557756,-352.8876004,SW,7,7,
es7-dv270,SBEND,2.726077105,370.47408,34.62535117,-511.0557756,-352.8876004,SW,7,7,
es7-cm269,MULTIPOLE,0,370.73248,34.64916008,-510.8983823,-353.0925348,SW,7,7,
es7-dt269,MULTIPOLE,0,370.73248,34.64916008,-510.8983823,-353.0925348,SW,7,7,
es7-cm269,DRIFT,0.258400373,370.73248,34.64916008,-510.8983823,-353.0925348,SW,7,7,
es7-dt269,DRIFT,0.258400373,370.73248,34.64916008,-510.8983823,-353.0925348,SW,7,7,
es7-cm268.1,MULTIPOLE,0,371.62388,34.73129395,-510.3542243,-353.7985702,SW,7,7,
es7-dv268,MULTIPOLE,0,371.62388,34.73129395,-510.3542243,-353.7985702,SW,7,7,
es7-cm268.1,SBEND,0.891400429,371.62388,34.73129395,-510.3542243,-353.7985702,SW,7,7,
es7-dv268,SBEND,0.891400429,371.62388,34.73129395,-510.3542243,-353.7985702,SW,7,7,
es7-cm268.2,MULTIPOLE,0,371.88228,34.75510322,-510.1961354,-354.0029684,SW,7,7,
es7-dt268,MULTIPOLE,0,371.88228,34.75510322,-510.1961354,-354.0029684,SW,7,7,
es7-cm268.2,DRIFT,0.258400373,371.88228,34.75510322,-510.1961354,-354.0029684,SW,7,7,
es7-dt268,DRIFT,0.258400373,371.88228,34.75510322,-510.1961354,-354.0029684,SW,7,7,
es7-cm265,MULTIPOLE,0,374.60835,35.00628111,-508.5171486,-356.150626,SW,7,7,
es7-dv265,MULTIPOLE,0,374.60835,35.00628111,-508.5171486,-356.150626,SW,7,7,
es7-cm265,SBEND,2.726077105,374.60835,35.00628111,-508.5171486,-356.150626,SW,7,7,
es7-dv265,SBEND,2.726077105,374.60835,35.00628111,-508.5171486,-356.150626,SW,7,7,
es7-dt265.1,DRIFT,0.374783751,374.98314,35.04081292,-508.2847874,-356.4446857,SW,7,7,
es7-ks265,HKICKER,0.2,375.18314,35.05924149,-508.1607899,-356.6016081,SW,7,7,
es7-dt265.2,DRIFT,0.064,375.24714,35.06513878,-508.1211107,-356.6518232,SW,7,7,
es7-q264,QUADRUPOLE,0.5,375.62214,35.09969456,-507.8886154,-356.9460526,SW,7,7,
es7-dt264.1,DRIFT,0.156,375.90314,35.1255899,-507.714399,-357.1665285,SW,7,7,
es7-sx264.1,SEXTUPOLE,0.24,376.14314,35.14770795,-507.565602,-357.3548353,SW,7,7,
es7-dt264.2,DRIFT,0.104,376.24714,35.15729273,-507.5011233,-357.4364349,SW,7,7,
es7-sx264.2,SEXTUPOLE,0.24,376.48714,35.17941213,-507.3523263,-357.6247418,SW,7,7,
es7-cm263,MULTIPOLE,0,376.98714,35.22549722,-507.0423326,-358.0170476,SW,7,7,
es7-dt263,MULTIPOLE,0,376.98714,35.22549722,-507.0423326,-358.0170476,SW,7,7,
es7-cm263,DRIFT,0.5,376.98714,35.22549722,-507.0423326,-358.0170476,SW,7,7,
es7-dt263,DRIFT,0.5,376.98714,35.22549722,-507.0423326,-358.0170476,SW,7,7,
es7-cm260.1,MULTIPOLE,0,379.71322,35.47675974,-505.3411131,-360.1471372,SW,7,7,
es7-dv260,MULTIPOLE,0,379.71322,35.47675974,-505.3411131,-360.1471372,SW,7,7,
es7-cm260.1,SBEND,2.726077105,379.71322,35.47675974,-505.3411131,-360.1471372,SW,7,7,
es7-dv260,SBEND,2.726077105,379.71322,35.47675974,-505.3411131,-360.1471372,SW,7,7,
es7-cm260.2,MULTIPOLE,0,379.97162,35.50057597,-505.1788093,-360.348205,SW,7,7,
es7-dt260,MULTIPOLE,0,379.97162,35.50057597,-505.1788093,-360.348205,SW,7,7,
es7-cm260.2,DRIFT,0.258400373,379.97162,35.50057597,-505.1788093,-360.348205,SW,7,7,
es7-dt260,DRIFT,0.258400373,379.97162,35.50057597,-505.1788093,-360.348205,SW,7,7,
es7-cm259.1,MULTIPOLE,0,380.86302,35.58273525,-504.6177346,-361.0408731,SW,7,7,
es7-dv259,MULTIPOLE,0,380.86302,35.58273525,-504.6177346,-361.0408731,SW,7,7,
es7-cm259.1,SBEND,0.891400429,380.86302,35.58273525,-504.6177346,-361.0408731,SW,7,7,
es7-dv259,SBEND,0.891400429,380.86302,35.58273525,-504.6177346,-361.0408731,SW,7,7,
es7-cm259.2,MULTIPOLE,0,381.12142,35.60655192,-504.4547484,-361.241388,SW,7,7,
es7-dt259,MULTIPOLE,0,381.12142,35.60655192,-504.4547484,-361.241388,SW,7,7,
es7-cm259.2,DRIFT,0.258400373,381.12142,35.60655192,-504.4547484,-361.241388,SW,7,7,
es7-dt259,DRIFT,0.258400373,381.12142,35.60655192,-504.4547484,-361.241388,SW,7,7,
es7-cm256,MULTIPOLE,0,383.84749,35.85780695,-502.7243103,-363.34781,SW,7,7,
es7-dv256,MULTIPOLE,0,383.84749,35.85780695,-502.7243103,-363.34781,SW,7,7,
es7-cm256,SBEND,2.726077105,383.84749,35.85780695,-502.7243103,-363.34781,SW,7,7,
es7-dv256,SBEND,2.726077105,383.84749,35.85780695,-502.7243103,-363.34781,SW,7,7,
es7-dt256.1,DRIFT,0.374783751,384.22228,35.8923493,-502.4849051,-363.6361639,SW,7,7,
es7-ks256,VKICKER,0.2,384.42228,35.91078365,-502.3571486,-363.7900414,SW,7,7,
es7-dt256.2,DRIFT,0.064,384.48628,35.91668281,-502.3162665,-363.8392822,SW,7,7,
es7-q255,QUADRUPOLE,0.5,384.86128,35.95124981,-502.0767231,-364.1278025,SW,7,7,
es7-dt255,DRIFT,0.163,385.14928,35.97779913,-501.8927538,-364.3493861,SW,7,7,
es7-sx254,SEXTUPOLE,0.57,385.71928,36.03034935,-501.5286478,-364.7879369,SW,7,7,
es7-cm254,MULTIPOLE,0,386.22628,36.0770966,-501.2047851,-365.1780164,SW,7,7,
es7-dt254,MULTIPOLE,0,386.22628,36.0770966,-501.2047851,-365.1780164,SW,7,7,
es7-cm254,DRIFT,0.507,386.22628,36.0770966,-501.2047851,-365.1780164,SW,7,7,
es7-dt254,DRIFT,0.507,386.22628,36.0770966,-501.2047851,-365.1780164,SW,7,7,
es7-cm251.1,MULTIPOLE,0,388.95235,36.32845055,-499.4525456,-367.2663378,SW,7,7,
es7-dv251,MULTIPOLE,0,388.95235,36.32845055,-499.4525456,-367.2663378,SW,7,7,
es7-cm251.1,SBEND,2.726077105,388.95235,36.32845055,-499.4525456,-367.2663378,SW,7,7,
es7-dv251,SBEND,2.726077105,388.95235,36.32845055,-499.4525456,-367.2663378,SW,7,7,
es7-cm251.2,MULTIPOLE,0,389.21075,36.35227537,-499.2854264,-367.4634213,SW,7,7,
es7-dt251,MULTIPOLE,0,389.21075,36.35227537,-499.2854264,-367.4634213,SW,7,7,
es7-cm251.2,DRIFT,0.258400373,389.21075,36.35227537,-499.2854264,-367.4634213,SW,7,7,
es7-dt251,DRIFT,0.258400373,389.21075,36.35227537,-499.2854264,-367.4634213,SW,7,7,
es7-cm250.1,MULTIPOLE,0,390.10216,36.43446436,-498.7077632,-368.1423168,SW,7,7,
es7-dv250,MULTIPOLE,0,390.10216,36.43446436,-498.7077632,-368.1423168,SW,7,7,
es7-cm250.1,SBEND,0.891400429,390.10216,36.43446436,-498.7077632,-368.1423168,SW,7,7,
es7-dv250,SBEND,0.891400429,390.10216,36.43446436,-498.7077632,-368.1423168,SW,7,7,
es7-cm250.2,MULTIPOLE,0,390.36056,36.45828968,-498.5399751,-368.3388312,SW,7,7,
es7-dt250,MULTIPOLE,0,390.36056,36.45828968,-498.5399751,-368.3388312,SW,7,7,
es7-cm250.2,DRIFT,0.258400373,390.36056,36.45828968,-498.5399751,-368.3388312,SW,7,7,
es7-dt250,DRIFT,0.258400373,390.36056,36.45828968,-498.5399751,-368.3388312,SW,7,7,
es7-cm247,MULTIPOLE,0,393.08663,36.70963507,-496.7590981,-370.4027853,SW,7,7,
es7-dv247,MULTIPOLE,0,393.08663,36.70963507,-496.7590981,-370.4027853,SW,7,7,
es7-cm247,SBEND,2.726077105,393.08663,36.70963507,-496.7590981,-370.4027853,SW,7,7,
es7-dv247,SBEND,2.726077105,393.08663,36.70963507,-496.7590981,-370.4027853,SW,7,7,
es7-dt247,DRIFT,0.374783751,393.46142,36.74418978,-496.5127888,-370.6852647,SW,7,7,
es7-ks246,HKICKER,0.2,393.66142,36.76263089,-496.3813481,-370.8360073,SW,7,7,
es7-dt246.1,DRIFT,0.064,393.72542,36.76853224,-496.3392871,-370.884245,SW,7,7,
es7-q246,QUADRUPOLE,0.5,394.10042,36.80311227,-496.0928357,-371.1668874,SW,7,7,
es7-dt246.2,DRIFT,0.156,394.38142,36.8290263,-495.9081614,-371.3786807,SW,7,7,
es7-sx245.1,SEXTUPOLE,0.24,394.62142,36.85116065,-495.7504326,-371.5595718,SW,7,7,
es7-dt245.1,DRIFT,0.104,394.72542,36.8607526,-495.6820834,-371.637958,SW,7,7,
es7-sx245.2,SEXTUPOLE,0.24,394.96542,36.88288877,-495.5243545,-371.8188491,SW,7,7,
es7-cm245,MULTIPOLE,0,395.46542,36.92900983,-495.1957527,-372.1957056,SW,7,7,
es7-dt245.2,MULTIPOLE,0,395.46542,36.92900983,-495.1957527,-372.1957056,SW,7,7,
es7-cm245,DRIFT,0.5,395.46542,36.92900983,-495.1957527,-372.1957056,SW,7,7,
es7-dt245.2,DRIFT,0.5,395.46542,36.92900983,-495.1957527,-372.1957056,SW,7,7,
es7-cm242.1,MULTIPOLE,0,398.19149,37.1804685,-493.3935184,-374.2410372,SW,7,7,
es7-dv242,MULTIPOLE,0,398.19149,37.1804685,-493.3935184,-374.2410372,SW,7,7,
es7-cm242.1,SBEND,2.726077105,398.19149,37.1804685,-493.3935184,-374.2410372,SW,7,7,
es7-dv242,SBEND,2.726077105,398.19149,37.1804685,-493.3935184,-374.2410372,SW,7,7,
es7-cm242.2,MULTIPOLE,0,398.44989,37.20430315,-493.2216815,-374.4340212,SW,7,7,
es7-dt242,MULTIPOLE,0,398.44989,37.20430315,-493.2216815,-374.4340212,SW,7,7,
es7-cm242.2,DRIFT,0.258400373,398.44989,37.20430315,-493.2216815,-374.4340212,SW,7,7,
es7-dt242,DRIFT,0.258400373,398.44989,37.20430315,-493.2216815,-374.4340212,SW,7,7,
es7-cm241,MULTIPOLE,0,399.34129,37.28652622,-492.6277677,-375.098747,SW,7,7,
es7-dv241,MULTIPOLE,0,399.34129,37.28652622,-492.6277677,-375.098747,SW,7,7,
es7-cm241,SBEND,0.891400429,399.34129,37.28652622,-492.6277677,-375.098747,SW,7,7,
es7-dv241,SBEND,0.891400429,399.34129,37.28652622,-492.6277677,-375.098747,SW,7,7,
es7-cm240,MULTIPOLE,0,399.59969,37.31036145,-492.4552759,-375.2911458,SW,7,7,
es7-dt240,MULTIPOLE,0,399.59969,37.31036145,-492.4552759,-375.2911458,SW,7,7,
es7-cm240,DRIFT,0.258400373,399.59969,37.31036145,-492.4552759,-375.2911458,SW,7,7,
es7-dt240,DRIFT,0.258400373,399.59969,37.31036145,-492.4552759,-375.2911458,SW,7,7,
es7-cm238,MULTIPOLE,0,402.32577,37.56181052,-490.6250017,-377.3114246,SW,7,7,
es7-dv238,MULTIPOLE,0,402.32577,37.56181052,-490.6250017,-377.3114246,SW,7,7,
es7-cm238,SBEND,2.726077105,402.32577,37.56181052,-490.6250017,-377.3114246,SW,7,7,
es7-dv238,SBEND,2.726077105,402.32577,37.56181052,-490.6250017,-377.3114246,SW,7,7,
es7-dt237.1,DRIFT,0.374783751,402.70056,37.59637942,-490.3719326,-377.5878642,SW,7,7,
es7-ks237,VKICKER,0.2,402.90056,37.61482827,-490.2368845,-377.7353837,SW,7,7,
es7-dt237.2,DRIFT,0.064,402.96456,37.62073211,-490.1936691,-377.78259,SW,7,7,
es7-q237,QUADRUPOLE,0.5,403.33956,37.65532702,-489.9404539,-378.0591891,SW,7,7,
es7-dt236,DRIFT,0.163,403.62756,37.6818983,-489.7459847,-378.2716172,SW,7,7,
es7-sx236,SEXTUPOLE,0.57,404.19756,37.73449337,-489.3610976,-378.6920479,SW,7,7,
es7-cm235,MULTIPOLE,0,404.70456,37.78128203,-489.0187507,-379.0660099,SW,7,7,
es7-dt235,MULTIPOLE,0,404.70456,37.78128203,-489.0187507,-379.0660099,SW,7,7,
es7-cm235,DRIFT,0.507,404.70456,37.78128203,-489.0187507,-379.0660099,SW,7,7,
es7-dt235,DRIFT,0.507,404.70456,37.78128203,-489.0187507,-379.0660099,SW,7,7,
es7-cm233,MULTIPOLE,0,407.43063,38.03285882,-487.167576,-381.067155,SW,7,7,
es7-dv233,MULTIPOLE,0,407.43063,38.03285882,-487.167576,-381.067155,SW,7,7,
es7-cm233,SBEND,2.726077105,407.43063,38.03285882,-487.167576,-381.067155,SW,7,7,
es7-dv233,SBEND,2.726077105,407.43063,38.03285882,-487.167576,-381.067155,SW,7,7,
es7-cm232,MULTIPOLE,0,407.68903,38.05670459,-486.9911219,-381.2559266,SW,7,7,
es7-dt232,MULTIPOLE,0,407.68903,38.05670459,-486.9911219,-381.2559266,SW,7,7,
es7-cm232,DRIFT,0.258400373,407.68903,38.05670459,-486.9911219,-381.2559266,SW,7,7,
es7-dt232,DRIFT,0.258400373,407.68903,38.05670459,-486.9911219,-381.2559266,SW,7,7,
es7-cm231.1,MULTIPOLE,0,408.58043,38.13896612,-486.3813051,-381.9060938,SW,7,7,
es7-dv231,MULTIPOLE,0,408.58043,38.13896612,-486.3813051,-381.9060938,SW,7,7,
es7-cm231.1,SBEND,0.891400429,408.58043,38.13896612,-486.3813051,-381.9060938,SW,7,7,
es7-dv231,SBEND,0.891400429,408.58043,38.13896612,-486.3813051,-381.9060938,SW,7,7,
es7-cm231.2,MULTIPOLE,0,408.83883,38.16281253,-486.2042104,-382.0942645,SW,7,7,
es7-dt231,MULTIPOLE,0,408.83883,38.16281253,-486.2042104,-382.0942645,SW,7,7,
es7-cm231.2,DRIFT,0.258400373,408.83883,38.16281253,-486.2042104,-382.0942645,SW,7,7,
es7-dt231,DRIFT,0.258400373,408.83883,38.16281253,-486.2042104,-382.0942645,SW,7,7,
es7-cm228,MULTIPOLE,0,411.56491,38.4143787,-484.3256099,-384.0696859,SW,7,7,
es7-dv228,MULTIPOLE,0,411.56491,38.4143787,-484.3256099,-384.0696859,SW,7,7,
es7-cm228,SBEND,2.726077105,411.56491,38.4143787,-484.3256099,-384.0696859,SW,7,7,
es7-dv228,SBEND,2.726077105,411.56491,38.4143787,-484.3256099,-384.0696859,SW,7,7,
es7-dt228.1,DRIFT,0.374783751,411.93969,38.44896365,-484.065929,-384.3399241,SW,7,7,
es7-ks228,HKICKER,0.2,412.13969,38.46742122,-483.9273525,-384.4841342,SW,7,7,
es7-dt228.2,DRIFT,0.064,412.20369,38.47332788,-483.8830081,-384.5302815,SW,7,7,
es7-q227,QUADRUPOLE,0.5,412.57869,38.50793951,-483.6231772,-384.8006755,SW,7,7,
es7-dt227.1,DRIFT,0.156,412.85969,38.53387773,-483.4284773,-385.0032908,SW,7,7,
es7-sx227.1,SEXTUPOLE,0.24,413.09969,38.5560331,-483.2621856,-385.176343,SW,7,7,
es7-dt227.2,DRIFT,0.104,413.20369,38.56563426,-483.1901258,-385.2513323,SW,7,7,
es7-sx227.2,SEXTUPOLE,0.24,413.44369,38.58779191,-483.0238341,-385.4243845,SW,7,7,
es7-cm226,MULTIPOLE,0,413.94369,38.63395875,-482.677393,-385.7849099,SW,7,7,
es7-dt226,MULTIPOLE,0,413.94369,38.63395875,-482.677393,-385.7849099,SW,7,7,
es7-cm226,DRIFT,0.5,413.94369,38.63395875,-482.677393,-385.7849099,SW,7,7,
es7-dt226,DRIFT,0.5,413.94369,38.63395875,-482.677393,-385.7849099,SW,7,7,
es7-cm223.1,MULTIPOLE,0,416.66977,38.88566717,-480.7783608,-387.7406978,SW,7,7,
es7-dv223,MULTIPOLE,0,416.66977,38.88566717,-480.7783608,-387.7406978,SW,7,7,
es7-cm223.1,SBEND,2.726077105,416.66977,38.88566717,-480.7783608,-387.7406978,SW,7,7,
es7-dv223,SBEND,2.726077105,416.66977,38.88566717,-480.7783608,-387.7406978,SW,7,7,
es7-cm223.2,MULTIPOLE,0,416.92817,38.90952533,-480.5973928,-387.9251465,SW,7,7,
es7-dt223,MULTIPOLE,0,416.92817,38.90952533,-480.5973928,-387.9251465,SW,7,7,
es7-cm223.2,DRIFT,0.258400373,416.92817,38.90952533,-480.5973928,-387.9251465,SW,7,7,
es7-dt223,DRIFT,0.258400373,416.92817,38.90952533,-480.5973928,-387.9251465,SW,7,7,
es7-cm222.1,MULTIPOLE,0,417.81957,38.99182975,-479.9720296,-388.5603747,SW,7,7,
es7-dv222,MULTIPOLE,0,417.81957,38.99182975,-479.9720296,-388.5603747,SW,7,7,
es7-cm222.1,SBEND,0.891400429,417.81957,38.99182975,-479.9720296,-388.5603747,SW,7,7,
es7-dv222,SBEND,0.891400429,417.81957,38.99182975,-479.9720296,-388.5603747,SW,7,7,
es7-cm222.2,MULTIPOLE,0,418.07797,39.01568863,-479.7904357,-388.7442072,SW,7,7,
es7-dt222,MULTIPOLE,0,418.07797,39.01568863,-479.7904357,-388.7442072,SW,7,7,
es7-cm222.2,DRIFT,0.258400373,418.07797,39.01568863,-479.7904357,-388.7442072,SW,7,7,
es7-dt222,DRIFT,0.258400373,418.07797,39.01568863,-479.7904357,-388.7442072,SW,7,7,
es7-cm219,MULTIPOLE,0,420.80405,39.26738548,-477.864608,-390.6736157,SW,7,7,
es7-dv219,MULTIPOLE,0,420.80405,39.26738548,-477.864608,-390.6736157,SW,7,7,
es7-cm219,SBEND,2.726077105,420.80405,39.26738548,-477.864608,-390.6736157,SW,7,7,
es7-dv219,SBEND,2.726077105,420.80405,39.26738548,-477.864608,-390.6736157,SW,7,7,
es7-dt219.1,DRIFT,0.374783751,421.17883,39.30198834,-477.5984671,-390.9374942,SW,7,7,
es7-ks219,VKICKER,0.2,421.37883,39.32045563,-477.4564434,-391.0783106,SW,7,7,
es7-dt219.2,DRIFT,0.064,421.44283,39.32636542,-477.4109958,-391.1233719,SW,7,7,
es7-q218,QUADRUPOLE,0.5,421.81783,39.36099565,-477.1447013,-391.3874027,SW,7,7,
es7-dt218,DRIFT,0.163,422.10583,39.38759459,-476.9401872,-391.5901783,SW,7,7,
es7-sx217,SEXTUPOLE,0.57,422.67583,39.4402458,-476.5354196,-391.9915051,SW,7,7,
es7-cm217,MULTIPOLE,0,423.18283,39.48708593,-476.1753894,-392.3484747,SW,7,7,
es7-dt217,MULTIPOLE,0,423.18283,39.48708593,-476.1753894,-392.3484747,SW,7,7,
es7-cm217,DRIFT,0.507,423.18283,39.48708593,-476.1753894,-392.3484747,SW,7,7,
es7-dt217,DRIFT,0.507,423.18283,39.48708593,-476.1753894,-392.3484747,SW,7,7,
es7-cm214.1,MULTIPOLE,0,425.90891,39.73893966,-474.2296108,-394.2577612,SW,7,7,
es7-dv214,MULTIPOLE,0,425.90891,39.73893966,-474.2296108,-394.2577612,SW,7,7,
es7-cm214.1,SBEND,2.726077105,425.90891,39.73893966,-474.2296108,-394.2577612,SW,7,7,
es7-dv214,SBEND,2.726077105,425.90891,39.73893966,-474.2296108,-394.2577612,SW,7,7,
es7-cm214.2,MULTIPOLE,0,426.16731,39.76281151,-474.0442347,-394.4377791,SW,7,7,
es7-dt214,MULTIPOLE,0,426.16731,39.76281151,-474.0442347,-394.4377791,SW,7,7,
es7-cm214.2,DRIFT,0.258400373,426.16731,39.76281151,-474.0442347,-394.4377791,SW,7,7,
es7-dt214,DRIFT,0.258400373,426.16731,39.76281151,-474.0442347,-394.4377791,SW,7,7,
es7-cm213.1,MULTIPOLE,0,427.05871,39.84516329,-473.4036911,-395.0576967,SW,7,7,
es7-dv213,MULTIPOLE,0,427.05871,39.84516329,-473.4036911,-395.0576967,SW,7,7,
es7-cm213.1,SBEND,0.891400429,427.05871,39.84516329,-473.4036911,-395.0576967,SW,7,7,
es7-dv213,SBEND,0.891400429,427.05871,39.84516329,-473.4036911,-395.0576967,SW,7,7,
es7-cm213.2,MULTIPOLE,0,427.31711,39.86903594,-473.2177042,-395.2370835,SW,7,7,
es7-dt213,MULTIPOLE,0,427.31711,39.86903594,-473.2177042,-395.2370835,SW,7,7,
es7-cm213.2,DRIFT,0.258400373,427.31711,39.86903594,-473.2177042,-395.2370835,SW,7,7,
es7-dt213,DRIFT,0.258400373,427.31711,39.86903594,-473.2177042,-395.2370835,SW,7,7,
es7-cm210,MULTIPOLE,0,430.04319,40.12087718,-471.2457758,-397.1193503,SW,7,7,
es7-dv210,MULTIPOLE,0,430.04319,40.12087718,-471.2457758,-397.1193503,SW,7,7,
es7-cm210,SBEND,2.726077105,430.04319,40.12087718,-471.2457758,-397.1193503,SW,7,7,
es7-dv210,SBEND,2.726077105,430.04319,40.12087718,-471.2457758,-397.1193503,SW,7,7,
es7-dt210,DRIFT,0.374783751,430.41797,40.15549984,-470.9733307,-397.3767148,SW,7,7,
es7-ks209,HKICKER,0.2,430.61797,40.17397785,-470.8279428,-397.5140551,SW,7,7,
es7-dt209.1,DRIFT,0.064,430.68197,40.1798911,-470.7814187,-397.558004,SW,7,7,
es7-q209,QUADRUPOLE,0.5,431.05697,40.21454182,-470.5088163,-397.8155171,SW,7,7,
es7-dt209.2,DRIFT,0.156,431.33797,40.24050984,-470.3045463,-398.0084802,SW,7,7,
es7-sx208.1,SEXTUPOLE,0.24,431.57797,40.26269103,-470.1300808,-398.1732885,SW,7,7,
es7-dt208.1,DRIFT,0.104,431.68197,40.27230347,-470.0544791,-398.2447055,SW,7,7,
es7-sx208.2,SEXTUPOLE,0.24,431.92197,40.2944874,-469.8800136,-398.4095138,SW,7,7,
es7-cm208,MULTIPOLE,0,432.42197,40.34071005,-469.5165439,-398.7528646,SW,7,7,
es7-dt208.2,MULTIPOLE,0,432.42197,40.34071005,-469.5165439,-398.7528646,SW,7,7,
es7-cm208,DRIFT,0.5,432.42197,40.34071005,-469.5165439,-398.7528646,SW,7,7,
es7-dt208.2,DRIFT,0.5,432.42197,40.34071005,-469.5165439,-398.7528646,SW,7,7,
es7-cm205.1,MULTIPOLE,0,435.14807,40.59270775,-467.524046,-400.6133663,SW,7,7,
es7-dv205,MULTIPOLE,0,435.14807,40.59270775,-467.524046,-400.6133663,SW,7,7,
es7-cm205.1,SBEND,2.726095634,435.14807,40.59270775,-467.524046,-400.6133663,SW,7,7,
es7-dv205,SBEND,2.726095634,435.14807,40.59270775,-467.524046,-400.6133663,SW,7,7,
es7-cm205.2,MULTIPOLE,0,435.40647,40.61659139,-467.334163,-400.7886239,SW,7,7,
es7-dt205,MULTIPOLE,0,435.40647,40.61659139,-467.334163,-400.7886239,SW,7,7,
es7-cm205.2,DRIFT,0.258400463,435.40647,40.61659139,-467.334163,-400.7886239,SW,7,7,
es7-dt205,DRIFT,0.258400463,435.40647,40.61659139,-467.334163,-400.7886239,SW,7,7,
es7-cm204,MULTIPOLE,0,436.29787,40.69898208,-466.6779834,-401.3919665,SW,7,7,
es7-dv204,MULTIPOLE,0,436.29787,40.69898208,-466.6779834,-401.3919665,SW,7,7,
es7-cm204,SBEND,0.891400532,436.29787,40.69898208,-466.6779834,-401.3919665,SW,7,7,
es7-dv204,SBEND,0.891400532,436.29787,40.69898208,-466.6779834,-401.3919665,SW,7,7,
es7-cm203,MULTIPOLE,0,436.55627,40.7228655,-466.4874383,-401.5665041,SW,7,7,
es7-dt203,MULTIPOLE,0,436.55627,40.7228655,-466.4874383,-401.5665041,SW,7,7,
es7-cm203,DRIFT,0.258400463,436.55627,40.7228655,-466.4874383,-401.5665041,SW,7,7,
es7-dt203,DRIFT,0.258400463,436.55627,40.7228655,-466.4874383,-401.5665041,SW,7,7,
es7-cm201,MULTIPOLE,0,439.28237,40.97480293,-464.4665963,-403.3961795,SW,7,7,
es7-dv201,MULTIPOLE,0,439.28237,40.97480293,-464.4665963,-403.3961795,SW,7,7,
es7-cm201,SBEND,2.726095634,439.28237,40.97480293,-464.4665963,-403.3961795,SW,7,7,
es7-dv201,SBEND,2.726095634,439.28237,40.97480293,-464.4665963,-403.3961795,SW,7,7,
es7-dt200.1,DRIFT,0.374783751,439.65715,41.00943597,-464.1873179,-403.6461124,SW,7,7,
es7-ks200,VKICKER,0.2,439.85715,41.02791973,-464.0382836,-403.7794869,SW,7,7,
es7-dt200.2,DRIFT,0.064,439.92115,41.03383486,-463.9905926,-403.8221667,SW,7,7,
es7-q200,QUADRUPOLE,0.5,440.29615,41.06849684,-463.7111531,-404.0722439,SW,7,7,
es7-dt199,DRIFT,0.163,440.58415,41.0951208,-463.4965436,-404.2643031,SW,7,7,
es7-sx199,SEXTUPOLE,0.57,441.15415,41.14782309,-463.0717956,-404.6444204,SW,7,7,
es7-cm198,MULTIPOLE,0,441.66115,41.19471044,-462.6939934,-404.9825247,SW,7,7,
es7-dt198,MULTIPOLE,0,441.66115,41.19471044,-462.6939934,-404.9825247,SW,7,7,
es7-cm198,DRIFT,0.507,441.66115,41.19471044,-462.6939934,-404.9825247,SW,7,7,
es7-dt198,DRIFT,0.507,441.66115,41.19471044,-462.6939934,-404.9825247,SW,7,7,
es7-cm196,MULTIPOLE,0,444.38725,41.44680134,-460.6521063,-406.7886841,SW,7,7,
es7-dv196,MULTIPOLE,0,444.38725,41.44680134,-460.6521063,-406.7886841,SW,7,7,
es7-cm196,SBEND,2.726095634,444.38725,41.44680134,-460.6521063,-406.7886841,SW,7,7,
es7-dv196,SBEND,2.726095634,444.38725,41.44680134,-460.6521063,-406.7886841,SW,7,7,
es7-cm195,MULTIPOLE,0,444.64565,41.47069354,-460.4575717,-406.9587637,SW,7,7,
es7-dt195,MULTIPOLE,0,444.64565,41.47069354,-460.4575717,-406.9587637,SW,7,7,
es7-cm195,DRIFT,0.258400463,444.64565,41.47069354,-460.4575717,-406.9587637,SW,7,7,
es7-dt195,DRIFT,0.258400463,444.64565,41.47069354,-460.4575717,-406.9587637,SW,7,7,
es7-cm194.1,MULTIPOLE,0,445.53705,41.5531137,-459.7853793,-407.5442134,SW,7,7,
es7-dv194,MULTIPOLE,0,445.53705,41.5531137,-459.7853793,-407.5442134,SW,7,7,
es7-cm194.1,SBEND,0.891400532,445.53705,41.5531137,-459.7853793,-407.5442134,SW,7,7,
es7-dv194,SBEND,0.891400532,445.53705,41.5531137,-459.7853793,-407.5442134,SW,7,7,
es7-cm194.2,MULTIPOLE,0,445.79545,41.57700566,-459.5902022,-407.7135553,SW,7,7,
es7-dt194,MULTIPOLE,0,445.79545,41.57700566,-459.5902022,-407.7135553,SW,7,7,
es7-cm194.2,DRIFT,0.258400463,445.79545,41.57700566,-459.5902022,-407.7135553,SW,7,7,
es7-dt194,DRIFT,0.258400463,445.79545,41.57700566,-459.5902022,-407.7135553,SW,7,7,
es7-cm191,MULTIPOLE,0,448.52154,41.82903019,-457.5208116,-409.4881361,SW,7,7,
es7-dv191,MULTIPOLE,0,448.52154,41.82903019,-457.5208116,-409.4881361,SW,7,7,
es7-cm191,SBEND,2.726095634,448.52154,41.82903019,-457.5208116,-409.4881361,SW,7,7,
es7-dv191,SBEND,2.726095634,448.52154,41.82903019,-457.5208116,-409.4881361,SW,7,7,
es7-dt191.1,DRIFT,0.374783751,448.89633,41.86367487,-457.2349027,-409.730456,SW,7,7,
es7-ks191,HKICKER,0.2,449.09633,41.88216507,-457.08233,-409.8597679,SW,7,7,
es7-dt191.2,DRIFT,0.064,449.16033,41.88808228,-457.0335067,-409.9011477,SW,7,7,
es7-q190,QUADRUPOLE,0.5,449.53533,41.9227568,-456.7474328,-410.1436075,SW,7,7,
es7-dt190.1,DRIFT,0.156,449.81633,41.94874334,-456.5330682,-410.3252907,SW,7,7,
es7-sx190.1,SEXTUPOLE,0.24,450.05633,41.9709408,-456.3499809,-410.480465,SW,7,7,
es7-dt190.2,DRIFT,0.104,450.16033,41.98056043,-456.2706431,-410.5477072,SW,7,7,
es7-sx190.2,SEXTUPOLE,0.24,450.40033,42.00276124,-456.0875558,-410.7028815,SW,7,7,
es7-cm189,MULTIPOLE,0,450.90033,42.0490204,-455.706124,-411.0261612,SW,7,7,
es7-dt189,MULTIPOLE,0,450.90033,42.0490204,-455.706124,-411.0261612,SW,7,7,
es7-cm189,DRIFT,0.5,450.90033,42.0490204,-455.706124,-411.0261612,SW,7,7,
es7-dt189,DRIFT,0.5,450.90033,42.0490204,-455.706124,-411.0261612,SW,7,7,
es7-cm186.1,MULTIPOLE,0,453.62642,42.30121377,-453.6163294,-412.7766676,SW,7,7,
es7-dv186,MULTIPOLE,0,453.62642,42.30121377,-453.6163294,-412.7766676,SW,7,7,
es7-cm186.1,SBEND,2.726095634,453.62642,42.30121377,-453.6163294,-412.7766676,SW,7,7,
es7-dv186,SBEND,2.726095634,453.62642,42.30121377,-453.6163294,-412.7766676,SW,7,7,
es7-cm186.2,MULTIPOLE,0,453.88482,42.32511541,-453.4172842,-412.9414457,SW,7,7,
es7-dt186,MULTIPOLE,0,453.88482,42.32511541,-453.4172842,-412.9414457,SW,7,7,
es7-cm186.2,DRIFT,0.258400463,453.88482,42.32511541,-453.4172842,-412.9414457,SW,7,7,
es7-dt186,DRIFT,0.258400463,453.88482,42.32511541,-453.4172842,-412.9414457,SW,7,7,
es7-cm185.1,MULTIPOLE,0,454.77622,42.40756808,-452.7295668,-413.5085777,SW,7,7,
es7-dv185,MULTIPOLE,0,454.77622,42.40756808,-452.7295668,-413.5085777,SW,7,7,
es7-cm185.1,SBEND,0.891400532,454.77622,42.40756808,-452.7295668,-413.5085777,SW,7,7,
es7-dv185,SBEND,0.891400532,454.77622,42.40756808,-452.7295668,-413.5085777,SW,7,7,
es7-cm185.2,MULTIPOLE,0,455.03462,42.43146946,-452.5298993,-413.6726012,SW,7,7,
es7-dt185,MULTIPOLE,0,455.03462,42.43146946,-452.5298993,-413.6726012,SW,7,7,
es7-cm185.2,DRIFT,0.258400463,455.03462,42.43146946,-452.5298993,-413.6726012,SW,7,7,
es7-dt185,DRIFT,0.258400463,455.03462,42.43146946,-452.5298993,-413.6726012,SW,7,7,
es7-cm182,MULTIPOLE,0,457.76072,42.68359039,-450.4134616,-415.3907996,SW,7,7,
es7-dv182,MULTIPOLE,0,457.76072,42.68359039,-450.4134616,-415.3907996,SW,7,7,
es7-cm182,SBEND,2.726095634,457.76072,42.68359039,-450.4134616,-415.3907996,SW,7,7,
es7-dv182,SBEND,2.726095634,457.76072,42.68359039,-450.4134616,-415.3907996,SW,7,7,
es7-dt182.1,DRIFT,0.374783751,458.1355,42.71824801,-450.1211296,-415.6253308,SW,7,7,
es7-ks182,VKICKER,0.2,458.3355,42.73674531,-449.9651293,-415.7504863,SW,7,7,
es7-dt182.2,DRIFT,0.064,458.3995,42.74266483,-449.9152092,-415.790536,SW,7,7,
es7-q181,QUADRUPOLE,0.5,458.7745,42.77735317,-449.6227085,-416.0252025,SW,7,7,
es7-dt181,DRIFT,0.163,459.0625,42.80399807,-449.398068,-416.2054264,SW,7,7,
es7-sx180,SEXTUPOLE,0.57,459.6325,42.85674363,-448.9534671,-416.5621195,SW,7,7,
es7-cm180,MULTIPOLE,0,460.1395,42.90367148,-448.5580062,-416.8793886,SW,7,7,
es7-dt180,MULTIPOLE,0,460.1395,42.90367148,-448.5580062,-416.8793886,SW,7,7,
es7-cm180,DRIFT,0.507,460.1395,42.90367148,-448.5580062,-416.8793886,SW,7,7,
es7-dt180,DRIFT,0.507,460.1395,42.90367148,-448.5580062,-416.8793886,SW,7,7,
es7-cm177.1,MULTIPOLE,0,462.8656,43.15597675,-446.4218203,-418.5729719,SW,7,7,
es7-dv177,MULTIPOLE,0,462.8656,43.15597675,-446.4218203,-418.5729719,SW,7,7,
es7-cm177.1,SBEND,2.726095634,462.8656,43.15597675,-446.4218203,-418.5729719,SW,7,7,
es7-dv177,SBEND,2.726095634,462.8656,43.15597675,-446.4218203,-418.5729719,SW,7,7,
es7-cm177.2,MULTIPOLE,0,463.124,43.17988871,-446.2184091,-418.732329,SW,7,7,
es7-dt177,MULTIPOLE,0,463.124,43.17988871,-446.2184091,-418.732329,SW,7,7,
es7-cm177.2,DRIFT,0.258400463,463.124,43.17988871,-446.2184091,-418.732329,SW,7,7,
es7-dt177,DRIFT,0.258400463,463.124,43.17988871,-446.2184091,-418.732329,SW,7,7,
es7-cm176.1,MULTIPOLE,0,464.0154,43.26237699,-445.5156656,-419.2807317,SW,7,7,
es7-dv176,MULTIPOLE,0,464.0154,43.26237699,-445.5156656,-419.2807317,SW,7,7,
es7-cm176.1,SBEND,0.891400532,464.0154,43.26237699,-445.5156656,-419.2807317,SW,7,7,
es7-dv176,SBEND,0.891400532,464.0154,43.26237699,-445.5156656,-419.2807317,SW,7,7,
es7-cm176.2,MULTIPOLE,0,464.2738,43.28628868,-445.3116527,-419.4393177,SW,7,7,
es7-dt176,MULTIPOLE,0,464.2738,43.28628868,-445.3116527,-419.4393177,SW,7,7,
es7-cm176.2,DRIFT,0.258400463,464.2738,43.28628868,-445.3116527,-419.4393177,SW,7,7,
es7-dt176,DRIFT,0.258400463,464.2738,43.28628868,-445.3116527,-419.4393177,SW,7,7,
es7-cm173,MULTIPOLE,0,466.9999,43.53851546,-443.1497036,-421.0998871,SW,7,7,
es7-dv173,MULTIPOLE,0,466.9999,43.53851546,-443.1497036,-421.0998871,SW,7,7,
es7-cm173,SBEND,2.726095634,466.9999,43.53851546,-443.1497036,-421.0998871,SW,7,7,
es7-dv173,SBEND,2.726095634,466.9999,43.53851546,-443.1497036,-421.0998871,SW,7,7,
es7-dt173,DRIFT,0.374783751,467.37468,43.57318731,-442.8511607,-421.3264593,SW,7,7,
es7-ks172,HKICKER,0.2,467.57468,43.59169242,-442.6918459,-421.4473676,SW,7,7,
es7-dt172,DRIFT,0.064,467.63868,43.59761446,-442.6408652,-421.4860582,SW,7,7,
es7-mark172,MARKER,0,467.88868,43.62074936,-442.4417217,-421.6371935,SW,7,7,
es7-q172,QUADRUPOLE,0.5,468.01368,43.63231793,-442.3421499,-421.7127611,SW,7,7,
es7-dt171,DRIFT,1.24,469.37868,43.75869572,-441.2548266,-422.5379599,SW,7,7,
es7-dh168,RBEND,2.726014716,472.10469,44.01111895,-439.0740223,-424.1735541,SW,7,7,
es7-dt168,DRIFT,0.2584,472.36309,44.03504286,-438.8664228,-424.3274145,SW,7,7,
es7-dh165,RBEND,2.726014716,475.08911,44.28739324,-436.6671429,-425.9380802,SW,7,7,
es7-dt165,DRIFT,0.3,475.38911,44.31516081,-436.4241043,-426.1139558,SW,7,7,
es7-mark164,MARKER,0,475.78911,44.35219147,-436.1000528,-426.3484566,SW,7,7,
es7-q164,QUADRUPOLE,0.8,475.98911,44.37070989,-435.938027,-426.465707,SW,7,7,
es7-dt157,DRIFT,7.1511,483.34021,45.05275983,-429.9826894,-430.7753038,SW,7,7,
es7-mark156,MARKER,0,483.74021,45.08994879,-429.6586379,-431.0098046,SW,7,7,
es7-q156,QUADRUPOLE,0.8,483.94021,45.10854615,-429.4966122,-431.127055,SW,7,7,
es7-dt149,DRIFT,7.1511,491.29131,45.79339798,-423.5412746,-435.4366519,SW,7,7,
es7-mark148,MARKER,0,491.69131,45.8307338,-423.2172231,-435.6711527,SW,7,7,
es7-q148,QUADRUPOLE,0.8,491.89131,45.84940437,-423.0551973,-435.7884031,SW,7,7,
es7-dt148,DRIFT,0.3,492.39131,45.8960885,-422.6501329,-436.0815291,SW,7,7,
es7-dh145,RBEND,2.726014716,495.11732,46.15059513,-420.4326623,-437.6670574,SW,7,7,
es7-dt145,DRIFT,0.2584,495.37572,46.17471696,-420.2216143,-437.8161524,SW,7,7,
es7-dh142,RBEND,2.726014716,498.10174,46.42915981,-417.9862404,-439.376338,SW,7,7,
es7-dt140,DRIFT,1.87543,499.97717,46.60426005,-416.4422667,-440.4409427,SW,7,7,
es7-mark140,MARKER,0,500.37717,46.64162778,-416.1129612,-440.6680062,SW,7,7,
es7-q139,QUADRUPOLE,0.8,500.57717,46.66031447,-415.9483084,-440.781538,SW,7,7,
es7-dt137,DRIFT,1.87543,502.6526,46.85433917,-414.239682,-441.9596744,SW,7,7,
es7-dh135,RBEND,2.726014716,505.37861,47.10926729,-411.9866943,-443.4943152,SW,7,7,
es7-dt134,DRIFT,0.2584,505.63701,47.13342897,-411.7723071,-443.6385674,SW,7,7,
es7-dh132,RBEND,2.726014716,508.36303,47.38829123,-409.5019975,-445.1474645,SW,7,7,
es7-dt131,DRIFT,0.535,508.89803,47.43830688,-409.0547524,-445.4410574,SW,7,7,
es7-mark131,MARKER,0,509.29803,47.47571108,-408.7203635,-445.6605661,SW,7,7,
es7-q131,QUADRUPOLE,0.8,509.49803,47.49441616,-408.553169,-445.7703205,SW,7,7,
es7-dt130,DRIFT,0.535,510.23303,47.56317434,-407.9387295,-446.1736677,SW,7,7,
es7-dh127,RBEND,2.726014716,512.95904,47.81818681,-405.6513922,-447.6566256,SW,7,7,
es7-dt127,DRIFT,0.2584,513.21744,47.84235628,-405.4337769,-447.7959603,SW,7,7,
es7-dh124,RBEND,2.726014716,515.94346,48.09729853,-403.1297083,-449.252787,SW,7,7,
es7-dt124,DRIFT,0.3,516.24346,48.12535151,-402.8752341,-449.411667,SW,7,7,
es7-mark123,MARKER,0,516.64346,48.16276293,-402.5359351,-449.6235071,SW,7,7,
es7-q123,QUADRUPOLE,0.8,516.84346,48.18147183,-402.3662856,-449.7294271,SW,7,7,
es7-dt113,DRIFT,9.869475,526.91293,49.12607751,-393.8248794,-455.0622225,SW,7,7,
es7-mark113,MARKER,0,527.31293,49.1637054,-393.4855805,-455.2740625,SW,7,7,
es7-q112,QUADRUPOLE,0.8,527.51293,49.18252223,-393.315931,-455.3799826,SW,7,7,
es7-dt102,DRIFT,9.869475,537.58241,50.13230436,-384.7745248,-460.712778,SW,7,7,
es7-mark102,MARKER,0,537.98241,50.17012731,-384.4352258,-460.924618,SW,7,7,
es7-q102,QUADRUPOLE,0.8,538.18241,50.18904137,-384.2655763,-461.0305381,SW,7,7,
es7-dt92,DRIFT,9.869475,548.25188,51.14345209,-375.7241701,-466.3633335,SW,7,7,
es7-mark91,MARKER,0,548.65188,51.18144801,-375.3848711,-466.5751735,SW,7,7,
es7-q91,QUADRUPOLE,0.8,548.85188,51.20044824,-375.2152216,-466.6810935,SW,7,7,
es7-dt81,DRIFT,9.869475,558.92136,52.15892281,-366.6738154,-472.0138889,SW,7,7,
es7-mark81,MARKER,0,559.32136,52.19706895,-366.3345165,-472.225729,SW,7,7,
es7-q80,QUADRUPOLE,0.8,559.52136,52.21614397,-366.164867,-472.331649,SW,7,7,
es7-dt80,DRIFT,0.3,560.02136,52.26383715,-365.7407433,-472.5964491,SW,7,7,
es7-dh77,RBEND,2.726014716,562.74737,52.52385273,-363.4202418,-474.0269557,SW,7,7,
es7-dt77,DRIFT,0.2584,563.00577,52.54849785,-363.1995112,-474.1613006,SW,7,7,
es7-dh74,RBEND,2.726014716,565.73179,52.80847299,-360.8628776,-475.5653018,SW,7,7,
es7-dt74,DRIFT,0.535,566.26679,52.85949356,-360.4027332,-475.8382342,SW,7,7,
es7-mark73,MARKER,0,566.66679,52.89764652,-360.0587,-476.0422959,SW,7,7,
es7-q73,QUADRUPOLE,0.8,566.86679,52.91672515,-359.8866834,-476.1443267,SW,7,7,
es7-dt72,DRIFT,0.535,567.60179,52.98685134,-359.2545224,-476.51929,SW,7,7,
es7-dh70,RBEND,2.726014716,570.3278,53.24694134,-356.9020593,-477.8966038,SW,7,7,
es7-dt69,DRIFT,0.2584,570.5862,53.27159334,-356.6783278,-478.0258894,SW,7,7,
es7-dh67,RBEND,2.726014716,573.31222,53.53163911,-354.3103401,-479.3763376,SW,7,7,
es7-dt66,DRIFT,0.3,573.61222,53.56025509,-354.0488982,-479.5234707,SW,7,7,
es7-mark66,MARKER,0,574.01222,53.59841524,-353.700309,-479.7196481,SW,7,7,
es7-q66,QUADRUPOLE,0.8,574.21222,53.61749767,-353.5260145,-479.8177369,SW,7,7,
es7-dt58,DRIFT,7.4196,581.83182,54.3456273,-346.8857396,-483.5547214,SW,7,7,
es7-mark58,MARKER,0,582.23182,54.38390978,-346.5371504,-483.7508989,SW,7,7,
es7-q58,QUADRUPOLE,0.8,582.43182,54.40305312,-346.3628558,-483.8489876,SW,7,7,
es7-dt50,DRIFT,7.4196,590.05142,55.13337771,-339.7225809,-487.5859721,SW,7,7,
es7-mark50,MARKER,0,590.45142,55.17176861,-339.3739918,-487.7821496,SW,7,7,
es7-q49,QUADRUPOLE,0.8,590.65142,55.1909659,-339.1996972,-487.8802383,SW,7,7,
es7-dt42,DRIFT,7.4196,598.27102,55.92321807,-332.5594223,-491.6172229,SW,7,7,
es7-mark41,MARKER,0,598.67102,55.96170324,-332.2108331,-491.8134003,SW,7,7,
es7-q41,QUADRUPOLE,0.8,598.87102,55.9809474,-332.0365385,-491.9114891,SW,7,7,
es7-dt34,DRIFT,7.4196,606.49062,56.71485543,-325.3962636,-495.6484736,SW,7,7,
es7-mark33,MARKER,0,606.89062,56.7534205,-325.0476745,-495.8446511,SW,7,7,
es7-q33,QUADRUPOLE,0.8,607.09062,56.77270436,-324.8733799,-495.9427398,SW,7,7,
es7-dt32,DRIFT,0.3,607.59062,56.82091781,-324.4376435,-496.1879616,SW,7,7,
es7-dh30,RBEND,2.726014716,610.31663,57.08377382,-322.0544379,-497.511369,SW,7,7,
es7-dt29,DRIFT,0.3,610.61663,57.11270012,-321.7913382,-497.6555168,SW,7,7,
es7-dh27,RBEND,2.726014716,613.34264,57.37553309,-319.3932236,-498.951712,SW,7,7,
es7-dt26,DRIFT,0.3,613.64264,57.40445675,-319.1285002,-499.0928558,SW,7,7,
es7-dh24,RBEND,2.726014716,616.36866,57.66726468,-316.7157872,-500.3616709,SW,7,7,
es7-dt23,DRIFT,0.3,616.66866,57.69618547,-316.4494744,-500.4997923,SW,7,7,
es7-mark23,MARKER,0,617.06866,57.7347504,-316.0943908,-500.6839542,SW,7,7,
es7-q23,QUADRUPOLE,0.8,617.26866,57.75403453,-315.916849,-500.7760351,SW,7,7,
es7-dt15,DRIFT,7.23264,624.7013,58.47143593,-309.3188265,-504.1980574,SW,7,7,
es7-mark15,MARKER,0,625.1013,58.5100828,-308.9637428,-504.3822193,SW,7,7,
es7-q15,QUADRUPOLE,0.8,625.3013,58.52940763,-308.786201,-504.4743003,SW,7,7,
es7-dt7,DRIFT,7.23264,632.73394,59.24819872,-302.1881785,-507.8963226,SW,7,7,
es7-mark7,MARKER,0,633.13394,59.28691355,-301.8330949,-508.0804845,SW,7,7,
es7-q7,QUADRUPOLE,0.8,633.33394,59.3062721,-301.6555531,-508.1725654,SW,7,7,
es8-dt1,MARKER,0,640.76658,60.02619198,-295.0575306,-511.5945877,SW,9,8,
es8-mark1,MARKER,0,640.76658,60.02619198,-295.0575306,-511.5945877,SW,9,8,
es8-dt1,DRIFT,7.23264,640.76658,60.02619198,-295.0575306,-511.5945877,SW,9,8,
es8-mark1,DRIFT,7.23264,640.76658,60.02619198,-295.0575306,-511.5945877,SW,9,8,
es8-dt10,DRIFT,9.11303,649.87961,60.90995514,-286.9678106,-515.7902695,SW,9,8,
es8-mark10,MARKER,0,650.27961,60.94876769,-286.6127269,-515.9744314,SW,9,8,
es8-q10,QUADRUPOLE,0.8,650.47961,60.96817454,-286.4351851,-516.0665123,SW,9,8,
es8-dt20,DRIFT,9.11303,659.79264,61.87219373,-278.1679232,-520.3542751,SW,9,8,
es8-mark20,MARKER,0,660.19264,61.91103307,-277.8128396,-520.5384369,SW,9,8,
es8-q20,QUADRUPOLE,0.8,660.39264,61.93045297,-277.6352977,-520.6305179,SW,9,8,
es8-dt30,DRIFT,9.11303,669.70567,62.83483557,-269.3680359,-524.9182806,SW,9,8,
es8-mark30,MARKER,0,670.10567,62.87367977,-269.0129522,-525.1024425,SW,9,8,
es8-q30,QUADRUPOLE,0.8,670.30567,62.89310178,-268.8354104,-525.1945234,SW,9,8,
es8-dt31,DRIFT,0.3,670.80567,62.94165648,-268.3915558,-525.4247258,SW,9,8,
es8-dh34,RBEND,2.726014716,673.53168,63.20634532,-265.9788428,-526.6935409,SW,9,8,
es8-dt34,DRIFT,0.3,673.83168,63.23546913,-265.7141194,-526.8346846,SW,9,8,
es8-dh37,RBEND,2.726014716,676.5577,63.50002942,-263.3160048,-528.1308798,SW,9,8,
es8-dt37,DRIFT,0.3,676.8577,63.52913388,-263.0529051,-528.2750276,SW,9,8,
es8-dh40,RBEND,2.726014716,679.58371,63.79347122,-260.6696995,-529.598435,SW,9,8,
es8-dt40,DRIFT,0.3,679.88371,63.82254596,-260.4082577,-529.7455681,SW,9,8,
es8-dh43,RBEND,2.726014716,682.60973,64.08656621,-258.04027,-531.0960162,SW,9,8,
es8-dt43,DRIFT,0.3,682.90973,64.1156009,-257.7805197,-531.2461156,SW,9,8,
es8-mark43,MARKER,0,683.30973,64.1543105,-257.4341861,-531.4462481,SW,9,8,
es8-q44,QUADRUPOLE,0.8,683.50973,64.17366387,-257.2610193,-531.5463144,SW,9,8,
es8-dt53,DRIFT,9.51703,693.22676,65.11271229,-248.8476839,-536.4080485,SW,9,8,
es8-mark54,MARKER,0,693.62676,65.15131234,-248.5013503,-536.608181,SW,9,8,
es8-q54,QUADRUPOLE,0.8,693.82676,65.1706106,-248.3281835,-536.7082473,SW,9,8,
es8-dt64,DRIFT,9.51703,703.54379,66.10671522,-239.914848,-541.5699815,SW,9,8,
es8-mark64,MARKER,0,703.94379,66.14518297,-239.5685144,-541.770114,SW,9,8,
es8-q64,QUADRUPOLE,0.8,704.14379,66.16441476,-239.3953476,-541.8701802,SW,9,8,
es8-dt74,DRIFT,9.51703,713.86082,67.097029,-230.9820122,-546.7319144,SW,9,8,
es8-mark74,MARKER,0,714.26082,67.1353422,-230.6356785,-546.9320469,SW,9,8,
es8-q74,QUADRUPOLE,0.8,714.46082,67.15449639,-230.4625117,-547.0321131,SW,9,8,
es8-dt84,DRIFT,9.51703,724.17785,68.08308605,-222.0491763,-551.8938473,SW,9,8,
es8-mark85,MARKER,0,724.57785,68.12122299,-221.7028427,-552.0939798,SW,9,8,
es8-q85,QUADRUPOLE,0.8,724.77785,68.14028873,-221.5296759,-552.1940461,SW,9,8,
es8-dt94,DRIFT,9.51703,734.49488,69.06433375,-213.1163404,-557.0557802,SW,9,8,
es8-mark95,MARKER,0,734.89488,69.10227332,-212.7700068,-557.2559127,SW,9,8,
es8-q95,QUADRUPOLE,0.8,735.09488,69.12124008,-212.59684,-557.355979,SW,9,8,
es8-dt105,DRIFT,9.51703,744.81191,70.04023612,-204.1835046,-562.2177131,SW,9,8,
es8-mark105,MARKER,0,745.21191,70.0779579,-203.8371709,-562.4178456,SW,9,8,
es8-q105,QUADRUPOLE,0.8,745.41191,70.09681547,-203.6640041,-562.5179119,SW,9,8,
es8-dt106,DRIFT,0.3,745.91191,70.1439497,-203.2310871,-562.7680776,SW,9,8,
es8-dh109,RBEND,2.726014716,748.63792,70.40094393,-200.8630994,-564.1185257,SW,9,8,
es8-dt109,DRIFT,0.2584,748.89632,70.42530785,-200.6379108,-564.2452563,SW,9,8,
es8-dh112,RBEND,2.726014716,751.62234,70.68237121,-198.2547052,-565.5686637,SW,9,8,
es8-dt112,DRIFT,0.2584,751.88074,70.70674156,-198.0280887,-565.692823,SW,9,8,
es8-dh115,RBEND,2.726014716,754.60675,70.9638713,-195.6299741,-566.9890182,SW,9,8,
es8-dt115,DRIFT,0.535,755.14175,71.01433758,-195.1578841,-567.2407245,SW,9,8,
es8-mark116,MARKER,0,755.54175,71.0520601,-194.8049196,-567.4289162,SW,9,8,
es8-q116,QUADRUPOLE,0.8,755.74175,71.07091838,-194.6284374,-567.523012,SW,9,8,
es8-dt116,DRIFT,0.535,756.47675,71.14020535,-193.9798652,-567.8688141,SW,9,8,
es8-dh119,RBEND,2.726014716,759.20277,71.39718058,-191.5671522,-569.1376292,SW,9,8,
es8-dt119,DRIFT,0.2584,759.46117,71.42154238,-191.3377681,-569.2565978,SW,9,8,
es8-dh122,RBEND,2.726014716,762.18718,71.67857988,-188.9107693,-570.4978684,SW,9,8,
es8-dt123,DRIFT,0.535,762.72218,71.72902789,-188.433072,-570.7387632,SW,9,8,
es8-mark123,MARKER,0,763.12218,71.76673738,-188.0759152,-570.9188715,SW,9,8,
es8-q123,QUADRUPOLE,0.8,763.32218,71.78558933,-187.8973368,-571.0089256,SW,9,8,
es8-dt124,DRIFT,0.535,764.05718,71.85485422,-187.2410611,-571.3398745,SW,9,8,
es8-dh127,RBEND,2.726014716,766.7832,72.1117476,-184.8000909,-572.5534398,SW,9,8,
es8-dt127,DRIFT,0.2584,767.0416,72.13610144,-184.5680582,-572.6671561,SW,9,8,
es8-dh130,RBEND,2.726014716,769.76761,72.39305297,-182.113433,-573.8528588,SW,9,8,
es8-dt130,DRIFT,0.535,770.30261,72.44348395,-181.6303759,-574.0828173,SW,9,8,
es8-mark131,MARKER,0,770.70261,72.48118131,-181.2692118,-574.2547488,SW,9,8,
es8-q131,QUADRUPOLE,0.8,770.90261,72.5000274,-181.0886297,-574.3407146,SW,9,8,
es8-dt132,DRIFT,0.535,771.63761,72.56927187,-180.4249906,-574.6566389,SW,9,8,
es8-dh134,RBEND,2.726014716,774.36363,72.8260896,-177.9570283,-575.8143254,SW,9,8,
es8-dt135,DRIFT,0.2584,774.62203,72.85043607,-177.7224672,-575.9227304,SW,9,8,
es8-dh137,RBEND,2.726014716,777.34804,73.10730781,-175.2414876,-577.0522507,SW,9,8,
es8-dt138,DRIFT,0.3,777.64804,73.13557939,-174.9677494,-577.1750001,SW,9,8,
es8-mark138,MARKER,0,778.04804,73.17326927,-174.6027651,-577.3386658,SW,9,8,
es8-q138,QUADRUPOLE,0.8,778.24804,73.19211183,-174.420273,-577.4204987,SW,9,8,
es8-dt146,DRIFT,8.0314,786.47944,73.96618453,-166.9094442,-580.7884946,SW,9,8,
es8-mark147,MARKER,0,786.87944,74.00372654,-166.5444599,-580.9521604,SW,9,8,
es8-q147,QUADRUPOLE,0.8,787.07944,74.02249491,-166.3619678,-581.0339933,SW,9,8,
es8-dt155,DRIFT,8.0314,795.31084,74.7933687,-158.8511389,-584.4019892,SW,9,8,
es8-mark156,MARKER,0,795.71084,74.83074809,-158.4861547,-584.565655,SW,9,8,
es8-q156,QUADRUPOLE,0.8,795.91084,74.8494349,-158.3036625,-584.6474878,SW,9,8,
es8-dt156,DRIFT,0.3,796.41084,74.89614346,-157.8474322,-584.85207,SW,9,8,
es8-dh159,RBEND,2.726014716,799.13686,75.15081673,-155.3537568,-585.9532779,SW,9,8,
es8-dt159,DRIFT,0.2584,799.39526,75.17496041,-155.1167888,-586.0563154,SW,9,8,
es8-dh162,RBEND,2.726014716,802.12127,75.42969767,-152.6107405,-587.1290681,SW,9,8,
es8-dt163,DRIFT,1.324,803.44527,75.5534049,-151.390624,-587.6431612,SW,9,8,
es8-mark164,MARKER,0,803.84527,75.59076323,-151.0220088,-587.7984764,SW,9,8,
es8-q164,QUADRUPOLE,0.8,804.04527,75.60943968,-150.8377012,-587.8761339,SW,9,8,
es8-dt166,DRIFT,1.324,805.56927,75.75169455,-149.433277,-588.4678846,SW,9,8,
es8-dh168,RBEND,2.726014716,808.29529,76.00610159,-146.9151807,-589.5120431,SW,9,8,
es8-dt169,DRIFT,0.2584,808.55369,76.03021989,-146.6759287,-589.6096598,SW,9,8,
es8-dh171,RBEND,2.726014716,811.2797,76.28468786,-144.1461105,-590.6250888,SW,9,8,
es8-dt173,DRIFT,1.9,813.1797,76.46200399,-142.3788483,-591.322788,SW,9,8,
es8-mark173,MARKER,0,813.4297,76.48532364,-142.1463138,-591.4145905,SW,9,8,
es8-q174,QUADRUPOLE,0.5,813.5547,76.49698247,-142.0300465,-591.4604918,SW,9,8,
es8-dt174.1,DRIFT,0.064,813.7437,76.51460934,-141.8542504,-591.5298945,SW,9,8,
es8-ks174,HKICKER,0.2,813.9437,76.53326044,-141.6682228,-591.6033365,SW,9,8,
es8-cm174,MULTIPOLE,0,814.23792,76.56069458,-141.3945612,-591.7113757,SW,9,8,
es8-dt174.2,MULTIPOLE,0,814.23792,76.56069458,-141.3945612,-591.7113757,SW,9,8,
es8-cm174,DRIFT,0.294216192,814.23792,76.56069458,-141.3945612,-591.7113757,SW,9,8,
es8-dt174.2,DRIFT,0.294216192,814.23792,76.56069458,-141.3945612,-591.7113757,SW,9,8,
es8-cm177.1,MULTIPOLE,0,816.96398,76.81487448,-138.8543733,-592.7007186,SW,9,8,
es8-dv177,MULTIPOLE,0,816.96398,76.81487448,-138.8543733,-592.7007186,SW,9,8,
es8-cm177.1,SBEND,2.726060569,816.96398,76.81487448,-138.8543733,-592.7007186,SW,9,8,
es8-dv177,SBEND,2.726060569,816.96398,76.81487448,-138.8543733,-592.7007186,SW,9,8,
es8-cm177.2,MULTIPOLE,0,817.22238,76.83896709,-138.6131614,-592.7933875,SW,9,8,
es8-dt177,MULTIPOLE,0,817.22238,76.83896709,-138.6131614,-592.7933875,SW,9,8,
es8-cm177.2,DRIFT,0.258400293,817.22238,76.83896709,-138.6131614,-592.7933875,SW,9,8,
es8-dt177,DRIFT,0.258400293,817.22238,76.83896709,-138.6131614,-592.7933875,SW,9,8,
es8-cm178.1,MULTIPOLE,0,818.11378,76.92207489,-137.7805754,-593.1118126,SW,9,8,
es8-dv178,MULTIPOLE,0,818.11378,76.92207489,-137.7805754,-593.1118126,SW,9,8,
es8-cm178.1,SBEND,0.891400337,818.11378,76.92207489,-137.7805754,-593.1118126,SW,9,8,
es8-dv178,SBEND,0.891400337,818.11378,76.92207489,-137.7805754,-593.1118126,SW,9,8,
es8-cm178.2,MULTIPOLE,0,818.37218,76.94616509,-137.5390855,-593.2037545,SW,9,8,
es8-dt178,MULTIPOLE,0,818.37218,76.94616509,-137.5390855,-593.2037545,SW,9,8,
es8-cm178.2,DRIFT,0.258400293,818.37218,76.94616509,-137.5390855,-593.2037545,SW,9,8,
es8-dt178,DRIFT,0.258400293,818.37218,76.94616509,-137.5390855,-593.2037545,SW,9,8,
es8-cm181,MULTIPOLE,0,821.09824,77.20030213,-134.9869928,-594.1619698,SW,9,8,
es8-dv181,MULTIPOLE,0,821.09824,77.20030213,-134.9869928,-594.1619698,SW,9,8,
es8-cm181,SBEND,2.726060569,821.09824,77.20030213,-134.9869928,-594.1619698,SW,9,8,
es8-dv181,SBEND,2.726060569,821.09824,77.20030213,-134.9869928,-594.1619698,SW,9,8,
es8-dt182.1,DRIFT,0.507,821.60524,77.24756313,-134.5115302,-594.3379936,SW,9,8,
es8-sx182,SEXTUPOLE,0.57,822.17524,77.30068445,-133.9769866,-594.5358902,SW,9,8,
es8-dt182.2,DRIFT,0.163,822.33824,77.31587286,-133.8241258,-594.5924817,SW,9,8,
es8-q183,QUADRUPOLE,0.5,822.71324,77.35081143,-133.4724524,-594.7226768,SW,9,8,
es8-dt183.1,DRIFT,0.064,822.90224,77.3684183,-133.2952089,-594.7882951,SW,9,8,
es8-ks183,VKICKER,0.2,823.10224,77.38704832,-133.1076497,-594.8577325,SW,9,8,
es8-cm183,MULTIPOLE,0,823.39645,77.4144516,-132.831735,-594.9598805,SW,9,8,
es8-dt183.2,MULTIPOLE,0,823.39645,77.4144516,-132.831735,-594.9598805,SW,9,8,
es8-cm183,DRIFT,0.294216192,823.39645,77.4144516,-132.831735,-594.9598805,SW,9,8,
es8-dt183.2,DRIFT,0.294216192,823.39645,77.4144516,-132.831735,-594.9598805,SW,9,8,
es8-cm186.1,MULTIPOLE,0,826.12251,77.66834627,-130.270923,-595.8945438,SW,9,8,
es8-dv186,MULTIPOLE,0,826.12251,77.66834627,-130.270923,-595.8945438,SW,9,8,
es8-cm186.1,SBEND,2.726060569,826.12251,77.66834627,-130.270923,-595.8945438,SW,9,8,
es8-dv186,SBEND,2.726060569,826.12251,77.66834627,-130.270923,-595.8945438,SW,9,8,
es8-cm186.2,MULTIPOLE,0,826.38092,77.6924119,-130.02778,-595.9820207,SW,9,8,
es8-dt186,MULTIPOLE,0,826.38092,77.6924119,-130.02778,-595.9820207,SW,9,8,
es8-cm186.2,DRIFT,0.258400293,826.38092,77.6924119,-130.02778,-595.9820207,SW,9,8,
es8-dt186,DRIFT,0.258400293,826.38092,77.6924119,-130.02778,-595.9820207,SW,9,8,
es8-cm187,MULTIPOLE,0,827.27232,77.77542687,-129.1885594,-596.282525,SW,9,8,
es8-dv187,MULTIPOLE,0,827.27232,77.77542687,-129.1885594,-596.282525,SW,9,8,
es8-cm187,SBEND,0.891400337,827.27232,77.77542687,-129.1885594,-596.282525,SW,9,8,
es8-dv187,SBEND,0.891400337,827.27232,77.77542687,-129.1885594,-596.282525,SW,9,8,
es8-cm188,MULTIPOLE,0,827.53072,77.79949022,-128.9451541,-596.3692691,SW,9,8,
es8-dt188,MULTIPOLE,0,827.53072,77.79949022,-128.9451541,-596.3692691,SW,9,8,
es8-cm188,DRIFT,0.258400293,827.53072,77.79949022,-128.9451541,-596.3692691,SW,9,8,
es8-dt188,DRIFT,0.258400293,827.53072,77.79949022,-128.9451541,-596.3692691,SW,9,8,
es8-cm190,MULTIPOLE,0,830.25678,78.05334466,-126.3731072,-597.2725567,SW,9,8,
es8-dv190,MULTIPOLE,0,830.25678,78.05334466,-126.3731072,-597.2725567,SW,9,8,
es8-cm190,SBEND,2.726060569,830.25678,78.05334466,-126.3731072,-597.2725567,SW,9,8,
es8-dv190,SBEND,2.726060569,830.25678,78.05334466,-126.3731072,-597.2725567,SW,9,8,
es8-dt191.1,DRIFT,0.5,830.75678,78.09990162,-125.9005958,-597.4360588,SW,9,8,
es8-sx191.1,SEXTUPOLE,0.24,830.99678,78.12224558,-125.6737903,-597.5145399,SW,9,8,
es8-dt191.2,DRIFT,0.104,831.10078,78.13192728,-125.5755079,-597.5485483,SW,9,8,
es8-sx191.2,SEXTUPOLE,0.24,831.34078,78.15426807,-125.3487024,-597.6270293,SW,9,8,
es8-dt191.3,DRIFT,0.156,831.49678,78.1687884,-125.2012789,-597.678042,SW,9,8,
es8-q192,QUADRUPOLE,0.5,831.87178,78.20368921,-124.8468953,-597.8006686,SW,9,8,
es8-dt192,DRIFT,0.064,832.06078,78.22127715,-124.668286,-597.8624724,SW,9,8,
es8-ks192,HKICKER,0.2,832.26078,78.23988723,-124.4792814,-597.9278733,SW,9,8,
es8-cm193,MULTIPOLE,0,832.55499,78.26726133,-124.2012404,-598.0240832,SW,9,8,
es8-dt193,MULTIPOLE,0,832.55499,78.26726133,-124.2012404,-598.0240832,SW,9,8,
es8-cm193,DRIFT,0.294216192,832.55499,78.26726133,-124.2012404,-598.0240832,SW,9,8,
es8-dt193,DRIFT,0.294216192,832.55499,78.26726133,-124.2012404,-598.0240832,SW,9,8,
es8-cm195,MULTIPOLE,0,835.28105,78.52088629,-121.620981,-598.9036372,SW,9,8,
es8-dv195,MULTIPOLE,0,835.28105,78.52088629,-121.620981,-598.9036372,SW,9,8,
es8-cm195,SBEND,2.726060569,835.28105,78.52088629,-121.620981,-598.9036372,SW,9,8,
es8-dv195,SBEND,2.726060569,835.28105,78.52088629,-121.620981,-598.9036372,SW,9,8,
es8-cm196.1,MULTIPOLE,0,835.53945,78.54492641,-121.3760187,-598.985882,SW,9,8,
es8-dt196,MULTIPOLE,0,835.53945,78.54492641,-121.3760187,-598.985882,SW,9,8,
es8-cm196.1,DRIFT,0.258400293,835.53945,78.54492641,-121.3760187,-598.985882,SW,9,8,
es8-dt196,DRIFT,0.258400293,835.53945,78.54492641,-121.3760187,-598.985882,SW,9,8,
es8-cm196.2,MULTIPOLE,0,836.43085,78.6278536,-120.5305493,-599.2683274,SW,9,8,
es8-dv196,MULTIPOLE,0,836.43085,78.6278536,-120.5305493,-599.2683274,SW,9,8,
es8-cm196.2,SBEND,0.891400337,836.43085,78.6278536,-120.5305493,-599.2683274,SW,9,8,
es8-dv196,SBEND,0.891400337,836.43085,78.6278536,-120.5305493,-599.2683274,SW,9,8,
es8-cm197,MULTIPOLE,0,836.68925,78.65189157,-120.2853404,-599.3498338,SW,9,8,
es8-dt197,MULTIPOLE,0,836.68925,78.65189157,-120.2853404,-599.3498338,SW,9,8,
es8-cm197,DRIFT,0.258400293,836.68925,78.65189157,-120.2853404,-599.3498338,SW,9,8,
es8-dt197,DRIFT,0.258400293,836.68925,78.65189157,-120.2853404,-599.3498338,SW,9,8,
es8-cm199,MULTIPOLE,0,839.41531,78.90547884,-117.6945213,-600.1977786,SW,9,8,
es8-dv199,MULTIPOLE,0,839.41531,78.90547884,-117.6945213,-600.1977786,SW,9,8,
es8-cm199,SBEND,2.726060569,839.41531,78.90547884,-117.6945213,-600.1977786,SW,9,8,
es8-dv199,SBEND,2.726060569,839.41531,78.90547884,-117.6945213,-600.1977786,SW,9,8,
es8-dt200,DRIFT,0.507,839.92231,78.95263809,-117.2119509,-600.3532609,SW,9,8,
es8-sx200,SEXTUPOLE,0.57,840.49231,79.00564628,-116.6694161,-600.5280636,SW,9,8,
es8-dt201.1,DRIFT,0.163,840.65531,79.0208026,-116.5142701,-600.578051,SW,9,8,
es8-q201,QUADRUPOLE,0.5,841.03031,79.05566775,-116.1573393,-600.6930527,SW,9,8,
es8-dt201.2,DRIFT,0.064,841.21931,79.07323783,-115.9774462,-600.7510136,SW,9,8,
es8-ks201,VKICKER,0.2,841.41931,79.09182909,-115.7870831,-600.8123479,SW,9,8,
es8-cm202,MULTIPOLE,0,841.71353,79.11917566,-115.5070436,-600.9025755,SW,9,8,
es8-dt202,MULTIPOLE,0,841.71353,79.11917566,-115.5070436,-600.9025755,SW,9,8,
es8-cm202,DRIFT,0.294216192,841.71353,79.11917566,-115.5070436,-600.9025755,SW,9,8,
es8-dt202,DRIFT,0.294216192,841.71353,79.11917566,-115.5070436,-600.9025755,SW,9,8,
es8-cm204,MULTIPOLE,0,844.43959,79.37254623,-112.9085227,-601.7266161,SW,9,8,
es8-dv204,MULTIPOLE,0,844.43959,79.37254623,-112.9085227,-601.7266161,SW,9,8,
es8-cm204,SBEND,2.726060569,844.43959,79.37254623,-112.9085227,-601.7266161,SW,9,8,
es8-dv204,SBEND,2.726060569,844.43959,79.37254623,-112.9085227,-601.7266161,SW,9,8,
es8-cm205,MULTIPOLE,0,844.69799,79.39656229,-112.6618537,-601.8035909,SW,9,8,
es8-dt205,MULTIPOLE,0,844.69799,79.39656229,-112.6618537,-601.8035909,SW,9,8,
es8-cm205,DRIFT,0.258400293,844.69799,79.39656229,-112.6618537,-601.8035909,SW,9,8,
es8-dt205,DRIFT,0.258400293,844.69799,79.39656229,-112.6618537,-601.8035909,SW,9,8,
es8-cm206.1,MULTIPOLE,0,845.58939,79.47940669,-111.8105239,-602.0678476,SW,9,8,
es8-dv206,MULTIPOLE,0,845.58939,79.47940669,-111.8105239,-602.0678476,SW,9,8,
es8-cm206.1,SBEND,0.891400337,845.58939,79.47940669,-111.8105239,-602.0678476,SW,9,8,
es8-dv206,SBEND,0.891400337,845.58939,79.47940669,-111.8105239,-602.0678476,SW,9,8,
es8-cm206.2,MULTIPOLE,0,845.84779,79.50342073,-111.5636242,-602.1440789,SW,9,8,
es8-dt206,MULTIPOLE,0,845.84779,79.50342073,-111.5636242,-602.1440789,SW,9,8,
es8-cm206.2,DRIFT,0.258400293,845.84779,79.50342073,-111.5636242,-602.1440789,SW,9,8,
es8-dt206,DRIFT,0.258400293,845.84779,79.50342073,-111.5636242,-602.1440789,SW,9,8,
es8-cm209,MULTIPOLE,0,848.57385,79.75675607,-108.9552236,-602.9362912,SW,9,8,
es8-dv209,MULTIPOLE,0,848.57385,79.75675607,-108.9552236,-602.9362912,SW,9,8,
es8-cm209,SBEND,2.726060569,848.57385,79.75675607,-108.9552236,-602.9362912,SW,9,8,
es8-dv209,SBEND,2.726060569,848.57385,79.75675607,-108.9552236,-602.9362912,SW,9,8,
es8-dt209.1,DRIFT,0.5,849.07385,79.80321827,-108.4761383,-603.0793899,SW,9,8,
es8-sx209,SEXTUPOLE,0.24,849.31385,79.82551712,-108.2461773,-603.1480772,SW,9,8,
es8-dt209.2,DRIFT,0.104,849.41785,79.83517935,-108.1465276,-603.1778418,SW,9,8,
es8-sx210,SEXTUPOLE,0.24,849.65785,79.85747538,-107.9165666,-603.2465291,SW,9,8,
es8-dt210.1,DRIFT,0.156,849.81385,79.87196674,-107.767092,-603.2911759,SW,9,8,
es8-q210,QUADRUPOLE,0.5,850.18885,79.90679832,-107.407778,-603.3984999,SW,9,8,
es8-dt210.2,DRIFT,0.064,850.37785,79.9243516,-107.2266837,-603.4525912,SW,9,8,
es8-ks211,HKICKER,0.2,850.57785,79.94292515,-107.0350496,-603.5098307,SW,9,8,
es8-cm211,MULTIPOLE,0,850.87207,79.97024583,-106.7531402,-603.5940346,SW,9,8,
es8-dt211,MULTIPOLE,0,850.87207,79.97024583,-106.7531402,-603.5940346,SW,9,8,
es8-cm211,DRIFT,0.294216192,850.87207,79.97024583,-106.7531402,-603.5940346,SW,9,8,
es8-dt211,DRIFT,0.294216192,850.87207,79.97024583,-106.7531402,-603.5940346,SW,9,8,
es8-cm214.1,MULTIPOLE,0,853.59815,80.22339563,-104.1370853,-604.3606413,SW,9,8,
es8-dv214,MULTIPOLE,0,853.59815,80.22339563,-104.1370853,-604.3606413,SW,9,8,
es8-cm214.1,SBEND,2.726077105,853.59815,80.22339563,-104.1370853,-604.3606413,SW,9,8,
es8-dv214,SBEND,2.726077105,853.59815,80.22339563,-104.1370853,-604.3606413,SW,9,8,
es8-cm214.2,MULTIPOLE,0,853.85655,80.24739227,-103.8887383,-604.4320172,SW,9,8,
es8-dt214,MULTIPOLE,0,853.85655,80.24739227,-103.8887383,-604.4320172,SW,9,8,
es8-cm214.2,DRIFT,0.258400373,853.85655,80.24739227,-103.8887383,-604.4320172,SW,9,8,
es8-dt214,DRIFT,0.258400373,853.85655,80.24739227,-103.8887383,-604.4320172,SW,9,8,
es8-cm215.1,MULTIPOLE,0,854.74795,80.33017165,-103.0316021,-604.6767855,SW,9,8,
es8-dv215,MULTIPOLE,0,854.74795,80.33017165,-103.0316021,-604.6767855,SW,9,8,
es8-cm215.1,SBEND,0.891400429,854.74795,80.33017165,-103.0316021,-604.6767855,SW,9,8,
es8-dv215,SBEND,0.891400429,854.74795,80.33017165,-103.0316021,-604.6767855,SW,9,8,
es8-cm215.2,MULTIPOLE,0,855.00635,80.35416743,-102.7830139,-604.747317,SW,9,8,
es8-dt215,MULTIPOLE,0,855.00635,80.35416743,-102.7830139,-604.747317,SW,9,8,
es8-cm215.2,DRIFT,0.258400373,855.00635,80.35416743,-102.7830139,-604.747317,SW,9,8,
es8-dt215,DRIFT,0.258400373,855.00635,80.35416743,-102.7830139,-604.747317,SW,9,8,
es8-cm218,MULTIPOLE,0,857.73242,80.60732805,-100.156634,-605.4777674,SW,9,8,
es8-dv218,MULTIPOLE,0,857.73242,80.60732805,-100.156634,-605.4777674,SW,9,8,
es8-cm218,SBEND,2.726077105,857.73242,80.60732805,-100.156634,-605.4777674,SW,9,8,
es8-dv218,SBEND,2.726077105,857.73242,80.60732805,-100.156634,-605.4777674,SW,9,8,
es8-dt218,DRIFT,0.507,858.23942,80.6544111,-99.66747417,-605.6110779,SW,9,8,
es8-sx219,SEXTUPOLE,0.57,858.80942,80.70733517,-99.11753118,-605.7609535,SW,9,8,
es8-dt219,DRIFT,0.163,858.97242,80.72246772,-98.96026678,-605.8038127,SW,9,8,
es8-q219,QUADRUPOLE,0.5,859.34742,80.75727871,-98.59846218,-605.9024151,SW,9,8,
es8-dt220.1,DRIFT,0.064,859.53642,80.77482176,-98.41611266,-605.9521107,SW,9,8,
es8-ks220,VKICKER,0.2,859.73642,80.79338461,-98.2231502,-606.0046986,SW,9,8,
es8-cm220,MULTIPOLE,0,860.03064,80.82068974,-97.93928681,-606.0820597,SW,9,8,
es8-dt220.2,MULTIPOLE,0,860.03064,80.82068974,-97.93928681,-606.0820597,SW,9,8,
es8-cm220,DRIFT,0.294216192,860.03064,80.82068974,-97.93928681,-606.0820597,SW,9,8,
es8-dt220.2,DRIFT,0.294216192,860.03064,80.82068974,-97.93928681,-606.0820597,SW,9,8,
es8-cm223.1,MULTIPOLE,0,862.75672,81.07369484,-95.3054562,-606.7851712,SW,9,8,
es8-dv223,MULTIPOLE,0,862.75672,81.07369484,-95.3054562,-606.7851712,SW,9,8,
es8-cm223.1,SBEND,2.726077105,862.75672,81.07369484,-95.3054562,-606.7851712,SW,9,8,
es8-dv223,SBEND,2.726077105,862.75672,81.07369484,-95.3054562,-606.7851712,SW,9,8,
es8-cm223.2,MULTIPOLE,0,863.01512,81.09767769,-95.05545559,-606.8505199,SW,9,8,
es8-dt223,MULTIPOLE,0,863.01512,81.09767769,-95.05545559,-606.8505199,SW,9,8,
es8-cm223.2,DRIFT,0.258400373,863.01512,81.09767769,-95.05545559,-606.8505199,SW,9,8,
es8-dt223,DRIFT,0.258400373,863.01512,81.09767769,-95.05545559,-606.8505199,SW,9,8,
es8-cm224.1,MULTIPOLE,0,863.90652,81.18040964,-94.19265025,-607.0744862,SW,9,8,
es8-dv224,MULTIPOLE,0,863.90652,81.18040964,-94.19265025,-607.0744862,SW,9,8,
es8-cm224.1,SBEND,0.891400429,863.90652,81.18040964,-94.19265025,-607.0744862,SW,9,8,
es8-dv224,SBEND,0.891400429,863.90652,81.18040964,-94.19265025,-607.0744862,SW,9,8,
es8-cm224.2,MULTIPOLE,0,864.16492,81.2043917,-93.94242897,-607.1389847,SW,9,8,
es8-dt224,MULTIPOLE,0,864.16492,81.2043917,-93.94242897,-607.1389847,SW,9,8,
es8-cm224.2,DRIFT,0.258400373,864.16492,81.2043917,-93.94242897,-607.1389847,SW,9,8,
es8-dt224,DRIFT,0.258400373,864.16492,81.2043917,-93.94242897,-607.1389847,SW,9,8,
es8-cm227,MULTIPOLE,0,866.891,81.45740688,-91.29915088,-607.8057009,SW,9,8,
es8-dv227,MULTIPOLE,0,866.891,81.45740688,-91.29915088,-607.8057009,SW,9,8,
es8-cm227,SBEND,2.726077105,866.891,81.45740688,-91.29915088,-607.8057009,SW,9,8,
es8-dv227,SBEND,2.726077105,866.891,81.45740688,-91.29915088,-607.8057009,SW,9,8,
es8-dt227,DRIFT,0.5,867.391,81.50381328,-90.81370618,-607.925465,SW,9,8,
es8-sx228.1,SEXTUPOLE,0.24,867.631,81.52608585,-90.58069272,-607.9829518,SW,9,8,
es8-dt228.1,DRIFT,0.104,867.735,81.53573679,-90.47972022,-608.0078627,SW,9,8,
es8-sx228.2,SEXTUPOLE,0.24,867.975,81.55800701,-90.24670676,-608.0653495,SW,9,8,
es8-dt228.2,DRIFT,0.156,868.131,81.57248178,-90.09524802,-608.1027159,SW,9,8,
es8-q229,QUADRUPOLE,0.5,868.506,81.60727405,-89.73116449,-608.1925389,SW,9,8,
es8-dt229.1,DRIFT,0.064,868.695,81.62480782,-89.54766639,-608.2378098,SW,9,8,
es8-ks229,HKICKER,0.2,868.895,81.64336096,-89.35348851,-608.2857154,SW,9,8,
es8-cm229,MULTIPOLE,0,869.18921,81.67065201,-89.06783712,-608.3561885,SW,9,8,
es8-dt229.2,MULTIPOLE,0,869.18921,81.67065201,-89.06783712,-608.3561885,SW,9,8,
es8-cm229,DRIFT,0.294216192,869.18921,81.67065201,-89.06783712,-608.3561885,SW,9,8,
es8-dt229.2,DRIFT,0.294216192,869.18921,81.67065201,-89.06783712,-608.3561885,SW,9,8,
es8-cm232.1,MULTIPOLE,0,871.91529,81.92352604,-86.41777175,-608.9953934,SW,9,8,
es8-dv232,MULTIPOLE,0,871.91529,81.92352604,-86.41777175,-608.9953934,SW,9,8,
es8-cm232.1,SBEND,2.726077105,871.91529,81.92352604,-86.41777175,-608.9953934,SW,9,8,
es8-dv232,SBEND,2.726077105,871.91529,81.92352604,-86.41777175,-608.9953934,SW,9,8,
es8-cm232.2,MULTIPOLE,0,872.17369,81.94749638,-86.16626377,-609.0546766,SW,9,8,
es8-dt232,MULTIPOLE,0,872.17369,81.94749638,-86.16626377,-609.0546766,SW,9,8,
es8-cm232.2,DRIFT,0.258400373,872.17369,81.94749638,-86.16626377,-609.0546766,SW,9,8,
es8-dt232,DRIFT,0.258400373,872.17369,81.94749638,-86.16626377,-609.0546766,SW,9,8,
es8-cm233.1,MULTIPOLE,0,873.06509,82.03018534,-85.29829405,-609.2577099,SW,9,8,
es8-dv233,MULTIPOLE,0,873.06509,82.03018534,-85.29829405,-609.2577099,SW,9,8,
es8-cm233.1,SBEND,0.891400429,873.06509,82.03018534,-85.29829405,-609.2577099,SW,9,8,
es8-dv233,SBEND,0.891400429,873.06509,82.03018534,-85.29829405,-609.2577099,SW,9,8,
es8-cm233.2,MULTIPOLE,0,873.32349,82.05415498,-85.04658603,-609.3161378,SW,9,8,
es8-dt233,MULTIPOLE,0,873.32349,82.05415498,-85.04658603,-609.3161378,SW,9,8,
es8-cm233.2,DRIFT,0.258400373,873.32349,82.05415498,-85.04658603,-609.3161378,SW,9,8,
es8-dt233,DRIFT,0.258400373,873.32349,82.05415498,-85.04658603,-609.3161378,SW,9,8,
es8-cm236,MULTIPOLE,0,876.04957,82.30703828,-82.38795619,-609.9187296,SW,9,8,
es8-dv236,MULTIPOLE,0,876.04957,82.30703828,-82.38795619,-609.9187296,SW,9,8,
es8-cm236,SBEND,2.726077105,876.04957,82.30703828,-82.38795619,-609.9187296,SW,9,8,
es8-dv236,SBEND,2.726077105,876.04957,82.30703828,-82.38795619,-609.9187296,SW,9,8,
es8-dt237.1,DRIFT,0.507,876.55657,82.35406982,-81.89292213,-610.0282297,SW,9,8,
es8-sx237,SEXTUPOLE,0.57,877.12657,82.40693772,-81.33637495,-610.1513363,SW,9,8,
es8-dt237.2,DRIFT,0.163,877.28957,82.42205456,-81.17722199,-610.1865405,SW,9,8,
es8-q238,QUADRUPOLE,0.5,877.66457,82.45682997,-80.81107253,-610.2675317,SW,9,8,
es8-dt238.1,DRIFT,0.064,877.85357,82.4743554,-80.62653321,-610.3083513,SW,9,8,
es8-ks238,VKICKER,0.2,878.05357,82.49289981,-80.4312535,-610.3515466,SW,9,8,
es8-cm238,MULTIPOLE,0,878.34778,82.52017825,-80.14398123,-610.4150904,SW,9,8,
es8-dt238.2,MULTIPOLE,0,878.34778,82.52017825,-80.14398123,-610.4150904,SW,9,8,
es8-cm238,DRIFT,0.294216192,878.34778,82.52017825,-80.14398123,-610.4150904,SW,9,8,
es8-dt238.2,DRIFT,0.294216192,878.34778,82.52017825,-80.14398123,-610.4150904,SW,9,8,
es8-cm241.1,MULTIPOLE,0,881.07386,82.77293466,-77.47923147,-610.9900149,SW,9,8,
es8-dv241,MULTIPOLE,0,881.07386,82.77293466,-77.47923147,-610.9900149,SW,9,8,
es8-cm241.1,SBEND,2.726077105,881.07386,82.77293466,-77.47923147,-610.9900149,SW,9,8,
es8-dv241,SBEND,2.726077105,881.07386,82.77293466,-77.47923147,-610.9900149,SW,9,8,
es8-cm241.2,MULTIPOLE,0,881.33226,82.79689378,-77.22636326,-611.0431978,SW,9,8,
es8-dt241,MULTIPOLE,0,881.33226,82.79689378,-77.22636326,-611.0431978,SW,9,8,
es8-cm241.2,DRIFT,0.258400373,881.33226,82.79689378,-77.22636326,-611.0431978,SW,9,8,
es8-dt241,DRIFT,0.258400373,881.33226,82.79689378,-77.22636326,-611.0431978,SW,9,8,
es8-cm242.1,MULTIPOLE,0,882.22366,82.87954414,-76.35373695,-611.2251793,SW,9,8,
es8-dv242,MULTIPOLE,0,882.22366,82.87954414,-76.35373695,-611.2251793,SW,9,8,
es8-cm242.1,SBEND,0.891400429,882.22366,82.87954414,-76.35373695,-611.2251793,SW,9,8,
es8-dv242,SBEND,0.891400429,882.22366,82.87954414,-76.35373695,-611.2251793,SW,9,8,
es8-cm242.2,MULTIPOLE,0,882.48206,82.90350263,-76.10068944,-611.2775024,SW,9,8,
es8-dt242,MULTIPOLE,0,882.48206,82.90350263,-76.10068944,-611.2775024,SW,9,8,
es8-cm242.2,DRIFT,0.258400373,882.48206,82.90350263,-76.10068944,-611.2775024,SW,9,8,
es8-dt242,DRIFT,0.258400373,882.48206,82.90350263,-76.10068944,-611.2775024,SW,9,8,
es8-cm245,MULTIPOLE,0,885.20814,83.15626747,-73.42826323,-611.8156173,SW,9,8,
es8-dv245,MULTIPOLE,0,885.20814,83.15626747,-73.42826323,-611.8156173,SW,9,8,
es8-cm245,SBEND,2.726077105,885.20814,83.15626747,-73.42826323,-611.8156173,SW,9,8,
es8-dv245,SBEND,2.726077105,885.20814,83.15626747,-73.42826323,-611.8156173,SW,9,8,
es8-dt246.1,DRIFT,0.5,885.70814,83.202628,-72.93759499,-611.9117666,SW,9,8,
es8-sx246.1,SEXTUPOLE,0.24,885.94814,83.22487905,-72.70207424,-611.9579183,SW,9,8,
es8-dt246.2,DRIFT,0.104,886.05214,83.23452077,-72.60001525,-611.9779173,SW,9,8,
es8-sx246.2,SEXTUPOLE,0.24,886.29214,83.25676996,-72.3644945,-612.024069,SW,9,8,
es8-dt246.3,DRIFT,0.156,886.44814,83.27123123,-72.21140601,-612.0540676,SW,9,8,
es8-q247,QUADRUPOLE,0.5,886.82314,83.30599162,-71.84340483,-612.1261795,SW,9,8,
es8-dt247,DRIFT,0.064,887.01214,83.32350963,-71.65793224,-612.162524,SW,9,8,
es8-ks247,HKICKER,0.2,887.21214,83.3420463,-71.46166495,-612.2009837,SW,9,8,
es8-cm248,MULTIPOLE,0,887.50636,83.36931356,-71.17293987,-612.257561,SW,9,8,
es8-dt248,MULTIPOLE,0,887.50636,83.36931356,-71.17293987,-612.257561,SW,9,8,
es8-cm248,DRIFT,0.294216192,887.50636,83.36931356,-71.17293987,-612.257561,SW,9,8,
es8-dt248,DRIFT,0.294216192,887.50636,83.36931356,-71.17293987,-612.257561,SW,9,8,
es8-cm250.1,MULTIPOLE,0,890.23243,83.62196569,-68.49506468,-612.7678687,SW,9,8,
es8-dv250,MULTIPOLE,0,890.23243,83.62196569,-68.49506468,-612.7678687,SW,9,8,
es8-cm250.1,SBEND,2.726077105,890.23243,83.62196569,-68.49506468,-612.7678687,SW,9,8,
es8-dv250,SBEND,2.726077105,890.23243,83.62196569,-68.49506468,-612.7678687,SW,9,8,
es8-cm250.2,MULTIPOLE,0,890.49083,83.64591485,-68.24098417,-612.8149203,SW,9,8,
es8-dt250,MULTIPOLE,0,890.49083,83.64591485,-68.24098417,-612.8149203,SW,9,8,
es8-cm250.2,DRIFT,0.258400373,890.49083,83.64591485,-68.24098417,-612.8149203,SW,9,8,
es8-dt250,DRIFT,0.258400373,890.49083,83.64591485,-68.24098417,-612.8149203,SW,9,8,
es8-cm251,MULTIPOLE,0,891.38223,83.72853096,-67.36421178,-612.9757436,SW,9,8,
es8-dv251,MULTIPOLE,0,891.38223,83.72853096,-67.36421178,-612.9757436,SW,9,8,
es8-cm251,SBEND,0.891400429,891.38223,83.72853096,-67.36421178,-612.9757436,SW,9,8,
es8-dv251,SBEND,0.891400429,891.38223,83.72853096,-67.36421178,-612.9757436,SW,9,8,
es8-cm252,MULTIPOLE,0,891.64063,83.75247957,-67.10997282,-613.0219312,SW,9,8,
es8-dt252,MULTIPOLE,0,891.64063,83.75247957,-67.10997282,-613.0219312,SW,9,8,
es8-cm252,DRIFT,0.258400373,891.64063,83.75247957,-67.10997282,-613.0219312,SW,9,8,
es8-dt252,DRIFT,0.258400373,891.64063,83.75247957,-67.10997282,-613.0219312,SW,9,8,
es8-cm254,MULTIPOLE,0,894.36671,84.00513924,-64.42531369,-613.4952544,SW,9,8,
es8-dv254,MULTIPOLE,0,894.36671,84.00513924,-64.42531369,-613.4952544,SW,9,8,
es8-cm254,SBEND,2.726077105,894.36671,84.00513924,-64.42531369,-613.4952544,SW,9,8,
es8-dv254,SBEND,2.726077105,894.36671,84.00513924,-64.42531369,-613.4952544,SW,9,8,
es8-dt255,DRIFT,0.507,894.87371,84.05212924,-63.92556365,-613.580688,SW,9,8,
es8-sx255,SEXTUPOLE,0.57,895.44371,84.10495219,-63.3637145,-613.6767376,SW,9,8,
es8-dt256.1,DRIFT,0.163,895.60671,84.12005651,-63.20304535,-613.7042044,SW,9,8,
es8-q256,QUADRUPOLE,0.5,895.98171,84.1548037,-62.83340775,-613.767395,SW,9,8,
es8-dt256.2,DRIFT,0.064,896.17071,84.17231521,-62.6471104,-613.799243,SW,9,8,
es8-ks256,VKICKER,0.2,896.37071,84.19084511,-62.44997034,-613.8329446,SW,9,8,
es8-cm257,MULTIPOLE,0,896.66493,84.21810262,-62.15996136,-613.8825224,SW,9,8,
es8-dt257,MULTIPOLE,0,896.66493,84.21810262,-62.15996136,-613.8825224,SW,9,8,
es8-cm257,DRIFT,0.294216192,896.66493,84.21810262,-62.15996136,-613.8825224,SW,9,8,
es8-dt257,DRIFT,0.294216192,896.66493,84.21810262,-62.15996136,-613.8825224,SW,9,8,
es8-cm259,MULTIPOLE,0,899.391,84.47066369,-59.47052738,-614.3279147,SW,9,8,
es8-dv259,MULTIPOLE,0,899.391,84.47066369,-59.47052738,-614.3279147,SW,9,8,
es8-cm259,SBEND,2.726077105,899.391,84.47066369,-59.47052738,-614.3279147,SW,9,8,
es8-dv259,SBEND,2.726077105,899.391,84.47066369,-59.47052738,-614.3279147,SW,9,8,
es8-cm260,MULTIPOLE,0,899.6494,84.49460414,-59.21538322,-614.3688074,SW,9,8,
es8-dt260,MULTIPOLE,0,899.6494,84.49460414,-59.21538322,-614.3688074,SW,9,8,
es8-cm260,DRIFT,0.258400373,899.6494,84.49460414,-59.21538322,-614.3688074,SW,9,8,
es8-dt260,DRIFT,0.258400373,899.6494,84.49460414,-59.21538322,-614.3688074,SW,9,8,
es8-cm261.1,MULTIPOLE,0,900.5408,84.57719033,-58.33497769,-614.5083784,SW,9,8,
es8-dv261,MULTIPOLE,0,900.5408,84.57719033,-58.33497769,-614.5083784,SW,9,8,
es8-cm261.1,SBEND,0.891400429,900.5408,84.57719033,-58.33497769,-614.5083784,SW,9,8,
es8-dv261,SBEND,0.891400429,900.5408,84.57719033,-58.33497769,-614.5083784,SW,9,8,
es8-cm261.2,MULTIPOLE,0,900.79921,84.6011303,-58.07969601,-614.5484036,SW,9,8,
es8-dt261,MULTIPOLE,0,900.79921,84.6011303,-58.07969601,-614.5484036,SW,9,8,
es8-cm261.2,DRIFT,0.258400373,900.79921,84.6011303,-58.07969601,-614.5484036,SW,9,8,
es8-dt261,DRIFT,0.258400373,900.79921,84.6011303,-58.07969601,-614.5484036,SW,9,8,
es8-cm264,MULTIPOLE,0,903.52528,84.85369799,-55.38437457,-614.9566582,SW,9,8,
es8-dv264,MULTIPOLE,0,903.52528,84.85369799,-55.38437457,-614.9566582,SW,9,8,
es8-cm264,SBEND,2.726077105,903.52528,84.85369799,-55.38437457,-614.9566582,SW,9,8,
es8-dv264,SBEND,2.726077105,903.52528,84.85369799,-55.38437457,-614.9566582,SW,9,8,
es8-dt264.1,DRIFT,0.5,904.02528,84.90002238,-54.88963086,-615.0289677,SW,9,8,
es8-sx264,SEXTUPOLE,0.24,904.26528,84.9222566,-54.65215388,-615.0636763,SW,9,8,
es8-dt264.2,DRIFT,0.104,904.36928,84.93189113,-54.54924719,-615.0787166,SW,9,8,
es8-sx265,SEXTUPOLE,0.24,904.60928,84.95412395,-54.31177021,-615.1134252,SW,9,8,
es8-dt265.1,DRIFT,0.156,904.76528,84.96857475,-54.15741018,-615.1359858,SW,9,8,
es8-q265,QUADRUPOLE,0.5,905.14028,85.00331055,-53.7863524,-615.1902179,SW,9,8,
es8-dt265.2,DRIFT,0.064,905.32928,85.02081647,-53.59933927,-615.2175509,SW,9,8,
es8-ks266,HKICKER,0.2,905.52928,85.03934057,-53.40144179,-615.2464747,SW,9,8,
es8-cm266,MULTIPOLE,0,905.8235,85.06658974,-53.11031857,-615.2890239,SW,9,8,
es8-dt266,MULTIPOLE,0,905.8235,85.06658974,-53.11031857,-615.2890239,SW,9,8,
es8-cm266,DRIFT,0.294216192,905.8235,85.06658974,-53.11031857,-615.2890239,SW,9,8,
es8-dt266,DRIFT,0.294216192,905.8235,85.06658974,-53.11031857,-615.2890239,SW,9,8,
es8-cm269.1,MULTIPOLE,0,908.54958,85.31907287,-50.4108992,-615.6692403,SW,9,8,
es8-dv269,MULTIPOLE,0,908.54958,85.31907287,-50.4108992,-615.6692403,SW,9,8,
es8-cm269.1,SBEND,2.726077105,908.54958,85.31907287,-50.4108992,-615.6692403,SW,9,8,
es8-dv269,SBEND,2.726077105,908.54958,85.31907287,-50.4108992,-615.6692403,SW,9,8,
es8-cm269.2,MULTIPOLE,0,908.80798,85.34300584,-50.15484066,-615.7039502,SW,9,8,
es8-dt269,MULTIPOLE,0,908.80798,85.34300584,-50.15484066,-615.7039502,SW,9,8,
es8-cm269.2,DRIFT,0.258400373,908.80798,85.34300584,-50.15484066,-615.7039502,SW,9,8,
es8-dt269,DRIFT,0.258400373,908.80798,85.34300584,-50.15484066,-615.7039502,SW,9,8,
es8-cm270.1,MULTIPOLE,0,909.69938,85.42556639,-49.27131704,-615.8221872,SW,9,8,
es8-dv270,MULTIPOLE,0,909.69938,85.42556639,-49.27131704,-615.8221872,SW,9,8,
es8-cm270.1,SBEND,0.891400429,909.69938,85.42556639,-49.27131704,-615.8221872,SW,9,8,
es8-dv270,SBEND,0.891400429,909.69938,85.42556639,-49.27131704,-615.8221872,SW,9,8,
es8-cm270.2,MULTIPOLE,0,909.95778,85.44949896,-49.01514201,-615.8560266,SW,9,8,
es8-dt270,MULTIPOLE,0,909.95778,85.44949896,-49.01514201,-615.8560266,SW,9,8,
es8-cm270.2,DRIFT,0.258400373,909.95778,85.44949896,-49.01514201,-615.8560266,SW,9,8,
es8-dt270,DRIFT,0.258400373,909.95778,85.44949896,-49.01514201,-615.8560266,SW,9,8,
es8-cm273,MULTIPOLE,0,912.68385,85.70198775,-46.31073509,-616.1989737,SW,9,8,
es8-dv273,MULTIPOLE,0,912.68385,85.70198775,-46.31073509,-616.1989737,SW,9,8,
es8-cm273,SBEND,2.726077105,912.68385,85.70198775,-46.31073509,-616.1989737,SW,9,8,
es8-dv273,SBEND,2.726077105,912.68385,85.70198775,-46.31073509,-616.1989737,SW,9,8,
es8-dt273,DRIFT,0.507,913.19085,85.748946,-45.80743839,-616.2601409,SW,9,8,
es8-sx274,SEXTUPOLE,0.57,913.76085,85.80173501,-45.24160185,-616.3289087,SW,9,8,
es8-dt274.1,DRIFT,0.163,913.92385,85.81682996,-45.07979246,-616.3485739,SW,9,8,
es8-q274,QUADRUPOLE,0.5,914.29885,85.85155616,-44.70753158,-616.3938159,SW,9,8,
es8-dt274.2,DRIFT,0.064,914.48785,85.86905739,-44.51991209,-616.4166179,SW,9,8,
es8-ks275,VKICKER,0.2,914.68785,85.88757664,-44.32137296,-616.4407469,SW,9,8,
es8-cm275,MULTIPOLE,0,914.98207,85.91481889,-44.02930582,-616.4762427,SW,9,8,
es8-dt275,MULTIPOLE,0,914.98207,85.91481889,-44.02930582,-616.4762427,SW,9,8,
es8-cm275,DRIFT,0.294216192,914.98207,85.91481889,-44.02930582,-616.4762427,SW,9,8,
es8-dt275,DRIFT,0.294216192,914.98207,85.91481889,-44.02930582,-616.4762427,SW,9,8,
es8-cm278.1,MULTIPOLE,0,917.70815,86.1672371,-41.32148029,-616.7910607,SW,9,8,
es8-dv278,MULTIPOLE,0,917.70815,86.1672371,-41.32148029,-616.7910607,SW,9,8,
es8-cm278.1,SBEND,2.726077105,917.70815,86.1672371,-41.32148029,-616.7910607,SW,9,8,
es8-dv278,SBEND,2.726077105,917.70815,86.1672371,-41.32148029,-616.7910607,SW,9,8,
es8-cm278.2,MULTIPOLE,0,917.96655,86.19116383,-41.06465717,-616.8195676,SW,9,8,
es8-dt278,MULTIPOLE,0,917.96655,86.19116383,-41.06465717,-616.8195676,SW,9,8,
es8-cm278.2,DRIFT,0.258400373,917.96655,86.19116383,-41.06465717,-616.8195676,SW,9,8,
es8-dt278,DRIFT,0.258400373,917.96655,86.19116383,-41.06465717,-616.8195676,SW,9,8,
es8-cm279.1,MULTIPOLE,0,918.85795,86.27370299,-40.17853237,-616.9164014,SW,9,8,
es8-dv279,MULTIPOLE,0,918.85795,86.27370299,-40.17853237,-616.9164014,SW,9,8,
es8-cm279.1,SBEND,0.891400429,918.85795,86.27370299,-40.17853237,-616.9164014,SW,9,8,
es8-dv279,SBEND,0.891400429,918.85795,86.27370299,-40.17853237,-616.9164014,SW,9,8,
es8-cm279.2,MULTIPOLE,0,919.11635,86.2976294,-39.92161384,-616.9440351,SW,9,8,
es8-dt279,MULTIPOLE,0,919.11635,86.2976294,-39.92161384,-616.9440351,SW,9,8,
es8-cm279.2,DRIFT,0.258400373,919.11635,86.2976294,-39.92161384,-616.9440351,SW,9,8,
es8-dt279,DRIFT,0.258400373,919.11635,86.2976294,-39.92161384,-616.9440351,SW,9,8,
es8-cm282,MULTIPOLE,0,921.84243,86.55005229,-37.20970361,-617.2214741,SW,9,8,
es8-dv282,MULTIPOLE,0,921.84243,86.55005229,-37.20970361,-617.2214741,SW,9,8,
es8-cm282,SBEND,2.726077105,921.84243,86.55005229,-37.20970361,-617.2214741,SW,9,8,
es8-dv282,SBEND,2.726077105,921.84243,86.55005229,-37.20970361,-617.2214741,SW,9,8,
es8-dt282,DRIFT,0.5,922.34243,86.59635016,-36.71204202,-617.2697746,SW,9,8,
es8-sx283.1,SEXTUPOLE,0.24,922.58243,86.61857214,-36.47316446,-617.2929589,SW,9,8,
es8-dt283.1,DRIFT,0.104,922.68643,86.62820147,-36.36965085,-617.3030054,SW,9,8,
es8-sx283.2,SEXTUPOLE,0.24,922.92643,86.65042252,-36.13077329,-617.3261897,SW,9,8,
es8-dt283.2,DRIFT,0.156,923.08243,86.66486585,-35.97550287,-617.3412594,SW,9,8,
es8-q283,QUADRUPOLE,0.5,923.45743,86.69958423,-35.60225668,-617.3774848,SW,9,8,
es8-dt284.1,DRIFT,0.064,923.64643,86.71708168,-35.4141406,-617.3957424,SW,9,8,
es8-ks284,HKICKER,0.2,923.84643,86.73559703,-35.21507596,-617.4150627,SW,9,8,
es8-cm284,MULTIPOLE,0,924.14064,86.76283375,-34.92223576,-617.4434843,SW,9,8,
es8-dt284.2,MULTIPOLE,0,924.14064,86.76283375,-34.92223576,-617.4434843,SW,9,8,
es8-cm284,DRIFT,0.294216192,924.14064,86.76283375,-34.92223576,-617.4434843,SW,9,8,
es8-dt284.2,DRIFT,0.294216192,924.14064,86.76283375,-34.92223576,-617.4434843,SW,9,8,
es8-cm287.1,MULTIPOLE,0,926.86672,87.0152,-32.20758824,-617.6927197,SW,9,8,
es8-dv287,MULTIPOLE,0,926.86672,87.0152,-32.20758824,-617.6927197,SW,9,8,
es8-cm287.1,SBEND,2.726077105,926.86672,87.0152,-32.20758824,-617.6927197,SW,9,8,
es8-dv287,SBEND,2.726077105,926.86672,87.0152,-32.20758824,-617.6927197,SW,9,8,
es8-cm287.2,MULTIPOLE,0,927.12512,87.03912172,-31.9501508,-617.7150068,SW,9,8,
es8-dt287,MULTIPOLE,0,927.12512,87.03912172,-31.9501508,-617.7150068,SW,9,8,
es8-cm287.2,DRIFT,0.258400373,927.12512,87.03912172,-31.9501508,-617.7150068,SW,9,8,
es8-dt287,DRIFT,0.258400373,927.12512,87.03912172,-31.9501508,-617.7150068,SW,9,8,
es8-cm288.1,MULTIPOLE,0,928.01652,87.12164373,-31.06194321,-617.7903808,SW,9,8,
es8-dv288,MULTIPOLE,0,928.01652,87.12164373,-31.06194321,-617.7903808,SW,9,8,
es8-cm288.1,SBEND,0.891400429,928.01652,87.12164373,-31.06194321,-617.7903808,SW,9,8,
es8-dv288,SBEND,0.891400429,928.01652,87.12164373,-31.06194321,-617.7903808,SW,9,8,
es8-cm288.2,MULTIPOLE,0,928.27492,87.1455652,-30.80443149,-617.8117927,SW,9,8,
es8-dt288,MULTIPOLE,0,928.27492,87.1455652,-30.80443149,-617.8117927,SW,9,8,
es8-cm288.2,DRIFT,0.258400373,928.27492,87.1455652,-30.80443149,-617.8117927,SW,9,8,
es8-dt288,DRIFT,0.258400373,928.27492,87.1455652,-30.80443149,-617.8117927,SW,9,8,
es8-cm291,MULTIPOLE,0,931.001,87.39793513,-28.08660451,-618.0235613,SW,9,8,
es8-dv291,MULTIPOLE,0,931.001,87.39793513,-28.08660451,-618.0235613,SW,9,8,
es8-cm291,SBEND,2.726077105,931.001,87.39793513,-28.08660451,-618.0235613,SW,9,8,
es8-dv291,SBEND,2.726077105,931.001,87.39793513,-28.08660451,-618.0235613,SW,9,8,
es8-dt292.1,DRIFT,0.507,931.508,87.4448713,-27.58093873,-618.0603189,SW,9,8,
es8-sx292,SEXTUPOLE,0.57,932.078,87.49763721,-27.01243875,-618.1016441,SW,9,8,
es8-dt292.2,DRIFT,0.163,932.241,87.5127259,-26.8498677,-618.1134616,SW,9,8,
es8-q293,QUADRUPOLE,0.5,932.616,87.54743825,-26.47585456,-618.1406492,SW,9,8,
es8-dt293.1,DRIFT,0.064,932.805,87.56493281,-26.28735193,-618.1543518,SW,9,8,
es8-ks293,VKICKER,0.2,933.005,87.58344521,-26.08787825,-618.1688519,SW,9,8,
es8-cm293,MULTIPOLE,0,933.29921,87.61067779,-25.79443632,-618.1901826,SW,9,8,
es8-dt293.2,MULTIPOLE,0,933.29921,87.61067779,-25.79443632,-618.1901826,SW,9,8,
es8-cm293,DRIFT,0.294216192,933.29921,87.61067779,-25.79443632,-618.1901826,SW,9,8,
es8-dt293.2,DRIFT,0.294216192,933.29921,87.61067779,-25.79443632,-618.1901826,SW,9,8,
es8-cm296.1,MULTIPOLE,0,936.02529,87.86300496,-23.07455496,-618.3736897,SW,9,8,
es8-dv296,MULTIPOLE,0,936.02529,87.86300496,-23.07455496,-618.3736897,SW,9,8,
es8-cm296.1,SBEND,2.726077105,936.02529,87.86300496,-23.07455496,-618.3736897,SW,9,8,
es8-dv296,SBEND,2.726077105,936.02529,87.86300496,-23.07455496,-618.3736897,SW,9,8,
es8-cm296.2,MULTIPOLE,0,936.28369,87.8869229,-22.81665379,-618.389744,SW,9,8,
es8-dt296,MULTIPOLE,0,936.28369,87.8869229,-22.81665379,-618.389744,SW,9,8,
es8-cm296.2,DRIFT,0.258400373,936.28369,87.8869229,-22.81665379,-618.389744,SW,9,8,
es8-dt296,DRIFT,0.258400373,936.28369,87.8869229,-22.81665379,-618.389744,SW,9,8,
es8-cm297.1,MULTIPOLE,0,937.17509,87.96943197,-21.92688305,-618.4436141,SW,9,8,
es8-dv297,MULTIPOLE,0,937.17509,87.96943197,-21.92688305,-618.4436141,SW,9,8,
es8-cm297.1,SBEND,0.891400429,937.17509,87.96943197,-21.92688305,-618.4436141,SW,9,8,
es8-dv297,SBEND,0.891400429,937.17509,87.96943197,-21.92688305,-618.4436141,SW,9,8,
es8-cm297.2,MULTIPOLE,0,937.43349,87.99334972,-21.6689288,-618.4587916,SW,9,8,
es8-dt297,MULTIPOLE,0,937.43349,87.99334972,-21.6689288,-618.4587916,SW,9,8,
es8-cm297.2,DRIFT,0.258400373,937.43349,87.99334972,-21.6689288,-618.4587916,SW,9,8,
es8-dt297,DRIFT,0.258400373,937.43349,87.99334972,-21.6689288,-618.4587916,SW,9,8,
es8-cm300,MULTIPOLE,0,940.15957,88.24567956,-18.94677506,-618.6047659,SW,9,8,
es8-dv300,MULTIPOLE,0,940.15957,88.24567956,-18.94677506,-618.6047659,SW,9,8,
es8-cm300,SBEND,2.726077105,940.15957,88.24567956,-18.94677506,-618.6047659,SW,9,8,
es8-dv300,SBEND,2.726077105,940.15957,88.24567956,-18.94677506,-618.6047659,SW,9,8,
es8-dt301.1,DRIFT,0.5,940.65957,88.29196037,-18.44736001,-618.6289445,SW,9,8,
es8-sx301.1,SEXTUPOLE,0.24,940.89957,88.31417467,-18.20764078,-618.6405502,SW,9,8,
es8-dt301.2,DRIFT,0.104,941.00357,88.32380077,-18.10376245,-618.6455793,SW,9,8,
es8-sx301.2,SEXTUPOLE,0.24,941.24357,88.3460146,-17.86404322,-618.657185,SW,9,8,
es8-dt301.3,DRIFT,0.156,941.39957,88.36045341,-17.70822572,-618.6647287,SW,9,8,
es8-q302,QUADRUPOLE,0.5,941.77457,88.3951615,-17.33366443,-618.6828627,SW,9,8,
es8-dt302.1,DRIFT,0.064,941.96357,88.41265405,-17.14488554,-618.6920021,SW,9,8,
es8-ks302,HKICKER,0.2,942.16357,88.43116444,-16.94511952,-618.7016736,SW,9,8,
es8-cm302,MULTIPOLE,0,942.45778,88.45839428,-16.65124753,-618.715901,SW,9,8,
es8-dt302.2,MULTIPOLE,0,942.45778,88.45839428,-16.65124753,-618.715901,SW,9,8,
es8-cm302,DRIFT,0.294216192,942.45778,88.45839428,-16.65124753,-618.715901,SW,9,8,
es8-dt302.2,DRIFT,0.294216192,942.45778,88.45839428,-16.65124753,-618.715901,SW,9,8,
es8-cm305.1,MULTIPOLE,0,945.18386,88.71069523,-13.92772354,-618.8335724,SW,9,8,
es8-dv305,MULTIPOLE,0,945.18386,88.71069523,-13.92772354,-618.8335724,SW,9,8,
es8-cm305.1,SBEND,2.726077105,945.18386,88.71069523,-13.92772354,-618.8335724,SW,9,8,
es8-dv305,SBEND,2.726077105,945.18386,88.71069523,-13.92772354,-618.8335724,SW,9,8,
es8-cm305.2,MULTIPOLE,0,945.44226,88.7346106,-13.66950953,-618.8433844,SW,9,8,
es8-dt305,MULTIPOLE,0,945.44226,88.7346106,-13.66950953,-618.8433844,SW,9,8,
es8-cm305.2,DRIFT,0.258400373,945.44226,88.7346106,-13.66950953,-618.8433844,SW,9,8,
es8-dt305,DRIFT,0.258400373,945.44226,88.7346106,-13.66950953,-618.8433844,SW,9,8,
es8-cm306,MULTIPOLE,0,946.33366,88.81711092,-12.77869617,-618.8757191,SW,9,8,
es8-dv306,MULTIPOLE,0,946.33366,88.81711092,-12.77869617,-618.8757191,SW,9,8,
es8-cm306,SBEND,0.891400429,946.33366,88.81711092,-12.77869617,-618.8757191,SW,9,8,
es8-dv306,SBEND,0.891400429,946.33366,88.81711092,-12.77869617,-618.8757191,SW,9,8,
es8-cm307,MULTIPOLE,0,946.59206,88.84102617,-12.5204503,-618.8846535,SW,9,8,
es8-dt307,MULTIPOLE,0,946.59206,88.84102617,-12.5204503,-618.8846535,SW,9,8,
es8-cm307,DRIFT,0.258400373,946.59206,88.84102617,-12.5204503,-618.8846535,SW,9,8,
es8-dt307,DRIFT,0.258400373,946.59206,88.84102617,-12.5204503,-618.8846535,SW,9,8,
es8-cm309,MULTIPOLE,0,949.31814,89.09332876,-9.795562355,-618.964748,SW,9,8,
es8-dv309,MULTIPOLE,0,949.31814,89.09332876,-9.795562355,-618.964748,SW,9,8,
es8-cm309,SBEND,2.726077105,949.31814,89.09332876,-9.795562355,-618.964748,SW,9,8,
es8-dv309,SBEND,2.726077105,949.31814,89.09332876,-9.795562355,-618.964748,SW,9,8,
es8-dt310,DRIFT,0.507,949.82514,89.14025244,-9.28871066,-618.9770102,SW,9,8,
es8-sx310,SEXTUPOLE,0.57,950.39514,89.19300603,-8.718877394,-618.990796,SW,9,8,
es8-dt311.1,DRIFT,0.163,950.55814,89.20809152,-8.555925074,-618.9947382,SW,9,8,
es8-q311,QUADRUPOLE,0.5,950.93314,89.24279711,-8.181034767,-619.0038078,SW,9,8,
es8-dt311.2,DRIFT,0.064,951.12214,89.26028855,-7.992090053,-619.0083789,SW,9,8,
es8-ks311,VKICKER,0.2,951.32214,89.27879788,-7.792148556,-619.013216,SW,9,8,
es8-cm312,MULTIPOLE,0,951.61636,89.30602635,-7.498018426,-619.0203319,SW,9,8,
es8-dt312,MULTIPOLE,0,951.61636,89.30602635,-7.498018426,-619.0203319,SW,9,8,
es8-cm312,DRIFT,0.294216192,951.61636,89.30602635,-7.498018426,-619.0203319,SW,9,8,
es8-dt312,DRIFT,0.294216192,951.61636,89.30602635,-7.498018426,-619.0203319,SW,9,8,
es8-cm314,MULTIPOLE,0,954.34243,89.55831389,-4.772445154,-619.0720987,SW,9,8,
es8-dv314,MULTIPOLE,0,954.34243,89.55831389,-4.772445154,-619.0720987,SW,9,8,
es8-cm314,SBEND,2.726077105,954.34243,89.55831389,-4.772445154,-619.0720987,SW,9,8,
es8-dv314,SBEND,2.726077105,954.34243,89.55831389,-4.772445154,-619.0720987,SW,9,8,
es8-cm315.1,MULTIPOLE,0,954.60083,89.5822279,-4.514069362,-619.0756628,SW,9,8,
es8-dt315,MULTIPOLE,0,954.60083,89.5822279,-4.514069362,-619.0756628,SW,9,8,
es8-cm315.1,DRIFT,0.258400373,954.60083,89.5822279,-4.514069362,-619.0756628,SW,9,8,
es8-dt315,DRIFT,0.258400373,954.60083,89.5822279,-4.514069362,-619.0756628,SW,9,8,
es8-cm315.2,MULTIPOLE,0,955.49223,89.66472367,-3.622734551,-619.0864431,SW,9,8,
es8-dv315,MULTIPOLE,0,955.49223,89.66472367,-3.622734551,-619.0864431,SW,9,8,
es8-cm315.2,SBEND,0.891400429,955.49223,89.66472367,-3.622734551,-619.0864431,SW,9,8,
es8-dv315,SBEND,0.891400429,955.49223,89.66472367,-3.622734551,-619.0864431,SW,9,8,
es8-cm316,MULTIPOLE,0,955.75063,89.68863764,-3.364348137,-619.089129,SW,9,8,
es8-dt316,MULTIPOLE,0,955.75063,89.68863764,-3.364348137,-619.089129,SW,9,8,
es8-cm316,DRIFT,0.258400373,955.75063,89.68863764,-3.364348137,-619.089129,SW,9,8,
es8-dt316,DRIFT,0.258400373,955.75063,89.68863764,-3.364348137,-619.089129,SW,9,8,
es8-cm318,MULTIPOLE,0,958.47671,89.94092579,-0.638320123,-619.103297,SW,9,8,
es8-dv318,MULTIPOLE,0,958.47671,89.94092579,-0.638320123,-619.103297,SW,9,8,
es8-cm318,SBEND,2.726077105,958.47671,89.94092579,-0.638320123,-619.103297,SW,9,8,
es8-dv318,SBEND,2.726077105,958.47671,89.94092579,-0.638320123,-619.103297,SW,9,8,
es8-dt319,DRIFT,0.5,958.97671,89.98719897,-0.138320123,-619.103297,SW,9,8,
es9-sx1,SEXTUPOLE,0.24,959.21671,90.00941011,0.101679877,-619.103297,NW,9,9,
es9-dt1,DRIFT,0.104,959.32071,90.01903493,0.205679877,-619.103297,NW,9,9,
es9-sx0,SEXTUPOLE,0.24,959.56071,90.04124606,0.445679877,-619.103297,NW,9,9,
es9-dt0,DRIFT,0.156,959.71671,90.05568329,0.601679877,-619.103297,NW,9,9,
es9-q320,QUADRUPOLE,0.5,960.09171,90.09038813,0.976679877,-619.103297,NW,9,9,
es9-dt320,DRIFT,0.064,960.28071,90.10787935,1.165679877,-619.103297,NW,9,9,
es9-ks320,HKICKER,0.2,960.48071,90.12638855,1.365679877,-619.103297,NW,9,9,
es9-cm319,MULTIPOLE,0,960.77493,90.15361703,1.659896069,-619.103297,NW,9,9,
es9-dt319,MULTIPOLE,0,960.77493,90.15361703,1.659896069,-619.103297,NW,9,9,
es9-cm319,DRIFT,0.294216192,960.77493,90.15361703,1.659896069,-619.103297,NW,9,9,
es9-dt319,DRIFT,0.294216192,960.77493,90.15361703,1.659896069,-619.103297,NW,9,9,
es9-cm316.1,MULTIPOLE,0,963.50101,90.40590397,4.385924083,-619.089129,NW,9,9,
es9-dv316,MULTIPOLE,0,963.50101,90.40590397,4.385924083,-619.089129,NW,9,9,
es9-cm316.1,SBEND,2.726077105,963.50101,90.40590397,4.385924083,-619.089129,NW,9,9,
es9-dv316,SBEND,2.726077105,963.50101,90.40590397,4.385924083,-619.089129,NW,9,9,
es9-cm316.2,MULTIPOLE,0,963.75941,90.42981784,4.644310497,-619.0864431,NW,9,9,
es9-dt316,MULTIPOLE,0,963.75941,90.42981784,4.644310497,-619.0864431,NW,9,9,
es9-cm316.2,DRIFT,0.258400373,963.75941,90.42981784,4.644310497,-619.0864431,NW,9,9,
es9-dt316,DRIFT,0.258400373,963.75941,90.42981784,4.644310497,-619.0864431,NW,9,9,
es9-cm315.1,MULTIPOLE,0,964.65081,90.51231324,5.535645308,-619.0756628,NW,9,9,
es9-dv315,MULTIPOLE,0,964.65081,90.51231324,5.535645308,-619.0756628,NW,9,9,
es9-cm315.1,SBEND,0.891400429,964.65081,90.51231324,5.535645308,-619.0756628,NW,9,9,
es9-dv315,SBEND,0.891400429,964.65081,90.51231324,5.535645308,-619.0756628,NW,9,9,
es9-cm315.2,MULTIPOLE,0,964.90921,90.53622714,5.7940211,-619.0720987,NW,9,9,
es9-dt315,MULTIPOLE,0,964.90921,90.53622714,5.7940211,-619.0720987,NW,9,9,
es9-cm315.2,DRIFT,0.258400373,964.90921,90.53622714,5.7940211,-619.0720987,NW,9,9,
es9-dt315,DRIFT,0.258400373,964.90921,90.53622714,5.7940211,-619.0720987,NW,9,9,
es9-cm312,MULTIPOLE,0,967.63528,90.78851365,8.519594373,-619.0203319,NW,9,9,
es9-dv312,MULTIPOLE,0,967.63528,90.78851365,8.519594373,-619.0203319,NW,9,9,
es9-cm312,SBEND,2.726077105,967.63528,90.78851365,8.519594373,-619.0203319,NW,9,9,
es9-dv312,SBEND,2.726077105,967.63528,90.78851365,8.519594373,-619.0203319,NW,9,9,
es9-dt312,DRIFT,0.507,968.14228,90.83543436,9.026446067,-619.0080697,NW,9,9,
es9-sx311,SEXTUPOLE,0.57,968.71228,90.88818633,9.596279334,-618.9942839,NW,9,9,
es9-dt311.1,DRIFT,0.163,968.87528,90.9032717,9.759231654,-618.9903417,NW,9,9,
es9-q311,QUADRUPOLE,0.5,969.25028,90.93797756,10.13412196,-618.9812721,NW,9,9,
es9-dt311.2,DRIFT,0.064,969.43928,90.95546944,10.32306668,-618.976701,NW,9,9,
es9-ks310,VKICKER,0.2,969.63928,90.97397946,10.52300817,-618.9718639,NW,9,9,
es9-cm310,MULTIPOLE,0,969.9335,91.00120934,10.8171383,-618.964748,NW,9,9,
es9-dt310,MULTIPOLE,0,969.9335,91.00120934,10.8171383,-618.964748,NW,9,9,
es9-cm310,DRIFT,0.294216192,969.9335,91.00120934,10.8171383,-618.964748,NW,9,9,
es9-dt310,DRIFT,0.294216192,969.9335,91.00120934,10.8171383,-618.964748,NW,9,9,
es9-cm307.1,MULTIPOLE,0,972.65958,91.25350847,13.54202625,-618.8846535,NW,9,9,
es9-dv307,MULTIPOLE,0,972.65958,91.25350847,13.54202625,-618.8846535,NW,9,9,
es9-cm307.1,SBEND,2.726077105,972.65958,91.25350847,13.54202625,-618.8846535,NW,9,9,
es9-dv307,SBEND,2.726077105,972.65958,91.25350847,13.54202625,-618.8846535,NW,9,9,
es9-cm307.2,MULTIPOLE,0,972.91798,91.27742341,13.80027212,-618.8757191,NW,9,9,
es9-dt307,MULTIPOLE,0,972.91798,91.27742341,13.80027212,-618.8757191,NW,9,9,
es9-cm307.2,DRIFT,0.258400373,972.91798,91.27742341,13.80027212,-618.8757191,NW,9,9,
es9-dt307,DRIFT,0.258400373,972.91798,91.27742341,13.80027212,-618.8757191,NW,9,9,
es9-cm306.1,MULTIPOLE,0,973.80938,91.35992263,14.69108547,-618.8433844,NW,9,9,
es9-dv306,MULTIPOLE,0,973.80938,91.35992263,14.69108547,-618.8433844,NW,9,9,
es9-cm306.1,SBEND,0.891400429,973.80938,91.35992263,14.69108547,-618.8433844,NW,9,9,
es9-dv306,SBEND,0.891400429,973.80938,91.35992263,14.69108547,-618.8433844,NW,9,9,
es9-cm306.2,MULTIPOLE,0,974.06778,91.38383767,14.94929949,-618.8335724,NW,9,9,
es9-dt306,MULTIPOLE,0,974.06778,91.38383767,14.94929949,-618.8335724,NW,9,9,
es9-cm306.2,DRIFT,0.258400373,974.06778,91.38383767,14.94929949,-618.8335724,NW,9,9,
es9-dt306,DRIFT,0.258400373,974.06778,91.38383767,14.94929949,-618.8335724,NW,9,9,
es9-cm303,MULTIPOLE,0,976.79385,91.63613534,17.67282347,-618.715901,NW,9,9,
es9-dv303,MULTIPOLE,0,976.79385,91.63613534,17.67282347,-618.715901,NW,9,9,
es9-cm303,SBEND,2.726077105,976.79385,91.63613534,17.67282347,-618.715901,NW,9,9,
es9-dv303,SBEND,2.726077105,976.79385,91.63613534,17.67282347,-618.715901,NW,9,9,
es9-dt303,DRIFT,0.5,977.29385,91.68241027,18.17223853,-618.6917225,NW,9,9,
es9-sx302.1,SEXTUPOLE,0.24,977.53385,91.70462275,18.41195776,-618.6801168,NW,9,9,
es9-dt302.1,DRIFT,0.104,977.63785,91.71424826,18.51583609,-618.6750876,NW,9,9,
es9-sx302.2,SEXTUPOLE,0.24,977.87785,91.73646119,18.75555531,-618.6634819,NW,9,9,
es9-dt302.2,DRIFT,0.156,978.03385,91.75089977,18.91137281,-618.6559382,NW,9,9,
es9-q302,QUADRUPOLE,0.5,978.40885,91.78560841,19.2859341,-618.6378043,NW,9,9,
es9-dt301.1,DRIFT,0.064,978.59785,91.80310184,19.47471299,-618.6286648,NW,9,9,
es9-ks301,HKICKER,0.2,978.79785,91.8216136,19.67447902,-618.6189934,NW,9,9,
es9-cm301,MULTIPOLE,0,979.09207,91.84884626,19.96835101,-618.6047659,NW,9,9,
es9-dt301.2,MULTIPOLE,0,979.09207,91.84884626,19.96835101,-618.6047659,NW,9,9,
es9-cm301,DRIFT,0.294216192,979.09207,91.84884626,19.96835101,-618.6047659,NW,9,9,
es9-dt301.2,DRIFT,0.294216192,979.09207,91.84884626,19.96835101,-618.6047659,NW,9,9,
es9-cm298.1,MULTIPOLE,0,981.81815,92.10117039,22.69050475,-618.4587916,NW,9,9,
es9-dv298,MULTIPOLE,0,981.81815,92.10117039,22.69050475,-618.4587916,NW,9,9,
es9-cm298.1,SBEND,2.726077105,981.81815,92.10117039,22.69050475,-618.4587916,NW,9,9,
es9-dv298,SBEND,2.726077105,981.81815,92.10117039,22.69050475,-618.4587916,NW,9,9,
es9-cm298.2,MULTIPOLE,0,982.07655,92.12508762,22.94845899,-618.4436141,NW,9,9,
es9-dt298,MULTIPOLE,0,982.07655,92.12508762,22.94845899,-618.4436141,NW,9,9,
es9-cm298.2,DRIFT,0.258400373,982.07655,92.12508762,22.94845899,-618.4436141,NW,9,9,
es9-dt298,DRIFT,0.258400373,982.07655,92.12508762,22.94845899,-618.4436141,NW,9,9,
es9-cm297.1,MULTIPOLE,0,982.96795,92.20759484,23.83822974,-618.389744,NW,9,9,
es9-dv297,MULTIPOLE,0,982.96795,92.20759484,23.83822974,-618.389744,NW,9,9,
es9-cm297.1,SBEND,0.891400429,982.96795,92.20759484,23.83822974,-618.389744,NW,9,9,
es9-dv297,SBEND,0.891400429,982.96795,92.20759484,23.83822974,-618.389744,NW,9,9,
es9-cm297.2,MULTIPOLE,0,983.22635,92.23151224,24.09613091,-618.3736897,NW,9,9,
es9-dt297,MULTIPOLE,0,983.22635,92.23151224,24.09613091,-618.3736897,NW,9,9,
es9-cm297.2,DRIFT,0.258400373,983.22635,92.23151224,24.09613091,-618.3736897,NW,9,9,
es9-dt297,DRIFT,0.258400373,983.22635,92.23151224,24.09613091,-618.3736897,NW,9,9,
es9-cm294,MULTIPOLE,0,985.95243,92.48383388,26.81601227,-618.1901826,NW,9,9,
es9-dv294,MULTIPOLE,0,985.95243,92.48383388,26.81601227,-618.1901826,NW,9,9,
es9-cm294,SBEND,2.726077105,985.95243,92.48383388,26.81601227,-618.1901826,NW,9,9,
es9-dv294,SBEND,2.726077105,985.95243,92.48383388,26.81601227,-618.1901826,NW,9,9,
es9-dt294,DRIFT,0.507,986.45943,92.53076114,27.32167804,-618.153425,NW,9,9,
es9-sx293,SEXTUPOLE,0.57,987.02943,92.58352221,27.89017802,-618.1120998,NW,9,9,
es9-dt293,DRIFT,0.163,987.19243,92.59861051,28.05274907,-618.1002823,NW,9,9,
es9-q292,QUADRUPOLE,0.5,987.56743,92.6333237,28.42676222,-618.0730946,NW,9,9,
es9-dt292.1,DRIFT,0.064,987.75643,92.65081957,28.61526484,-618.0593921,NW,9,9,
es9-ks292,VKICKER,0.2,987.95643,92.66933402,28.81473852,-618.044892,NW,9,9,
es9-cm292,MULTIPOLE,0,988.25064,92.69657085,29.10818045,-618.0235613,NW,9,9,
es9-dt292.2,MULTIPOLE,0,988.25064,92.69657085,29.10818045,-618.0235613,NW,9,9,
es9-cm292,DRIFT,0.294216192,988.25064,92.69657085,29.10818045,-618.0235613,NW,9,9,
es9-dt292.2,DRIFT,0.294216192,988.25064,92.69657085,29.10818045,-618.0235613,NW,9,9,
es9-cm289.1,MULTIPOLE,0,990.97672,92.94893281,31.82600744,-617.8117927,NW,9,9,
es9-dv289,MULTIPOLE,0,990.97672,92.94893281,31.82600744,-617.8117927,NW,9,9,
es9-cm289.1,SBEND,2.726077105,990.97672,92.94893281,31.82600744,-617.8117927,NW,9,9,
es9-dv289,SBEND,2.726077105,990.97672,92.94893281,31.82600744,-617.8117927,NW,9,9,
es9-cm289.2,MULTIPOLE,0,991.23512,92.97285354,32.08351915,-617.7903808,NW,9,9,
es9-dt289,MULTIPOLE,0,991.23512,92.97285354,32.08351915,-617.7903808,NW,9,9,
es9-cm289.2,DRIFT,0.258400373,991.23512,92.97285354,32.08351915,-617.7903808,NW,9,9,
es9-dt289,DRIFT,0.258400373,991.23512,92.97285354,32.08351915,-617.7903808,NW,9,9,
es9-cm288.1,MULTIPOLE,0,992.12652,93.05537297,32.97172674,-617.7150068,NW,9,9,
es9-dv288,MULTIPOLE,0,992.12652,93.05537297,32.97172674,-617.7150068,NW,9,9,
es9-cm288.1,SBEND,0.891400429,992.12652,93.05537297,32.97172674,-617.7150068,NW,9,9,
es9-dv288,SBEND,0.891400429,992.12652,93.05537297,32.97172674,-617.7150068,NW,9,9,
es9-cm288.2,MULTIPOLE,0,992.38492,93.07929394,33.22916419,-617.6927197,NW,9,9,
es9-dt288,MULTIPOLE,0,992.38492,93.07929394,33.22916419,-617.6927197,NW,9,9,
es9-cm288.2,DRIFT,0.258400373,992.38492,93.07929394,33.22916419,-617.6927197,NW,9,9,
es9-dt288,DRIFT,0.258400373,992.38492,93.07929394,33.22916419,-617.6927197,NW,9,9,
es9-cm285,MULTIPOLE,0,995.111,93.33165238,35.94381171,-617.4434843,NW,9,9,
es9-dv285,MULTIPOLE,0,995.111,93.33165238,35.94381171,-617.4434843,NW,9,9,
es9-cm285,SBEND,2.726077105,995.111,93.33165238,35.94381171,-617.4434843,NW,9,9,
es9-dv285,SBEND,2.726077105,995.111,93.33165238,35.94381171,-617.4434843,NW,9,9,
es9-dt284.1,DRIFT,0.5,995.611,93.37793848,36.4414733,-617.3951837,NW,9,9,
es9-sx284.1,SEXTUPOLE,0.24,995.851,93.40015682,36.68035086,-617.3719995,NW,9,9,
es9-dt284.2,DRIFT,0.104,995.955,93.40978496,36.78386447,-617.3619529,NW,9,9,
es9-sx284.2,SEXTUPOLE,0.24,996.195,93.43200422,37.02274204,-617.3387687,NW,9,9,
es9-dt284.3,DRIFT,0.156,996.351,93.44644708,37.17801245,-617.3236989,NW,9,9,
es9-q283,QUADRUPOLE,0.5,996.726,93.48116657,37.55125865,-617.2874735,NW,9,9,
es9-dt283.1,DRIFT,0.064,996.915,93.49866578,37.73937473,-617.2692159,NW,9,9,
es9-ks283,HKICKER,0.2,997.115,93.51718387,37.93843936,-617.2498957,NW,9,9,
es9-cm283,MULTIPOLE,0,997.40921,93.54442624,38.23127956,-617.2214741,NW,9,9,
es9-dt283.2,MULTIPOLE,0,997.40921,93.54442624,38.23127956,-617.2214741,NW,9,9,
es9-cm283,DRIFT,0.294216192,997.40921,93.54442624,38.23127956,-617.2214741,NW,9,9,
es9-dt283.2,DRIFT,0.294216192,997.40921,93.54442624,38.23127956,-617.2214741,NW,9,9,
es9-cm280.1,MULTIPOLE,0,1000.13529,93.7968389,40.94318979,-616.9440351,NW,9,9,
es9-dv280,MULTIPOLE,0,1000.13529,93.7968389,40.94318979,-616.9440351,NW,9,9,
es9-cm280.1,SBEND,2.726077105,1000.13529,93.7968389,40.94318979,-616.9440351,NW,9,9,
es9-dv280,SBEND,2.726077105,1000.13529,93.7968389,40.94318979,-616.9440351,NW,9,9,
es9-cm280.2,MULTIPOLE,0,1000.39369,93.82076435,41.20010831,-616.9164014,NW,9,9,
es9-dt280,MULTIPOLE,0,1000.39369,93.82076435,41.20010831,-616.9164014,NW,9,9,
es9-cm280.2,DRIFT,0.258400373,1000.39369,93.82076435,41.20010831,-616.9164014,NW,9,9,
es9-dt280,DRIFT,0.258400373,1000.39369,93.82076435,41.20010831,-616.9164014,NW,9,9,
es9-cm279,MULTIPOLE,0,1001.28509,93.9033002,42.08623312,-616.8195676,NW,9,9,
es9-dv279,MULTIPOLE,0,1001.28509,93.9033002,42.08623312,-616.8195676,NW,9,9,
es9-cm279,SBEND,0.891400429,1001.28509,93.9033002,42.08623312,-616.8195676,NW,9,9,
es9-dv279,SBEND,0.891400429,1001.28509,93.9033002,42.08623312,-616.8195676,NW,9,9,
es9-cm278,MULTIPOLE,0,1001.54349,93.92722596,42.34305624,-616.7910607,NW,9,9,
es9-dt278,MULTIPOLE,0,1001.54349,93.92722596,42.34305624,-616.7910607,NW,9,9,
es9-cm278,DRIFT,0.258400373,1001.54349,93.92722596,42.34305624,-616.7910607,NW,9,9,
es9-dt278,DRIFT,0.258400373,1001.54349,93.92722596,42.34305624,-616.7910607,NW,9,9,
es9-cm276,MULTIPOLE,0,1004.26957,94.17963411,45.05088176,-616.4762427,NW,9,9,
es9-dv276,MULTIPOLE,0,1004.26957,94.17963411,45.05088176,-616.4762427,NW,9,9,
es9-cm276,SBEND,2.726077105,1004.26957,94.17963411,45.05088176,-616.4762427,NW,9,9,
es9-dv276,SBEND,2.726077105,1004.26957,94.17963411,45.05088176,-616.4762427,NW,9,9,
es9-dt275,DRIFT,0.507,1004.77657,94.22657748,45.55417847,-616.4150755,NW,9,9,
es9-sx275,SEXTUPOLE,0.57,1005.34657,94.2793584,46.12001501,-616.3463077,NW,9,9,
es9-dt274.1,DRIFT,0.163,1005.50957,94.29445272,46.2818244,-616.3266425,NW,9,9,
es9-q274,QUADRUPOLE,0.5,1005.88457,94.3291803,46.65408528,-616.2814005,NW,9,9,
es9-dt274.2,DRIFT,0.064,1006.07357,94.34668373,46.84170476,-616.2585986,NW,9,9,
es9-ks274,VKICKER,0.2,1006.27357,94.3652064,47.0402439,-616.2344695,NW,9,9,
es9-cm273,MULTIPOLE,0,1006.56779,94.39245573,47.33231104,-616.1989737,NW,9,9,
es9-dt273,MULTIPOLE,0,1006.56779,94.39245573,47.33231104,-616.1989737,NW,9,9,
es9-cm273,DRIFT,0.294216192,1006.56779,94.39245573,47.33231104,-616.1989737,NW,9,9,
es9-dt273,DRIFT,0.294216192,1006.56779,94.39245573,47.33231104,-616.1989737,NW,9,9,
es9-cm271,MULTIPOLE,0,1009.29386,94.64493201,50.03671796,-615.8560266,NW,9,9,
es9-dv271,MULTIPOLE,0,1009.29386,94.64493201,50.03671796,-615.8560266,NW,9,9,
es9-cm271,SBEND,2.726077105,1009.29386,94.64493201,50.03671796,-615.8560266,NW,9,9,
es9-dv271,SBEND,2.726077105,1009.29386,94.64493201,50.03671796,-615.8560266,NW,9,9,
es9-cm270.1,MULTIPOLE,0,1009.55226,94.66886341,50.29289299,-615.8221872,NW,9,9,
es9-dt270,MULTIPOLE,0,1009.55226,94.66886341,50.29289299,-615.8221872,NW,9,9,
es9-cm270.1,DRIFT,0.258400373,1009.55226,94.66886341,50.29289299,-615.8221872,NW,9,9,
es9-dt270,DRIFT,0.258400373,1009.55226,94.66886341,50.29289299,-615.8221872,NW,9,9,
es9-cm270.2,MULTIPOLE,0,1010.44366,94.75141989,51.17641661,-615.7039502,NW,9,9,
es9-dv270,MULTIPOLE,0,1010.44366,94.75141989,51.17641661,-615.7039502,NW,9,9,
es9-cm270.2,SBEND,0.891400429,1010.44366,94.75141989,51.17641661,-615.7039502,NW,9,9,
es9-dv270,SBEND,0.891400429,1010.44366,94.75141989,51.17641661,-615.7039502,NW,9,9,
es9-cm269,MULTIPOLE,0,1010.70206,94.77535168,51.43247514,-615.6692403,NW,9,9,
es9-dt269,MULTIPOLE,0,1010.70206,94.77535168,51.43247514,-615.6692403,NW,9,9,
es9-cm269,DRIFT,0.258400373,1010.70206,94.77535168,51.43247514,-615.6692403,NW,9,9,
es9-dt269,DRIFT,0.258400373,1010.70206,94.77535168,51.43247514,-615.6692403,NW,9,9,
es9-cm267,MULTIPOLE,0,1013.42814,95.02782246,54.13189452,-615.2890239,NW,9,9,
es9-dv267,MULTIPOLE,0,1013.42814,95.02782246,54.13189452,-615.2890239,NW,9,9,
es9-cm267,SBEND,2.726077105,1013.42814,95.02782246,54.13189452,-615.2890239,NW,9,9,
es9-dv267,SBEND,2.726077105,1013.42814,95.02782246,54.13189452,-615.2890239,NW,9,9,
es9-dt266.1,DRIFT,0.5,1013.92814,95.07412918,54.62663823,-615.2167144,NW,9,9,
es9-sx266,SEXTUPOLE,0.24,1014.16814,95.09635792,54.86411521,-615.1820059,NW,9,9,
es9-dt266.2,DRIFT,0.104,1014.27214,95.10599067,54.9670219,-615.1669655,NW,9,9,
es9-sx265,SEXTUPOLE,0.24,1014.51214,95.12822079,55.20449888,-615.1322569,NW,9,9,
es9-dt265.1,DRIFT,0.156,1014.66814,95.14267089,55.35885891,-615.1096964,NW,9,9,
es9-q265,QUADRUPOLE,0.5,1015.04314,95.17740834,55.72991669,-615.0554642,NW,9,9,
es9-dt265.2,DRIFT,0.064,1015.23214,95.1949169,55.91692981,-615.0281312,NW,9,9,
es9-ks265,HKICKER,0.2,1015.43214,95.21344511,56.1148273,-614.9992074,NW,9,9,
es9-cm264,MULTIPOLE,0,1015.72636,95.24070278,56.40595052,-614.9566582,NW,9,9,
es9-dt264,MULTIPOLE,0,1015.72636,95.24070278,56.40595052,-614.9566582,NW,9,9,
es9-cm264,DRIFT,0.294216192,1015.72636,95.24070278,56.40595052,-614.9566582,NW,9,9,
es9-dt264,DRIFT,0.294216192,1015.72636,95.24070278,56.40595052,-614.9566582,NW,9,9,
es9-cm262,MULTIPOLE,0,1018.45243,95.49325566,59.10127196,-614.5484036,NW,9,9,
es9-dv262,MULTIPOLE,0,1018.45243,95.49325566,59.10127196,-614.5484036,NW,9,9,
es9-cm262,SBEND,2.726077105,1018.45243,95.49325566,59.10127196,-614.5484036,NW,9,9,
es9-dv262,SBEND,2.726077105,1018.45243,95.49325566,59.10127196,-614.5484036,NW,9,9,
es9-cm261,MULTIPOLE,0,1018.71083,95.51719424,59.35655363,-614.5083784,NW,9,9,
es9-dt261,MULTIPOLE,0,1018.71083,95.51719424,59.35655363,-614.5083784,NW,9,9,
es9-cm261,DRIFT,0.258400373,1018.71083,95.51719424,59.35655363,-614.5083784,NW,9,9,
es9-dt261,DRIFT,0.258400373,1018.71083,95.51719424,59.35655363,-614.5083784,NW,9,9,
es9-cm260.1,MULTIPOLE,0,1019.60224,95.59977562,60.23695917,-614.3688074,NW,9,9,
es9-dv260,MULTIPOLE,0,1019.60224,95.59977562,60.23695917,-614.3688074,NW,9,9,
es9-cm260.1,SBEND,0.891400429,1019.60224,95.59977562,60.23695917,-614.3688074,NW,9,9,
es9-dv260,SBEND,0.891400429,1019.60224,95.59977562,60.23695917,-614.3688074,NW,9,9,
es9-cm260.2,MULTIPOLE,0,1019.86064,95.62371466,60.49210332,-614.3279147,NW,9,9,
es9-dt260,MULTIPOLE,0,1019.86064,95.62371466,60.49210332,-614.3279147,NW,9,9,
es9-cm260.2,DRIFT,0.258400373,1019.86064,95.62371466,60.49210332,-614.3279147,NW,9,9,
es9-dt260,DRIFT,0.258400373,1019.86064,95.62371466,60.49210332,-614.3279147,NW,9,9,
es9-cm257,MULTIPOLE,0,1022.58671,95.8762611,63.18153731,-613.8825224,NW,9,9,
es9-dv257,MULTIPOLE,0,1022.58671,95.8762611,63.18153731,-613.8825224,NW,9,9,
es9-cm257,SBEND,2.726077105,1022.58671,95.8762611,63.18153731,-613.8825224,NW,9,9,
es9-dv257,SBEND,2.726077105,1022.58671,95.8762611,63.18153731,-613.8825224,NW,9,9,
es9-dt257,DRIFT,0.507,1023.09371,95.92323023,63.68128735,-613.7970888,NW,9,9,
es9-sx256,SEXTUPOLE,0.57,1023.66371,95.97604183,64.2431365,-613.7010392,NW,9,9,
es9-dt256.1,DRIFT,0.163,1023.82671,95.99114526,64.40380565,-613.6735724,NW,9,9,
es9-q256,QUADRUPOLE,0.5,1024.20171,96.02589439,64.77344325,-613.6103819,NW,9,9,
es9-dt256.2,DRIFT,0.064,1024.39071,96.04340897,64.9597406,-613.5785338,NW,9,9,
es9-ks255,VKICKER,0.2,1024.59071,96.06194367,65.15688065,-613.5448322,NW,9,9,
es9-cm255,MULTIPOLE,0,1024.88493,96.0892111,65.44688963,-613.4952544,NW,9,9,
es9-dt255,MULTIPOLE,0,1024.88493,96.0892111,65.44688963,-613.4952544,NW,9,9,
es9-cm255,DRIFT,0.294216192,1024.88493,96.0892111,65.44688963,-613.4952544,NW,9,9,
es9-dt255,DRIFT,0.294216192,1024.88493,96.0892111,65.44688963,-613.4952544,NW,9,9,
es9-cm252.1,MULTIPOLE,0,1027.61101,96.34185366,68.13154876,-613.0219312,NW,9,9,
es9-dv252,MULTIPOLE,0,1027.61101,96.34185366,68.13154876,-613.0219312,NW,9,9,
es9-cm252.1,SBEND,2.726077105,1027.61101,96.34185366,68.13154876,-613.0219312,NW,9,9,
es9-dv252,SBEND,2.726077105,1027.61101,96.34185366,68.13154876,-613.0219312,NW,9,9,
es9-cm252.2,MULTIPOLE,0,1027.86941,96.36580066,68.38578773,-612.9757436,NW,9,9,
es9-dt252,MULTIPOLE,0,1027.86941,96.36580066,68.38578773,-612.9757436,NW,9,9,
es9-cm252.2,DRIFT,0.258400373,1027.86941,96.36580066,68.38578773,-612.9757436,NW,9,9,
es9-dt252,DRIFT,0.258400373,1027.86941,96.36580066,68.38578773,-612.9757436,NW,9,9,
es9-cm251.1,MULTIPOLE,0,1028.76081,96.44841121,69.26256012,-612.8149203,NW,9,9,
es9-dv251,MULTIPOLE,0,1028.76081,96.44841121,69.26256012,-612.8149203,NW,9,9,
es9-cm251.1,SBEND,0.891400429,1028.76081,96.44841121,69.26256012,-612.8149203,NW,9,9,
es9-dv251,SBEND,0.891400429,1028.76081,96.44841121,69.26256012,-612.8149203,NW,9,9,
es9-cm251.2,MULTIPOLE,0,1029.01921,96.47235874,69.51664063,-612.7678687,NW,9,9,
es9-dt251,MULTIPOLE,0,1029.01921,96.47235874,69.51664063,-612.7678687,NW,9,9,
es9-cm251.2,DRIFT,0.258400373,1029.01921,96.47235874,69.51664063,-612.7678687,NW,9,9,
es9-dt251,DRIFT,0.258400373,1029.01921,96.47235874,69.51664063,-612.7678687,NW,9,9,
es9-cm248,MULTIPOLE,0,1031.74528,96.72499393,72.19451582,-612.257561,NW,9,9,
es9-dv248,MULTIPOLE,0,1031.74528,96.72499393,72.19451582,-612.257561,NW,9,9,
es9-cm248,SBEND,2.726077105,1031.74528,96.72499393,72.19451582,-612.257561,NW,9,9,
es9-dv248,SBEND,2.726077105,1031.74528,96.72499393,72.19451582,-612.257561,NW,9,9,
es9-dt248,DRIFT,0.5,1032.24528,96.77133083,72.68518405,-612.1614117,NW,9,9,
es9-sx248,SEXTUPOLE,0.24,1032.48528,96.79357455,72.9207048,-612.1152601,NW,9,9,
es9-dt247.1,DRIFT,0.104,1032.58928,96.80321391,73.02276379,-612.095261,NW,9,9,
es9-sx247,SEXTUPOLE,0.24,1032.82928,96.82545949,73.25828455,-612.0491094,NW,9,9,
es9-dt247.2,DRIFT,0.156,1032.98528,96.83991981,73.41137304,-612.0191108,NW,9,9,
es9-q247,QUADRUPOLE,0.5,1033.36028,96.8746824,73.77937421,-611.9469988,NW,9,9,
es9-dt246.1,DRIFT,0.064,1033.54928,96.89220393,73.9648468,-611.9106544,NW,9,9,
es9-ks246,HKICKER,0.2,1033.74928,96.91074608,74.1611141,-611.8721947,NW,9,9,
es9-cm246,MULTIPOLE,0,1034.0435,96.93802469,74.44983917,-611.8156173,NW,9,9,
es9-dt246.2,MULTIPOLE,0,1034.0435,96.93802469,74.44983917,-611.8156173,NW,9,9,
es9-cm246,DRIFT,0.294216192,1034.0435,96.93802469,74.44983917,-611.8156173,NW,9,9,
es9-dt246.2,DRIFT,0.294216192,1034.0435,96.93802469,74.44983917,-611.8156173,NW,9,9,
es9-cm243.1,MULTIPOLE,0,1036.76958,97.19077009,77.12226538,-611.2775024,NW,9,9,
es9-dv243,MULTIPOLE,0,1036.76958,97.19077009,77.12226538,-611.2775024,NW,9,9,
es9-cm243.1,SBEND,2.726077105,1036.76958,97.19077009,77.12226538,-611.2775024,NW,9,9,
es9-dv243,SBEND,2.726077105,1036.76958,97.19077009,77.12226538,-611.2775024,NW,9,9,
es9-cm243.2,MULTIPOLE,0,1037.02798,97.21472676,77.3753129,-611.2251793,NW,9,9,
es9-dt243,MULTIPOLE,0,1037.02798,97.21472676,77.3753129,-611.2251793,NW,9,9,
es9-cm243.2,DRIFT,0.258400373,1037.02798,97.21472676,77.3753129,-611.2251793,NW,9,9,
es9-dt243,DRIFT,0.258400373,1037.02798,97.21472676,77.3753129,-611.2251793,NW,9,9,
es9-cm242.1,MULTIPOLE,0,1037.91938,97.29737079,78.24793921,-611.0431978,NW,9,9,
es9-dv242,MULTIPOLE,0,1037.91938,97.29737079,78.24793921,-611.0431978,NW,9,9,
es9-cm242.1,SBEND,0.891400429,1037.91938,97.29737079,78.24793921,-611.0431978,NW,9,9,
es9-dv242,SBEND,0.891400429,1037.91938,97.29737079,78.24793921,-611.0431978,NW,9,9,
es9-cm242.2,MULTIPOLE,0,1038.17778,97.32132807,78.50080742,-610.9900149,NW,9,9,
es9-dt242,MULTIPOLE,0,1038.17778,97.32132807,78.50080742,-610.9900149,NW,9,9,
es9-cm242.2,DRIFT,0.258400373,1038.17778,97.32132807,78.50080742,-610.9900149,NW,9,9,
es9-dt242,DRIFT,0.258400373,1038.17778,97.32132807,78.50080742,-610.9900149,NW,9,9,
es9-cm239,MULTIPOLE,0,1040.90386,97.5740652,81.16555718,-610.4150904,NW,9,9,
es9-dv239,MULTIPOLE,0,1040.90386,97.5740652,81.16555718,-610.4150904,NW,9,9,
es9-cm239,SBEND,2.726077105,1040.90386,97.5740652,81.16555718,-610.4150904,NW,9,9,
es9-dv239,SBEND,2.726077105,1040.90386,97.5740652,81.16555718,-610.4150904,NW,9,9,
es9-dt239,DRIFT,0.507,1041.41086,97.62106984,81.66059125,-610.3055903,NW,9,9,
es9-sx238,SEXTUPOLE,0.57,1041.98086,97.67392311,82.21713842,-610.1824837,NW,9,9,
es9-dt238,DRIFT,0.163,1042.14386,97.6890388,82.37629138,-610.1472795,NW,9,9,
es9-q237,QUADRUPOLE,0.5,1042.51886,97.72381669,82.74244084,-610.0662883,NW,9,9,
es9-dt237.1,DRIFT,0.064,1042.70786,97.74134608,82.92698016,-610.0254687,NW,9,9,
es9-ks237,VKICKER,0.2,1042.90786,97.75989666,83.12225987,-609.9822734,NW,9,9,
es9-cm237,MULTIPOLE,0,1043.20207,97.78718787,83.40953214,-609.9187296,NW,9,9,
es9-dt237.2,MULTIPOLE,0,1043.20207,97.78718787,83.40953214,-609.9187296,NW,9,9,
es9-cm237,DRIFT,0.294216192,1043.20207,97.78718787,83.40953214,-609.9187296,NW,9,9,
es9-dt237.2,DRIFT,0.294216192,1043.20207,97.78718787,83.40953214,-609.9187296,NW,9,9,
es9-cm234.1,MULTIPOLE,0,1045.92815,98.04004939,86.06816197,-609.3161378,NW,9,9,
es9-dv234,MULTIPOLE,0,1045.92815,98.04004939,86.06816197,-609.3161378,NW,9,9,
es9-cm234.1,SBEND,2.726077105,1045.92815,98.04004939,86.06816197,-609.3161378,NW,9,9,
es9-dv234,SBEND,2.726077105,1045.92815,98.04004939,86.06816197,-609.3161378,NW,9,9,
es9-cm234.2,MULTIPOLE,0,1046.18655,98.06401699,86.31987,-609.2577099,NW,9,9,
es9-dt234,MULTIPOLE,0,1046.18655,98.06401699,86.31987,-609.2577099,NW,9,9,
es9-cm234.2,DRIFT,0.258400373,1046.18655,98.06401699,86.31987,-609.2577099,NW,9,9,
es9-dt234,DRIFT,0.258400373,1046.18655,98.06401699,86.31987,-609.2577099,NW,9,9,
es9-cm233.1,MULTIPOLE,0,1047.07795,98.14669885,87.18783972,-609.0546766,NW,9,9,
es9-dv233,MULTIPOLE,0,1047.07795,98.14669885,87.18783972,-609.0546766,NW,9,9,
es9-cm233.1,SBEND,0.891400429,1047.07795,98.14669885,87.18783972,-609.0546766,NW,9,9,
es9-dv233,SBEND,0.891400429,1047.07795,98.14669885,87.18783972,-609.0546766,NW,9,9,
es9-cm233.2,MULTIPOLE,0,1047.33635,98.17066713,87.4393477,-608.9953934,NW,9,9,
es9-dt233,MULTIPOLE,0,1047.33635,98.17066713,87.4393477,-608.9953934,NW,9,9,
es9-cm233.2,DRIFT,0.258400373,1047.33635,98.17066713,87.4393477,-608.9953934,NW,9,9,
es9-dt233,DRIFT,0.258400373,1047.33635,98.17066713,87.4393477,-608.9953934,NW,9,9,
es9-cm230,MULTIPOLE,0,1050.06243,98.42351952,90.08941307,-608.3561885,NW,9,9,
es9-dv230,MULTIPOLE,0,1050.06243,98.42351952,90.08941307,-608.3561885,NW,9,9,
es9-cm230,SBEND,2.726077105,1050.06243,98.42351952,90.08941307,-608.3561885,NW,9,9,
es9-dv230,SBEND,2.726077105,1050.06243,98.42351952,90.08941307,-608.3561885,NW,9,9,
es9-dt229.1,DRIFT,0.5,1050.56243,98.4698963,90.57485777,-608.2364244,NW,9,9,
es9-sx229.1,SEXTUPOLE,0.24,1050.80243,98.49215967,90.80787123,-608.1789376,NW,9,9,
es9-dt229.2,DRIFT,0.104,1050.90643,98.50180764,90.90884373,-608.1540267,NW,9,9,
es9-sx229.2,SEXTUPOLE,0.24,1051.14643,98.52407334,91.14185719,-608.0965399,NW,9,9,
es9-dt229.3,DRIFT,0.156,1051.30243,98.53854691,91.29331594,-608.0591735,NW,9,9,
es9-q228,QUADRUPOLE,0.5,1051.67743,98.57334194,91.65739947,-607.9693504,NW,9,9,
es9-dt228.1,DRIFT,0.064,1051.86643,98.59088011,91.84089756,-607.9240796,NW,9,9,
es9-ks228,HKICKER,0.2,1052.06643,98.60944011,92.03507545,-607.876174,NW,9,9,
es9-cm228,MULTIPOLE,0,1052.36064,98.63674537,92.32072683,-607.8057009,NW,9,9,
es9-dt228.2,MULTIPOLE,0,1052.36064,98.63674537,92.32072683,-607.8057009,NW,9,9,
es9-cm228,DRIFT,0.294216192,1052.36064,98.63674537,92.32072683,-607.8057009,NW,9,9,
es9-dt228.2,DRIFT,0.294216192,1052.36064,98.63674537,92.32072683,-607.8057009,NW,9,9,
es9-cm225.1,MULTIPOLE,0,1055.08672,98.8897364,94.96400492,-607.1389847,NW,9,9,
es9-dv225,MULTIPOLE,0,1055.08672,98.8897364,94.96400492,-607.1389847,NW,9,9,
es9-cm225.1,SBEND,2.726077105,1055.08672,98.8897364,94.96400492,-607.1389847,NW,9,9,
es9-dv225,SBEND,2.726077105,1055.08672,98.8897364,94.96400492,-607.1389847,NW,9,9,
es9-cm225.2,MULTIPOLE,0,1055.34512,98.91371619,95.2142262,-607.0744862,NW,9,9,
es9-dt225,MULTIPOLE,0,1055.34512,98.91371619,95.2142262,-607.0744862,NW,9,9,
es9-cm225.2,DRIFT,0.258400373,1055.34512,98.91371619,95.2142262,-607.0744862,NW,9,9,
es9-dt225,DRIFT,0.258400373,1055.34512,98.91371619,95.2142262,-607.0744862,NW,9,9,
es9-cm224.1,MULTIPOLE,0,1056.23652,98.99644027,96.07703153,-606.8505199,NW,9,9,
es9-dv224,MULTIPOLE,0,1056.23652,98.99644027,96.07703153,-606.8505199,NW,9,9,
es9-cm224.1,SBEND,0.891400429,1056.23652,98.99644027,96.07703153,-606.8505199,NW,9,9,
es9-dv224,SBEND,0.891400429,1056.23652,98.99644027,96.07703153,-606.8505199,NW,9,9,
es9-cm224.2,MULTIPOLE,0,1056.49492,99.02042083,96.32703215,-606.7851712,NW,9,9,
es9-dt224,MULTIPOLE,0,1056.49492,99.02042083,96.32703215,-606.7851712,NW,9,9,
es9-cm224.2,DRIFT,0.258400373,1056.49492,99.02042083,96.32703215,-606.7851712,NW,9,9,
es9-dt224,DRIFT,0.258400373,1056.49492,99.02042083,96.32703215,-606.7851712,NW,9,9,
es9-cm221,MULTIPOLE,0,1059.221,99.27340193,98.96086276,-606.0820597,NW,9,9,
es9-dv221,MULTIPOLE,0,1059.221,99.27340193,98.96086276,-606.0820597,NW,9,9,
es9-cm221,SBEND,2.726077105,1059.221,99.27340193,98.96086276,-606.0820597,NW,9,9,
es9-dv221,SBEND,2.726077105,1059.221,99.27340193,98.96086276,-606.0820597,NW,9,9,
es9-dt220.1,DRIFT,0.507,1059.728,99.320452,99.45002258,-605.9487493,NW,9,9,
es9-sx220,SEXTUPOLE,0.57,1060.298,99.3733581,99.99996557,-605.7988737,NW,9,9,
es9-dt220.2,DRIFT,0.163,1060.461,99.38848924,100.15723,-605.7560145,NW,9,9,
es9-q219,QUADRUPOLE,0.5,1060.836,99.42330325,100.5190346,-605.6574121,NW,9,9,
es9-dt219,DRIFT,0.064,1061.025,99.44085115,100.7013841,-605.6077165,NW,9,9,
es9-ks219,VKICKER,0.2,1061.225,99.45942155,100.8943465,-605.5551286,NW,9,9,
es9-cm218,MULTIPOLE,0,1061.51922,99.48674232,101.1782099,-605.4777674,NW,9,9,
es9-dt218,MULTIPOLE,0,1061.51922,99.48674232,101.1782099,-605.4777674,NW,9,9,
es9-cm218,DRIFT,0.294216192,1061.51922,99.48674232,101.1782099,-605.4777674,NW,9,9,
es9-dt218,DRIFT,0.294216192,1061.51922,99.48674232,101.1782099,-605.4777674,NW,9,9,
es9-cm216,MULTIPOLE,0,1064.24529,99.7398764,103.8045899,-604.747317,NW,9,9,
es9-dv216,MULTIPOLE,0,1064.24529,99.7398764,103.8045899,-604.747317,NW,9,9,
es9-cm216,SBEND,2.726077105,1064.24529,99.7398764,103.8045899,-604.747317,NW,9,9,
es9-dv216,SBEND,2.726077105,1064.24529,99.7398764,103.8045899,-604.747317,NW,9,9,
es9-cm215.1,MULTIPOLE,0,1064.50369,99.76386968,104.053178,-604.6767855,NW,9,9,
es9-dt215,MULTIPOLE,0,1064.50369,99.76386968,104.053178,-604.6767855,NW,9,9,
es9-cm215.1,DRIFT,0.258400373,1064.50369,99.76386968,104.053178,-604.6767855,NW,9,9,
es9-dt215,DRIFT,0.258400373,1064.50369,99.76386968,104.053178,-604.6767855,NW,9,9,
es9-cm215.2,MULTIPOLE,0,1065.39509,99.84664041,104.9103142,-604.4320172,NW,9,9,
es9-dv215,MULTIPOLE,0,1065.39509,99.84664041,104.9103142,-604.4320172,NW,9,9,
es9-cm215.2,SBEND,0.891400429,1065.39509,99.84664041,104.9103142,-604.4320172,NW,9,9,
es9-dv215,SBEND,0.891400429,1065.39509,99.84664041,104.9103142,-604.4320172,NW,9,9,
es9-cm214,MULTIPOLE,0,1065.65349,99.87063453,105.1586612,-604.3606413,NW,9,9,
es9-dt214,MULTIPOLE,0,1065.65349,99.87063453,105.1586612,-604.3606413,NW,9,9,
es9-cm214,DRIFT,0.258400373,1065.65349,99.87063453,105.1586612,-604.3606413,NW,9,9,
es9-dt214,DRIFT,0.258400373,1065.65349,99.87063453,105.1586612,-604.3606413,NW,9,9,
es9-cm212,MULTIPOLE,0,1068.37957,100.1237579,107.7747162,-603.5940346,NW,9,9,
es9-dv212,MULTIPOLE,0,1068.37957,100.1237579,107.7747162,-603.5940346,NW,9,9,
es9-cm212,SBEND,2.726077105,1068.37957,100.1237579,107.7747162,-603.5940346,NW,9,9,
es9-dv212,SBEND,2.726077105,1068.37957,100.1237579,107.7747162,-603.5940346,NW,9,9,
es9-dt211.1,DRIFT,0.5,1068.87957,100.1701845,108.2538015,-603.4509359,NW,9,9,
es9-sx211.1,SEXTUPOLE,0.24,1069.11957,100.1924722,108.4837625,-603.3822486,NW,9,9,
es9-dt211.2,DRIFT,0.104,1069.22357,100.2021309,108.5834122,-603.352484,NW,9,9,
es9-sx211.2,SEXTUPOLE,0.24,1069.46357,100.2244214,108.8133732,-603.2837967,NW,9,9,
es9-dt210.1,DRIFT,0.156,1069.61957,100.2389113,108.9628478,-603.2391499,NW,9,9,
es9-q210,QUADRUPOLE,0.5,1069.99457,100.2737462,109.3221618,-603.1318258,NW,9,9,
es9-dt210.2,DRIFT,0.064,1070.18357,100.2913048,109.5032561,-603.0777345,NW,9,9,
es9-ks210,HKICKER,0.2,1070.38357,100.3098866,109.6948902,-603.0204951,NW,9,9,
es9-cm209,MULTIPOLE,0,1070.67779,100.3372244,109.9767996,-602.9362912,NW,9,9,
es9-dt209,MULTIPOLE,0,1070.67779,100.3372244,109.9767996,-602.9362912,NW,9,9,
es9-cm209,DRIFT,0.294216192,1070.67779,100.3372244,109.9767996,-602.9362912,NW,9,9,
es9-dt209,DRIFT,0.294216192,1070.67779,100.3372244,109.9767996,-602.9362912,NW,9,9,
es9-cm207,MULTIPOLE,0,1073.40386,100.5905152,112.5847448,-602.1425337,NW,9,9,
es9-dv207,MULTIPOLE,0,1073.40386,100.5905152,112.5847448,-602.1425337,NW,9,9,
es9-cm207,SBEND,2.726077105,1073.40386,100.5905152,112.5847448,-602.1425337,NW,9,9,
es9-dv207,SBEND,2.726077105,1073.40386,100.5905152,112.5847448,-602.1425337,NW,9,9,
es9-cm206,MULTIPOLE,0,1073.66226,100.6145232,112.8315544,-602.0660106,NW,9,9,
es9-dt206,MULTIPOLE,0,1073.66226,100.6145232,112.8315544,-602.0660106,NW,9,9,
es9-cm206,DRIFT,0.258400373,1073.66226,100.6145232,112.8315544,-602.0660106,NW,9,9,
es9-dt206,DRIFT,0.258400373,1073.66226,100.6145232,112.8315544,-602.0660106,NW,9,9,
es9-cm205.1,MULTIPOLE,0,1074.55366,100.6973451,113.68252,-601.8005836,NW,9,9,
es9-dv205,MULTIPOLE,0,1074.55366,100.6973451,113.68252,-601.8005836,NW,9,9,
es9-cm205.1,SBEND,0.891400429,1074.55366,100.6973451,113.68252,-601.8005836,NW,9,9,
es9-dv205,SBEND,0.891400429,1074.55366,100.6973451,113.68252,-601.8005836,NW,9,9,
es9-cm205.2,MULTIPOLE,0,1074.81207,100.7213541,113.9290681,-601.7232221,NW,9,9,
es9-dt205,MULTIPOLE,0,1074.81207,100.7213541,113.9290681,-601.7232221,NW,9,9,
es9-cm205.2,DRIFT,0.258400373,1074.81207,100.7213541,113.9290681,-601.7232221,NW,9,9,
es9-dt205,DRIFT,0.258400373,1074.81207,100.7213541,113.9290681,-601.7232221,NW,9,9,
es9-cm202,MULTIPOLE,0,1077.53814,100.9746335,116.525817,-600.8935687,NW,9,9,
es9-dv202,MULTIPOLE,0,1077.53814,100.9746335,116.525817,-600.8935687,NW,9,9,
es9-cm202,SBEND,2.726077105,1077.53814,100.9746335,116.525817,-600.8935687,NW,9,9,
es9-dv202,SBEND,2.726077105,1077.53814,100.9746335,116.525817,-600.8935687,NW,9,9,
es9-dt202,DRIFT,0.507,1078.04514,101.0217391,117.007958,-600.7367599,NW,9,9,
es9-sx201,SEXTUPOLE,0.57,1078.61514,101.0747095,117.5500101,-600.5604659,NW,9,9,
es9-dt201.1,DRIFT,0.163,1078.77814,101.0898593,117.705018,-600.5100521,NW,9,9,
es9-q201,QUADRUPOLE,0.5,1079.15314,101.124717,118.0616312,-600.3940692,NW,9,9,
es9-dt201.2,DRIFT,0.064,1079.34214,101.1422872,118.2413642,-600.3356138,NW,9,9,
es9-ks200,VKICKER,0.2,1079.54214,101.1608814,118.4315579,-600.2737563,NW,9,9,
es9-cm200,MULTIPOLE,0,1079.83636,101.1882376,118.7113483,-600.1827589,NW,9,9,
es9-dt200,MULTIPOLE,0,1079.83636,101.1882376,118.7113483,-600.1827589,NW,9,9,
es9-cm200,DRIFT,0.294216192,1079.83636,101.1882376,118.7113483,-600.1827589,NW,9,9,
es9-dt200,DRIFT,0.294216192,1079.83636,101.1882376,118.7113483,-600.1827589,NW,9,9,
es9-cm197.1,MULTIPOLE,0,1082.56244,101.4416991,121.2993332,-599.3261588,NW,9,9,
es9-dv197,MULTIPOLE,0,1082.56244,101.4416991,121.2993332,-599.3261588,NW,9,9,
es9-cm197.1,SBEND,2.726077105,1082.56244,101.4416991,121.2993332,-599.3261588,NW,9,9,
es9-dv197,SBEND,2.726077105,1082.56244,101.4416991,121.2993332,-599.3261588,NW,9,9,
es9-cm197.2,MULTIPOLE,0,1082.82084,101.4657232,121.5442198,-599.2436889,NW,9,9,
es9-dt197,MULTIPOLE,0,1082.82084,101.4657232,121.5442198,-599.2436889,NW,9,9,
es9-cm197.2,DRIFT,0.258400373,1082.82084,101.4657232,121.5442198,-599.2436889,NW,9,9,
es9-dt197,DRIFT,0.258400373,1082.82084,101.4657232,121.5442198,-599.2436889,NW,9,9,
es9-cm196.1,MULTIPOLE,0,1083.71224,101.5486008,122.3885169,-598.9577583,NW,9,9,
es9-dv196,MULTIPOLE,0,1083.71224,101.5486008,122.3885169,-598.9577583,NW,9,9,
es9-cm196.1,SBEND,0.891400429,1083.71224,101.5486008,122.3885169,-598.9577583,NW,9,9,
es9-dv196,SBEND,0.891400429,1083.71224,101.5486008,122.3885169,-598.9577583,NW,9,9,
es9-cm196.2,MULTIPOLE,0,1083.97064,101.572626,122.6331219,-598.8744565,NW,9,9,
es9-dt196,MULTIPOLE,0,1083.97064,101.572626,122.6331219,-598.8744565,NW,9,9,
es9-cm196.2,DRIFT,0.258400373,1083.97064,101.572626,122.6331219,-598.8744565,NW,9,9,
es9-dt196,DRIFT,0.258400373,1083.97064,101.572626,122.6331219,-598.8744565,NW,9,9,
es9-cm193,MULTIPOLE,0,1086.69671,101.8260754,125.2090455,-597.9822418,NW,9,9,
es9-dv193,MULTIPOLE,0,1086.69671,101.8260754,125.2090455,-597.9822418,NW,9,9,
es9-cm193,SBEND,2.726077105,1086.69671,101.8260754,125.2090455,-597.9822418,NW,9,9,
es9-dv193,SBEND,2.726077105,1086.69671,101.8260754,125.2090455,-597.9822418,NW,9,9,
es9-dt193,DRIFT,0.5,1087.19671,101.8725617,125.6806505,-597.8161434,NW,9,9,
es9-sx193,SEXTUPOLE,0.24,1087.43671,101.8948788,125.9070209,-597.7364161,NW,9,9,
es9-dt192.1,DRIFT,0.104,1087.54071,101.9045502,126.0051148,-597.7018676,NW,9,9,
es9-sx192,SEXTUPOLE,0.24,1087.78071,101.9268705,126.2314852,-597.6221404,NW,9,9,
es9-dt192.2,DRIFT,0.156,1087.93671,101.9413799,126.3786259,-597.5703177,NW,9,9,
es9-q192,QUADRUPOLE,0.5,1088.31171,101.9762622,126.7323297,-597.4457438,NW,9,9,
es9-dt191.1,DRIFT,0.064,1088.50071,101.993845,126.9105964,-597.3829586,NW,9,9,
es9-ks191,HKICKER,0.2,1088.70071,102.0124527,127.0992384,-597.3165192,NW,9,9,
es9-cm191,MULTIPOLE,0,1088.99493,102.0398289,127.3767461,-597.2187815,NW,9,9,
es9-dt191.2,MULTIPOLE,0,1088.99493,102.0398289,127.3767461,-597.2187815,NW,9,9,
es9-cm191,DRIFT,0.294216192,1088.99493,102.0398289,127.3767461,-597.2187815,NW,9,9,
es9-dt191.2,DRIFT,0.294216192,1088.99493,102.0398289,127.3767461,-597.2187815,NW,9,9,
es9-cm188.1,MULTIPOLE,0,1091.72101,102.293475,129.9432565,-596.29984,NW,9,9,
es9-dv188,MULTIPOLE,0,1091.72101,102.293475,129.9432565,-596.29984,NW,9,9,
es9-cm188.1,SBEND,2.726077105,1091.72101,102.293475,129.9432565,-596.29984,NW,9,9,
es9-dv188,SBEND,2.726077105,1091.72101,102.293475,129.9432565,-596.29984,NW,9,9,
es9-cm188.2,MULTIPOLE,0,1091.97941,102.3175166,130.186077,-596.2114714,NW,9,9,
es9-dt188,MULTIPOLE,0,1091.97941,102.3175166,130.186077,-596.2114714,NW,9,9,
es9-cm188.2,DRIFT,0.258400373,1091.97941,102.3175166,130.186077,-596.2114714,NW,9,9,
es9-dt188,DRIFT,0.258400373,1091.97941,102.3175166,130.186077,-596.2114714,NW,9,9,
es9-cm187.1,MULTIPOLE,0,1092.87081,102.4004545,131.0232117,-595.9052046,NW,9,9,
es9-dv187,MULTIPOLE,0,1092.87081,102.4004545,131.0232117,-595.9052046,NW,9,9,
es9-cm187.1,SBEND,0.891400429,1092.87081,102.4004545,131.0232117,-595.9052046,NW,9,9,
es9-dv187,SBEND,0.891400429,1092.87081,102.4004545,131.0232117,-595.9052046,NW,9,9,
es9-cm187.2,MULTIPOLE,0,1093.12921,102.4244972,131.2657304,-595.8160113,NW,9,9,
es9-dt187,MULTIPOLE,0,1093.12921,102.4244972,131.2657304,-595.8160113,NW,9,9,
es9-cm187.2,DRIFT,0.258400373,1093.12921,102.4244972,131.2657304,-595.8160113,NW,9,9,
es9-dt187,DRIFT,0.258400373,1093.12921,102.4244972,131.2657304,-595.8160113,NW,9,9,
es9-cm184,MULTIPOLE,0,1095.85529,102.6781306,133.8193217,-594.8617573,NW,9,9,
es9-dv184,MULTIPOLE,0,1095.85529,102.6781306,133.8193217,-594.8617573,NW,9,9,
es9-cm184,SBEND,2.726077105,1095.85529,102.6781306,133.8193217,-594.8617573,NW,9,9,
es9-dv184,SBEND,2.726077105,1095.85529,102.6781306,133.8193217,-594.8617573,NW,9,9,
es9-dt184,DRIFT,0.507,1096.36229,102.7253022,134.2933159,-594.6818169,NW,9,9,
es9-sx183,SEXTUPOLE,0.57,1096.93229,102.7783485,134.8262088,-594.4795172,NW,9,9,
es9-dt183,DRIFT,0.163,1097.09529,102.7935204,134.9785974,-594.4216665,NW,9,9,
es9-q183,QUADRUPOLE,0.5,1097.47029,102.8284294,135.3291848,-594.2885746,NW,9,9,
es9-dt182.1,DRIFT,0.064,1097.65929,102.8460257,135.5058809,-594.2214962,NW,9,9,
es9-ks182,VKICKER,0.2,1097.85929,102.8646479,135.6928608,-594.1505139,NW,9,9,
es9-cm182,MULTIPOLE,0,1098.1535,102.8920457,135.9679235,-594.046093,NW,9,9,
es9-dt182.2,MULTIPOLE,0,1098.1535,102.8920457,135.9679235,-594.046093,NW,9,9,
es9-cm182,DRIFT,0.294216192,1098.1535,102.8920457,135.9679235,-594.046093,NW,9,9,
es9-dt182.2,DRIFT,0.294216192,1098.1535,102.8920457,135.9679235,-594.046093,NW,9,9,
es9-cm179.1,MULTIPOLE,0,1100.87958,103.1458907,138.511458,-593.0653476,NW,9,9,
es9-dv179,MULTIPOLE,0,1100.87958,103.1458907,138.511458,-593.0653476,NW,9,9,
es9-cm179.1,SBEND,2.726077105,1100.87958,103.1458907,138.511458,-593.0653476,NW,9,9,
es9-dv179,SBEND,2.726077105,1100.87958,103.1458907,138.511458,-593.0653476,NW,9,9,
es9-cm179.2,MULTIPOLE,0,1101.13798,103.1699511,138.7520702,-592.9711322,NW,9,9,
es9-dt179,MULTIPOLE,0,1101.13798,103.1699511,138.7520702,-592.9711322,NW,9,9,
es9-cm179.2,DRIFT,0.258400373,1101.13798,103.1699511,138.7520702,-592.9711322,NW,9,9,
es9-dt179,DRIFT,0.258400373,1101.13798,103.1699511,138.7520702,-592.9711322,NW,9,9,
es9-cm178.1,MULTIPOLE,0,1102.02938,103.2529539,139.5815528,-592.6447084,NW,9,9,
es9-dv178,MULTIPOLE,0,1102.02938,103.2529539,139.5815528,-592.6447084,NW,9,9,
es9-cm178.1,SBEND,0.891400429,1102.02938,103.2529539,139.5815528,-592.6447084,NW,9,9,
es9-dv178,SBEND,0.891400429,1102.02938,103.2529539,139.5815528,-592.6447084,NW,9,9,
es9-cm178.2,MULTIPOLE,0,1102.28778,103.2770154,139.8218433,-592.5496756,NW,9,9,
es9-dt178,MULTIPOLE,0,1102.28778,103.2770154,139.8218433,-592.5496756,NW,9,9,
es9-cm178.2,DRIFT,0.258400373,1102.28778,103.2770154,139.8218433,-592.5496756,NW,9,9,
es9-dt178,DRIFT,0.258400373,1102.28778,103.2770154,139.8218433,-592.5496756,NW,9,9,
es9-cm175,MULTIPOLE,0,1105.01386,103.5308473,142.3516084,-591.5339405,NW,9,9,
es9-dv175,MULTIPOLE,0,1105.01386,103.5308473,142.3516084,-591.5339405,NW,9,9,
es9-cm175,SBEND,2.726077105,1105.01386,103.5308473,142.3516084,-591.5339405,NW,9,9,
es9-dv175,SBEND,2.726077105,1105.01386,103.5308473,142.3516084,-591.5339405,NW,9,9,
es9-dt174.1,DRIFT,0.5,1105.51386,103.577404,142.8146297,-591.3452309,NW,9,9,
es9-sx174.1,SEXTUPOLE,0.24,1105.75386,103.5997552,143.0368799,-591.2546503,NW,9,9,
es9-dt174.2,DRIFT,0.104,1105.85786,103.6094416,143.1331883,-591.2153987,NW,9,9,
es9-sx174.2,SEXTUPOLE,0.24,1106.09786,103.6317966,143.3554385,-591.1248181,NW,9,9,
es9-dt174.3,DRIFT,0.156,1106.25386,103.6463288,143.4999012,-591.0659407,NW,9,9,
es9-mark173,MARKER,0,1106.50386,103.6696198,143.7314118,-590.9715859,NW,9,9,
es9-q173,QUADRUPOLE,0.5,1106.62886,103.6812664,143.8471671,-590.9244085,NW,9,9,
es9-dt173,DRIFT,0.064,1106.81786,103.6988774,144.0221892,-590.8530763,NW,9,9,
es9-ks173,HKICKER,0.2,1107.01786,103.7175151,144.2073977,-590.7775925,NW,9,9,
es9-dt171,DRIFT,1.50774632,1108.5256,103.8580775,145.6036349,-590.2085401,NW,9,9,
es9-dh169,RBEND,2.726014716,1111.25162,104.1122596,148.1221305,-589.165345,NW,9,9,
es9-dt168,DRIFT,0.2584,1111.51002,104.1363506,148.3602943,-589.0651025,NW,9,9,
es9-dh166,RBEND,2.726014716,1114.23603,104.3904677,150.8667527,-587.9933087,NW,9,9,
es9-dt165,DRIFT,1.24,1115.47603,104.5060738,152.0040948,-587.4992914,NW,9,9,
es9-q164,QUADRUPOLE,0.5,1115.85103,104.5410499,152.348049,-587.349891,NW,9,9,
es9-dt164,DRIFT,0.064,1116.04003,104.5586804,152.5214019,-587.2745932,NW,9,9,
es9-ks164,VKICKER,0.2,1116.24003,104.5773389,152.7048442,-587.1949129,NW,9,9,
es9-dt162,DRIFT,1.50774632,1117.74778,104.7180611,154.0877662,-586.5942252,NW,9,9,
es9-dh160,RBEND,2.726014716,1120.47379,104.9725347,156.5818627,-585.4939714,NW,9,9,
es9-dt159,DRIFT,0.2584,1120.73219,104.9966532,156.817683,-585.3883335,NW,9,9,
es9-dh157,RBEND,2.726014716,1123.45821,105.2510589,159.2990945,-584.2597624,NW,9,9,
es9-dt156.1,DRIFT,0.5,1123.95821,105.2977182,159.7530469,-584.0501742,NW,9,9,
es9-sx156,SEXTUPOLE,0.24,1124.19821,105.3201192,159.9709441,-583.9495718,NW,9,9,
es9-dt156.2,DRIFT,0.104,1124.30221,105.3298271,160.0653662,-583.9059774,NW,9,9,
es9-sx155,SEXTUPOLE,0.24,1124.54221,105.3522323,160.2832633,-583.8053751,NW,9,9,
es9-dt155,DRIFT,0.156,1124.69821,105.3667972,160.4248964,-583.7399835,NW,9,9,
es9-q155,QUADRUPOLE,0.5,1125.07321,105.401814,160.7653607,-583.5827923,NW,9,9,
es9-dt151,DRIFT,3.96268,1129.16089,105.7839677,164.4765848,-581.8693329,NW,9,9,
es9-mark150,MARKER,0,1129.56089,105.8214073,164.8397467,-581.7016623,NW,9,9,
es9-q150,QUADRUPOLE,0.8,1129.76089,105.84013,165.0213277,-581.617827,NW,9,9,
es9-dt146,DRIFT,3.96268,1133.92357,106.2302448,168.8006447,-579.8729292,NW,9,9,
es9-mark146,MARKER,0,1134.32357,106.2677743,169.1638066,-579.7052586,NW,9,9,
es9-q145,QUADRUPOLE,0.8,1134.52357,106.2865419,169.3453875,-579.6214233,NW,9,9,
es9-dt145,DRIFT,0.535,1135.25857,106.3555284,170.0126975,-579.3133286,NW,9,9,
es9-dh142,RBEND,2.726014716,1137.98458,106.6113885,172.4811025,-578.1565863,NW,9,9,
es9-dt142,DRIFT,0.2584,1138.24298,106.6356386,172.714457,-578.0456078,NW,9,9,
es9-dh139,RBEND,2.726014716,1140.969,106.891435,175.1695357,-576.8608443,NW,9,9,
es9-dt138,DRIFT,0.535,1141.504,106.9416342,175.650034,-576.6255862,NW,9,9,
es9-mark138,MARKER,0,1141.904,106.9791755,176.0092851,-576.4496923,NW,9,9,
es9-q138,QUADRUPOLE,0.8,1142.104,106.9979491,176.1889107,-576.3617453,NW,9,9,
es9-dt137,DRIFT,0.535,1142.839,107.0669591,176.8490345,-576.0385403,NW,9,9,
es9-dh134,RBEND,2.726014716,1145.56501,107.3229063,179.2904688,-574.825909,NW,9,9,
es9-dt134,DRIFT,0.2584,1145.82341,107.3471645,179.5212366,-574.7096473,NW,9,9,
es9-dh131,RBEND,2.726014716,1148.54943,107.6030438,181.9487101,-573.4693053,NW,9,9,
es9-dt131,DRIFT,0.535,1149.08443,107.653259,182.4237287,-573.2231705,NW,9,9,
es9-mark131,MARKER,0,1149.48443,107.690813,182.7788828,-573.0391445,NW,9,9,
es9-q130,QUADRUPOLE,0.8,1149.68443,107.7095931,182.9564599,-572.9471315,NW,9,9,
es9-dt128,DRIFT,2.40407,1152.2885,107.9543077,185.2685751,-571.74909,NW,9,9,
es9-mark127,MARKER,0,1152.6885,107.9919283,185.6237292,-571.5650639,NW,9,9,
es9-q127,QUADRUPOLE,0.8,1152.8885,108.0107416,185.8013062,-571.4730509,NW,9,9,
es9-dt125,DRIFT,2.40407,1155.49257,108.2558831,188.1134215,-570.2750094,NW,9,9,
es9-mark124,MARKER,0,1155.89257,108.2935684,188.4685756,-570.0909834,NW,9,9,
es9-q124,QUADRUPOLE,0.8,1156.09257,108.312414,188.6461526,-569.9989704,NW,9,9,
es9-dt121,DRIFT,2.40407,1158.69664,108.5579699,190.9582679,-568.8009288,NW,9,9,
es9-mark121,MARKER,0,1159.09664,108.595718,191.313422,-568.6169028,NW,9,9,
es9-q121,QUADRUPOLE,0.8,1159.29664,108.6145949,191.490999,-568.5248898,NW,9,9,
es9-dt118,DRIFT,2.40407,1161.90071,108.8605526,193.8031143,-567.3268482,NW,9,9,
es9-mark118,MARKER,0,1162.30071,108.8983614,194.1582684,-567.1428222,NW,9,9,
es9-q117,QUADRUPOLE,0.8,1162.50071,108.9172686,194.3358454,-567.0508092,NW,9,9,
es9-dt115,DRIFT,2.40407,1165.10478,109.1636154,196.6479607,-565.8527676,NW,9,9,
es9-mark114,MARKER,0,1165.50478,109.201483,197.0031148,-565.6687416,NW,9,9,
es9-q114,QUADRUPOLE,0.8,1165.70478,109.2204196,197.1806918,-565.5767286,NW,9,9,
es9-dt112,DRIFT,2.40407,1168.30885,109.4671425,199.4928071,-564.378687,NW,9,9,
es9-mark111,MARKER,0,1168.70885,109.505067,199.8479612,-564.194661,NW,9,9,
es9-q111,QUADRUPOLE,0.8,1168.90885,109.5240318,200.0255382,-564.102648,NW,9,9,
es9-dt110,DRIFT,0.535,1169.64385,109.5937425,200.6781338,-563.7645002,NW,9,9,
es9-dh108,RBEND,2.726014716,1172.36986,109.8522909,203.0913321,-562.4966082,NW,9,9,
es9-dt107,DRIFT,0.2584,1172.62826,109.8767962,203.3193937,-562.3751237,NW,9,9,
es9-dh105,RBEND,2.726014716,1175.35428,110.1352887,205.718004,-561.079846,NW,9,9,
es9-dt104,DRIFT,0.535,1175.88928,110.1860176,206.1872967,-560.8229621,NW,9,9,
es9-mark104,MARKER,0,1176.28928,110.2239545,206.5381698,-560.6308993,NW,9,9,
es9-q104,QUADRUPOLE,0.8,1176.48928,110.2429258,206.7136063,-560.5348679,NW,9,9,
es9-dt103,DRIFT,0.535,1177.22428,110.3126612,207.3583355,-560.1819526,NW,9,9,
es9-dh100,RBEND,2.726014716,1179.95029,110.5713014,209.7420472,-558.859457,NW,9,9,
es9-dt100,DRIFT,0.2584,1180.20869,110.5958152,209.9672843,-558.7328125,NW,9,9,
es9-dh97,RBEND,2.726014716,1182.93471,110.8543956,212.3357885,-557.3832705,NW,9,9,
es9-dt82,DRIFT,14.9354,1197.87011,112.2762195,225.2702243,-549.9155705,NW,9,9,
es9-mark82,MARKER,0,1198.27011,112.3144387,225.6166345,-549.7155705,NW,9,9,
es9-q82,QUADRUPOLE,0.8,1198.47011,112.3335509,225.7898396,-549.6155705,NW,9,9,
es9-dt73,DRIFT,8.15,1206.82011,113.1329676,233.0211517,-545.4405705,NW,9,9,
es9-mark73,MARKER,0,1207.22011,113.1713331,233.3675618,-545.2405705,NW,9,9,
es9-q73,QUADRUPOLE,0.8,1207.42011,113.1905181,233.5407669,-545.1405705,NW,9,9,
es9-dt64,DRIFT,8.15,1215.77011,113.9928124,240.772079,-540.9655705,NW,9,9,
es9-mark64,MARKER,0,1216.17011,114.0313076,241.1184892,-540.7655705,NW,9,9,
es9-q64,QUADRUPOLE,0.8,1216.37011,114.0505572,241.2916943,-540.6655705,NW,9,9,
es9-dt55,DRIFT,8.15,1224.72011,114.8553813,248.5230064,-536.4905705,NW,9,9,
es9-mark55,MARKER,0,1225.12011,114.8939894,248.8694166,-536.2905705,NW,9,9,
es9-q55,QUADRUPOLE,0.8,1225.32011,114.9132952,249.0426216,-536.1905705,NW,9,9,
es9-dt48,DRIFT,6.01312,1231.53323,115.5135975,254.4233414,-533.0840105,NW,9,9,
es9-mark48,MARKER,0,1232.13323,115.571623,254.9429566,-532.7840105,NW,9,9,
es9-q48,QUADRUPOLE,1.2,1232.43323,115.6006391,255.2027643,-532.6340105,NW,9,9,
es9-dt47,DRIFT,0.3,1233.03323,115.6586783,255.7223795,-532.3340105,NW,9,9,
es9-cav43,RFCAVITY,4.01667,1237.0499,116.0474424,259.2009178,-530.3256755,NW,9,9,
es9-dt43,DRIFT,0.3,1237.3499,116.0764938,259.4607254,-530.1756755,NW,9,9,
es9-cav39,RFCAVITY,4.01667,1241.36657,116.4656486,262.9392636,-528.1673405,NW,9,9,
es9-dt38,DRIFT,0.3,1241.66657,116.4947277,263.1990713,-528.0173405,NW,9,9,
es9-mark38,MARKER,0,1242.26657,116.5528911,263.7186865,-527.7173405,NW,9,9,
es9-q37,QUADRUPOLE,1.2,1242.56657,116.5819756,263.9784941,-527.5673405,NW,9,9,
es9-dt37,DRIFT,0.3,1243.16657,116.6401497,264.4981094,-527.2673405,NW,9,9,
es9-cav33,RFCAVITY,4.01667,1247.18324,117.0297662,267.9766476,-525.2590055,NW,9,9,
es9-dt33,DRIFT,0.3,1247.48324,117.0588776,268.2364553,-525.1090055,NW,9,9,
es9-cav29,RFCAVITY,4.01667,1251.49991,117.4487884,271.7149935,-523.1006705,NW,9,9,
es9-dt28,DRIFT,0.3,1251.79991,117.4779202,271.9748011,-522.9506705,NW,9,9,
es9-mark28,MARKER,0,1252.39991,117.5361879,272.4944164,-522.6506705,NW,9,9,
es9-q27,QUADRUPOLE,1.2,1252.69991,117.5653237,272.754224,-522.5006705,NW,9,9,
es9-dt27,DRIFT,0.3,1253.29991,117.6235989,273.2738392,-522.2006705,NW,9,9,
es9-cav23,RFCAVITY,4.01667,1257.31658,118.0138406,276.7523775,-520.1923355,NW,9,9,
es9-dt22,DRIFT,0.3,1257.61658,118.0429951,277.0121851,-520.0423355,NW,9,9,
es9-cav18,RFCAVITY,4.01667,1261.63325,118.4334336,280.4907234,-518.0340005,NW,9,9,
es9-dt18,DRIFT,0.3,1261.93325,118.4626012,280.750531,-517.8840005,NW,9,9,
es9-mark17,MARKER,0,1262.53325,118.5209389,281.2701462,-517.5840005,NW,9,9,
es9-q17,QUADRUPOLE,1.2,1262.83325,118.5501089,281.5299539,-517.4340005,NW,9,9,
es9-dt17,DRIFT,0.3,1263.43325,118.6084511,282.0495691,-517.1340005,NW,9,9,
es9-cav13,RFCAVITY,4.01667,1267.44992,118.9990886,285.5281074,-515.1256655,NW,9,9,
es9-dt12,DRIFT,0.3,1267.74992,119.028269,285.787915,-514.9756655,NW,9,9,
es9-cav8,RFCAVITY,4.01667,1271.76659,119.4190051,289.2664532,-512.9673305,NW,9,9,
es9-dt8,DRIFT,0.3,1272.06659,119.4481913,289.5262609,-512.8173305,NW,9,9,
es9-mark7,MARKER,0,1272.66659,119.5065646,290.0458761,-512.5173305,NW,9,9,
es9-q7,QUADRUPOLE,1.2,1272.96659,119.5357516,290.3056837,-512.3673305,NW,9,9,
es9-dt6,DRIFT,0.3,1273.56659,119.5941263,290.825299,-512.0673305,NW,9,9,
es9-cav2,RFCAVITY,4.01667,1277.58326,119.9849289,294.3038372,-510.0589955,NW,9,9,
es9-dt2,MARKER,0,1277.73326,119.9995234,294.433741,-509.9839955,NW,9,9,
es9-mark2,MARKER,0,1277.73326,119.9995234,294.433741,-509.9839955,NW,9,9,
es9-dt2,DRIFT,0.15,1277.73326,119.9995234,294.433741,-509.9839955,NW,9,9,
es9-mark2,DRIFT,0.15,1277.73326,119.9995234,294.433741,-509.9839955,NW,9,9,
es10-dt318,DRIFT,0.15,1277.88326,120.0141179,294.5636448,-509.9089955,NW,11,10,
es10-cav2,RFCAVITY,4.01667,1281.89993,120.4049206,298.0421831,-507.9006605,NW,11,10,
es10-dt2,DRIFT,0.3,1282.19993,120.4341081,298.3019907,-507.7506605,NW,11,10,
es10-mark3,MARKER,0,1282.79993,120.4924823,298.821606,-507.4506605,NW,11,10,
es10-q3,QUADRUPOLE,1.2,1283.09993,120.5216691,299.0814136,-507.3006605,NW,11,10,
es10-dt4,DRIFT,0.3,1283.69993,120.5800418,299.6010288,-507.0006605,NW,11,10,
es10-cav8,RFCAVITY,4.01667,1287.7166,120.9707781,303.0795671,-504.9923255,NW,11,10,
es10-dt8,DRIFT,0.3,1288.0166,120.9999585,303.3393747,-504.8423255,NW,11,10,
es10-cav12,RFCAVITY,4.01667,1292.03327,121.3905963,306.817913,-502.8339905,NW,11,10,
es10-dt12,DRIFT,0.3,1292.33327,121.4197678,307.0777206,-502.6839905,NW,11,10,
es10-mark13,MARKER,0,1292.93327,121.4781086,307.5973358,-502.3839905,NW,11,10,
es10-q13,QUADRUPOLE,1.2,1293.23327,121.5072778,307.8571435,-502.2339905,NW,11,10,
es10-dt14,DRIFT,0.3,1293.83327,121.565614,308.3767587,-501.9339905,NW,11,10,
es10-cav18,RFCAVITY,4.01667,1297.84994,121.9560528,311.855297,-499.9256555,NW,11,10,
es10-dt18,DRIFT,0.3,1298.14994,121.9852074,312.1151046,-499.7756555,NW,11,10,
es10-cav22,RFCAVITY,4.01667,1302.16661,122.3754496,315.5936428,-497.7673205,NW,11,10,
es10-dt22,DRIFT,0.3,1302.46661,122.4045878,315.8534505,-497.6173205,NW,11,10,
es10-mark23,MARKER,0,1303.06661,122.4628607,316.3730657,-497.3173205,NW,11,10,
es10-q23,QUADRUPOLE,1.2,1303.36661,122.4919952,316.6328733,-497.1673205,NW,11,10,
es10-dt24,DRIFT,0.3,1303.96661,122.5502604,317.1524886,-496.8673205,NW,11,10,
es10-cav28,RFCAVITY,4.01667,1307.98328,122.9401717,320.6310268,-494.8589855,NW,11,10,
es10-dt28,DRIFT,0.3,1308.28328,122.9692832,320.8908344,-494.7089855,NW,11,10,
es10-cav32,RFCAVITY,4.01667,1312.29995,123.3589004,324.3693727,-492.7006505,NW,11,10,
es10-dt33,DRIFT,0.3,1312.59995,123.3879884,324.6291803,-492.5506505,NW,11,10,
es10-mark33,MARKER,0,1313.19995,123.4461591,325.1487956,-492.2506505,NW,11,10,
es10-q33,QUADRUPOLE,1.2,1313.49995,123.4752418,325.4086032,-492.1006505,NW,11,10,
es10-dt34,DRIFT,0.3,1314.09995,123.5334018,325.9282184,-491.8006505,NW,11,10,
es10-cav38,RFCAVITY,4.01667,1318.11662,123.9225575,329.4067567,-489.7923155,NW,11,10,
es10-dt38,DRIFT,0.3,1318.41662,123.951609,329.6665643,-489.6423155,NW,11,10,
es10-cav42,RFCAVITY,4.01667,1322.43329,124.340374,333.1451026,-487.6339805,NW,11,10,
es10-dt43,DRIFT,0.3,1322.73329,124.3693948,333.4049102,-487.4839805,NW,11,10,
es10-mark43,MARKER,0,1323.33329,124.4274295,333.9245254,-487.1839805,NW,11,10,
es10-q44,QUADRUPOLE,1.2,1323.63329,124.4564435,334.1843331,-487.0339805,NW,11,10,
es10-dt52,DRIFT,8.15,1332.08329,125.2726756,341.5022477,-482.8089805,NW,11,10,
es10-mark52,MARKER,0,1332.48329,125.3112632,341.8486579,-482.6089805,NW,11,10,
es10-q53,QUADRUPOLE,0.8,1332.68329,125.3305553,342.021863,-482.5089805,NW,11,10,
es10-dt61,DRIFT,8.15,1341.03329,126.1348643,349.2531751,-478.3339805,NW,11,10,
es10-mark61,MARKER,0,1341.43329,126.1733358,349.5995852,-478.1339805,NW,11,10,
es10-q62,QUADRUPOLE,0.8,1341.63329,126.1925695,349.7727903,-478.0339805,NW,11,10,
es10-dt70,DRIFT,8.15,1349.98329,126.9942732,357.0041024,-473.8589805,NW,11,10,
es10-mark70,MARKER,0,1350.38329,127.0326118,357.3505126,-473.6589805,NW,11,10,
es10-q71,QUADRUPOLE,0.8,1350.58329,127.0517786,357.5237177,-473.5589805,NW,11,10,
es10-dt79,DRIFT,8.15,1358.93329,127.850531,364.7550298,-469.3839805,NW,11,10,
es10-mark79,MARKER,0,1359.33329,127.8887202,365.10144,-469.1839805,NW,11,10,
es10-q80,QUADRUPOLE,0.8,1359.53329,127.9078121,365.274645,-469.0839805,NW,11,10,
es10-dt92,DRIFT,12.4975,1372.23079,129.1161245,376.2710026,-462.7352305,NW,11,10,
es10-dh95,RBEND,2.726014716,1374.9568,129.3747474,378.6239924,-461.3588167,NW,11,10,
es10-dt95,DRIFT,0.2584,1375.2152,129.3992653,378.8462883,-461.2270779,NW,11,10,
es10-dh98,RBEND,2.726014716,1377.94122,129.6579478,381.1834589,-459.8239708,NW,11,10,
es10-dt98,DRIFT,0.535,1378.47622,129.7087184,381.6405733,-459.5459934,NW,11,10,
es10-mark99,MARKER,0,1378.87622,129.746669,381.9823411,-459.3381598,NW,11,10,
es10-q99,QUADRUPOLE,0.8,1379.07622,129.7656415,382.1532249,-459.234243,NW,11,10,
es10-dt100,DRIFT,0.535,1379.81122,129.8353495,382.7812232,-458.8523488,NW,11,10,
es10-dh103,RBEND,2.726014716,1382.53723,130.0938847,385.1022717,-457.4227301,NW,11,10,
es10-dt103,DRIFT,0.2584,1382.79563,130.1183941,385.3215112,-457.2859653,NW,11,10,
es10-dh106,RBEND,2.726014716,1385.52165,130.3769849,387.626137,-455.8300203,NW,11,10,
es10-dt106,DRIFT,0.535,1386.05665,130.4277373,388.0768053,-455.5417095,NW,11,10,
es10-mark106,MARKER,0,1386.45665,130.465675,388.4137535,-455.32615,NW,11,10,
es10-q107,QUADRUPOLE,0.8,1386.65665,130.4846413,388.5822277,-455.2183703,NW,11,10,
es10-dt110,DRIFT,2.87168,1389.72833,130.775712,391.1697207,-453.5630461,NW,11,10,
es10-mark110,MARKER,0,1390.12833,130.8135849,391.5066689,-453.3474867,NW,11,10,
es10-q110,QUADRUPOLE,0.8,1390.32833,130.8325187,391.675143,-453.239707,NW,11,10,
es10-dt113,DRIFT,2.87168,1393.40001,131.1230812,394.262636,-451.5843828,NW,11,10,
es10-mark114,MARKER,0,1393.80001,131.1608867,394.5995843,-451.3688233,NW,11,10,
es10-q114,QUADRUPOLE,0.8,1394.00001,131.1797866,394.7680584,-451.2610436,NW,11,10,
es10-dt117,DRIFT,2.87168,1397.07169,131.469821,397.3555514,-449.6057195,NW,11,10,
es10-mark117,MARKER,0,1397.47169,131.5075565,397.6924996,-449.39016,NW,11,10,
es10-q118,QUADRUPOLE,0.8,1397.67169,131.5264213,397.8609737,-449.2823803,NW,11,10,
es10-dt121,DRIFT,2.87168,1400.74337,131.8159077,400.4484667,-447.6270561,NW,11,10,
es10-mark121,MARKER,0,1401.14337,131.8535706,400.785415,-447.4114967,NW,11,10,
es10-q121,QUADRUPOLE,0.8,1401.34337,131.8723991,400.9538891,-447.3037169,NW,11,10,
es10-dt124,DRIFT,2.87168,1404.41505,132.161318,403.5413821,-445.6483928,NW,11,10,
es10-mark125,MARKER,0,1404.81505,132.1989059,403.8783303,-445.4328333,NW,11,10,
es10-q125,QUADRUPOLE,0.8,1405.01505,132.2176967,404.0468044,-445.3250536,NW,11,10,
es10-dt128,DRIFT,2.87168,1408.08673,132.506029,406.6342974,-443.6697294,NW,11,10,
es10-mark128,MARKER,0,1408.48673,132.5435392,406.9712457,-443.45417,NW,11,10,
es10-q129,QUADRUPOLE,0.8,1408.68673,132.5622911,407.1397198,-443.3463902,NW,11,10,
es10-dt132,DRIFT,2.87168,1411.75841,132.8500177,409.7272128,-441.6910661,NW,11,10,
es10-mark132,MARKER,0,1412.15841,132.8874479,410.064161,-441.4755066,NW,11,10,
es10-q132,QUADRUPOLE,0.8,1412.35841,132.9061597,410.2326352,-441.3677269,NW,11,10,
es10-dt133,DRIFT,0.535,1413.09341,132.9749064,410.8517776,-440.9716364,NW,11,10,
es10-dh136,RBEND,2.726014716,1415.81942,133.22988,413.139682,-439.4895537,NW,11,10,
es10-dt136,DRIFT,0.2584,1416.07782,133.2540526,413.3557515,-439.3478337,NW,11,10,
es10-dh139,RBEND,2.726014716,1418.80383,133.5090996,415.6266381,-437.8398053,NW,11,10,
es10-dt139,DRIFT,0.535,1419.33883,133.5591576,416.0706268,-437.5413105,NW,11,10,
es10-mark140,MARKER,0,1419.73883,133.5965745,416.4025809,-437.3181369,NW,11,10,
es10-q140,QUADRUPOLE,0.8,1419.93883,133.6152798,416.5685579,-437.2065501,NW,11,10,
es10-dt141,DRIFT,0.535,1420.67383,133.6840039,417.1785236,-436.7964686,NW,11,10,
es10-dh143,RBEND,2.726014716,1423.39985,133.9388933,419.4320983,-435.2626899,NW,11,10,
es10-dt144,DRIFT,0.2584,1423.65825,133.9630577,419.6448858,-435.1160882,NW,11,10,
es10-dh146,RBEND,2.726014716,1426.38426,134.2180162,421.8808565,-433.5567579,NW,11,10,
es10-dt147,DRIFT,0.535,1426.91926,134.2680567,422.3179354,-433.2482339,NW,11,10,
es10-mark147,MARKER,0,1427.31926,134.3054611,422.6447233,-433.0175618,NW,11,10,
es10-q148,QUADRUPOLE,0.8,1427.51926,134.3241603,422.8081173,-432.9022257,NW,11,10,
es10-dt151,DRIFT,3.40659,1431.12585,134.6610238,425.7545927,-430.8223762,NW,11,10,
es10-q152,QUADRUPOLE,0.5,1431.50085,134.6960122,426.0609565,-430.6061211,NW,11,10,
es10-dt152.1,DRIFT,0.156,1431.78185,134.7222256,426.290525,-430.4440739,NW,11,10,
es10-sx152.1,SEXTUPOLE,0.24,1432.02185,134.744611,426.4865978,-430.3056706,NW,11,10,
es10-dt152.2,DRIFT,0.104,1432.12585,134.7543105,426.5715626,-430.2456959,NW,11,10,
es10-sx152.2,SEXTUPOLE,0.24,1432.36585,134.7766917,426.7676354,-430.1072926,NW,11,10,
es10-dt153,DRIFT,0.5,1432.86585,134.8233098,427.1761204,-429.8189525,NW,11,10,
es10-dh156,RBEND,2.726014716,1435.59187,135.0774913,429.3941974,-428.2342726,NW,11,10,
es10-dt156,DRIFT,0.2584,1435.85027,135.1015886,429.6035926,-428.0828652,NW,11,10,
es10-dh159,RBEND,2.726014716,1438.57628,135.355839,431.8034886,-426.473041,NW,11,10,
es10-dt160.1,DRIFT,1.201798608,1439.77808,135.4679164,432.7692913,-425.7578174,NW,11,10,
es10-ks160,VKICKER,0.2,1439.97808,135.4865614,432.9300176,-425.6387918,NW,11,10,
es10-dt160.2,DRIFT,0.064,1440.04208,135.4925274,432.9814499,-425.6007036,NW,11,10,
es10-q160,QUADRUPOLE,0.5,1440.41708,135.5274803,433.2828116,-425.3775307,NW,11,10,
es10-dt162,DRIFT,1.24,1441.78208,135.6546519,434.3797681,-424.5651814,NW,11,10,
es10-dh165,RBEND,2.726014716,1444.5081,135.9085842,436.561198,-422.9304216,NW,11,10,
es10-dt165,DRIFT,0.2584,1444.7665,135.9326577,436.7670924,-422.7742869,NW,11,10,
es10-dh167,RBEND,2.726014716,1447.49251,136.1866555,438.9297736,-421.1148032,NW,11,10,
es10-dt169.1,DRIFT,1.201798608,1448.69431,136.2986225,439.8790454,-420.3777801,NW,11,10,
es10-ks169,HKICKER,0.2,1448.89431,136.3172494,440.0370205,-420.2551268,NW,11,10,
es10-dt169.2,DRIFT,0.064,1448.95831,136.3232096,440.0875726,-420.2158777,NW,11,10,
es10-mark169,MARKER,0,1449.20831,136.34649,440.2850416,-420.062561,NW,11,10,
es10-q169,QUADRUPOLE,0.5,1449.33331,136.3581292,440.383776,-419.9859026,NW,11,10,
es10-dt170.1,DRIFT,0.156,1449.61431,136.3842914,440.6057312,-419.8135747,NW,11,10,
es10-dt170.2,DRIFT,0.1721,1449.78641,136.4003128,440.7416688,-419.7080315,NW,11,10,
es10-sx170,SEXTUPOLE,0.24,1450.02641,136.4226529,440.931239,-419.5608475,NW,11,10,
es10-dt170.3,DRIFT,0.1721,1450.19851,136.4386711,441.0671766,-419.4553043,NW,11,10,
es10-cm171,MULTIPOLE,0,1450.69851,136.4852008,441.4621146,-419.1486709,NW,11,10,
es10-dt171,MULTIPOLE,0,1450.69851,136.4852008,441.4621146,-419.1486709,NW,11,10,
es10-cm171,DRIFT,0.5,1450.69851,136.4852008,441.4621146,-419.1486709,NW,11,10,
es10-dt171,DRIFT,0.5,1450.69851,136.4852008,441.4621146,-419.1486709,NW,11,10,
es10-cm173,MULTIPOLE,0,1453.42459,136.7388856,443.6066496,-417.4656976,NW,11,10,
es10-dv173,MULTIPOLE,0,1453.42459,136.7388856,443.6066496,-417.4656976,NW,11,10,
es10-cm173,SBEND,2.726077105,1453.42459,136.7388856,443.6066496,-417.4656976,NW,11,10,
es10-dv173,SBEND,2.726077105,1453.42459,136.7388856,443.6066496,-417.4656976,NW,11,10,
es10-cm174,MULTIPOLE,0,1453.68299,136.7629333,443.8090956,-417.3051162,NW,11,10,
es10-dt174,MULTIPOLE,0,1453.68299,136.7629333,443.8090956,-417.3051162,NW,11,10,
es10-cm174,DRIFT,0.258400373,1453.68299,136.7629333,443.8090956,-417.3051162,NW,11,10,
es10-dt174,DRIFT,0.258400373,1453.68299,136.7629333,443.8090956,-417.3051162,NW,11,10,
es10-cm175.1,MULTIPOLE,0,1454.57439,136.8458881,444.5065282,-416.7499751,NW,11,10,
es10-dv175,MULTIPOLE,0,1454.57439,136.8458881,444.5065282,-416.7499751,NW,11,10,
es10-cm175.1,SBEND,0.891400429,1454.57439,136.8458881,444.5065282,-416.7499751,NW,11,10,
es10-dv175,SBEND,0.891400429,1454.57439,136.8458881,444.5065282,-416.7499751,NW,11,10,
es10-cm175.2,MULTIPOLE,0,1454.83279,136.8699345,444.7084273,-416.5887066,NW,11,10,
es10-dt175,MULTIPOLE,0,1454.83279,136.8699345,444.7084273,-416.5887066,NW,11,10,
es10-cm175.2,DRIFT,0.258400373,1454.83279,136.8699345,444.7084273,-416.5887066,NW,11,10,
es10-dt175,DRIFT,0.258400373,1454.83279,136.8699345,444.7084273,-416.5887066,NW,11,10,
es10-cm178,MULTIPOLE,0,1457.55887,137.1236328,446.829545,-414.8763138,NW,11,10,
es10-dv178,MULTIPOLE,0,1457.55887,137.1236328,446.829545,-414.8763138,NW,11,10,
es10-cm178,SBEND,2.726077105,1457.55887,137.1236328,446.829545,-414.8763138,NW,11,10,
es10-dv178,SBEND,2.726077105,1457.55887,137.1236328,446.829545,-414.8763138,NW,11,10,
es10-dt178.1,DRIFT,0.319540221,1457.87841,137.1533714,447.0771288,-414.6743033,NW,11,10,
es10-ks178,VKICKER,0.2,1458.07841,137.1719826,447.2320913,-414.5478651,NW,11,10,
es10-dt178.2,DRIFT,0.064,1458.14241,137.1779379,447.2816793,-414.5074049,NW,11,10,
es10-q179,QUADRUPOLE,0.5,1458.51741,137.2128283,447.572234,-414.2703333,NW,11,10,
es10-dt179.1,DRIFT,0.156,1458.79841,137.2389689,447.7899563,-414.0926876,NW,11,10,
es10-sx179.1,SEXTUPOLE,0.24,1459.03841,137.2612927,447.9759113,-413.9409618,NW,11,10,
es10-dt179.2,DRIFT,0.104,1459.14241,137.2709656,448.0564919,-413.8752139,NW,11,10,
es10-sx179.2,SEXTUPOLE,0.24,1459.38241,137.293286,448.2424469,-413.7234881,NW,11,10,
es10-cm180,MULTIPOLE,0,1459.88241,137.3397787,448.6298532,-413.4073926,NW,11,10,
es10-dt180,MULTIPOLE,0,1459.88241,137.3397787,448.6298532,-413.4073926,NW,11,10,
es10-cm180,DRIFT,0.5,1459.88241,137.3397787,448.6298532,-413.4073926,NW,11,10,
es10-dt180,DRIFT,0.5,1459.88241,137.3397787,448.6298532,-413.4073926,NW,11,10,
es10-cm183.1,MULTIPOLE,0,1462.60848,137.5932626,450.7330571,-411.6730446,NW,11,10,
es10-dv183,MULTIPOLE,0,1462.60848,137.5932626,450.7330571,-411.6730446,NW,11,10,
es10-cm183.1,SBEND,2.726077105,1462.60848,137.5932626,450.7330571,-411.6730446,NW,11,10,
es10-dv183,SBEND,2.726077105,1462.60848,137.5932626,450.7330571,-411.6730446,NW,11,10,
es10-cm183.2,MULTIPOLE,0,1462.86688,137.6172911,450.9315601,-411.507614,NW,11,10,
es10-dt183,MULTIPOLE,0,1462.86688,137.6172911,450.9315601,-411.507614,NW,11,10,
es10-cm183.2,DRIFT,0.258400373,1462.86688,137.6172911,450.9315601,-411.507614,NW,11,10,
es10-dt183,DRIFT,0.258400373,1462.86688,137.6172911,450.9315601,-411.507614,NW,11,10,
es10-cm184.1,MULTIPOLE,0,1463.75828,137.70018,451.6153623,-410.9357674,NW,11,10,
es10-dv184,MULTIPOLE,0,1463.75828,137.70018,451.6153623,-410.9357674,NW,11,10,
es10-cm184.1,SBEND,0.891400429,1463.75828,137.70018,451.6153623,-410.9357674,NW,11,10,
es10-dv184,SBEND,0.891400429,1463.75828,137.70018,451.6153623,-410.9357674,NW,11,10,
es10-cm184.2,MULTIPOLE,0,1464.01668,137.7242075,451.8133019,-410.769663,NW,11,10,
es10-dt184,MULTIPOLE,0,1464.01668,137.7242075,451.8133019,-410.769663,NW,11,10,
es10-cm184.2,DRIFT,0.258400373,1464.01668,137.7242075,451.8133019,-410.769663,NW,11,10,
es10-dt184,DRIFT,0.258400373,1464.01668,137.7242075,451.8133019,-410.769663,NW,11,10,
es10-cm187,MULTIPOLE,0,1466.74276,137.9777042,453.8923839,-409.0064705,NW,11,10,
es10-dv187,MULTIPOLE,0,1466.74276,137.9777042,453.8923839,-409.0064705,NW,11,10,
es10-cm187,SBEND,2.726077105,1466.74276,137.9777042,453.8923839,-409.0064705,NW,11,10,
es10-dv187,SBEND,2.726077105,1466.74276,137.9777042,453.8923839,-409.0064705,NW,11,10,
es10-dt187.1,DRIFT,0.319540221,1467.0623,138.0074192,454.1350095,-408.7985312,NW,11,10,
es10-ks187,HKICKER,0.2,1467.2623,138.0260157,454.2868687,-408.6683821,NW,11,10,
es10-dt187.2,DRIFT,0.064,1467.3263,138.0319662,454.3354636,-408.6267344,NW,11,10,
es10-q188,QUADRUPOLE,0.5,1467.7013,138.0668295,454.6201996,-408.3827049,NW,11,10,
es10-dt188.1,DRIFT,0.156,1467.9823,138.0929501,454.8335618,-408.1998454,NW,11,10,
es10-dt188.2,DRIFT,0.1721,1468.1544,138.1089462,454.9642366,-408.0878521,NW,11,10,
es10-sx188,SEXTUPOLE,0.24,1468.3944,138.1312515,455.1464677,-407.9316732,NW,11,10,
es10-dt189.1,DRIFT,0.1721,1468.5665,138.1472448,455.2771425,-407.81968,NW,11,10,
es10-cm189,MULTIPOLE,0,1469.0665,138.1937033,455.6567905,-407.4943072,NW,11,10,
es10-dt189.2,MULTIPOLE,0,1469.0665,138.1937033,455.6567905,-407.4943072,NW,11,10,
es10-cm189,DRIFT,0.5,1469.0665,138.1937033,455.6567905,-407.4943072,NW,11,10,
es10-dt189.2,DRIFT,0.5,1469.0665,138.1937033,455.6567905,-407.4943072,NW,11,10,
es10-cm192.1,MULTIPOLE,0,1471.79258,138.4470005,457.7174329,-405.7095993,NW,11,10,
es10-dv192,MULTIPOLE,0,1471.79258,138.4470005,457.7174329,-405.7095993,NW,11,10,
es10-cm192.1,SBEND,2.726077105,1471.79258,138.4470005,457.7174329,-405.7095993,NW,11,10,
es10-dv192,SBEND,2.726077105,1471.79258,138.4470005,457.7174329,-405.7095993,NW,11,10,
es10-cm192.2,MULTIPOLE,0,1472.05098,138.4710113,457.9118768,-405.5394161,NW,11,10,
es10-dt192,MULTIPOLE,0,1472.05098,138.4710113,457.9118768,-405.5394161,NW,11,10,
es10-cm192.2,DRIFT,0.258400373,1472.05098,138.4710113,457.9118768,-405.5394161,NW,11,10,
es10-dt192,DRIFT,0.258400373,1472.05098,138.4710113,457.9118768,-405.5394161,NW,11,10,
es10-cm193.1,MULTIPOLE,0,1472.94238,138.5538391,458.5816485,-404.9511986,NW,11,10,
es10-dv193,MULTIPOLE,0,1472.94238,138.5538391,458.5816485,-404.9511986,NW,11,10,
es10-cm193.1,SBEND,0.891400429,1472.94238,138.5538391,458.5816485,-404.9511986,NW,11,10,
es10-dv193,SBEND,0.891400429,1472.94238,138.5538391,458.5816485,-404.9511986,NW,11,10,
es10-cm193.2,MULTIPOLE,0,1473.20078,138.5778489,458.7755129,-404.7803556,NW,11,10,
es10-dt193,MULTIPOLE,0,1473.20078,138.5778489,458.7755129,-404.7803556,NW,11,10,
es10-cm193.2,DRIFT,0.258400373,1473.20078,138.5778489,458.7755129,-404.7803556,NW,11,10,
es10-dt193,DRIFT,0.258400373,1473.20078,138.5778489,458.7755129,-404.7803556,NW,11,10,
es10-cm196,MULTIPOLE,0,1475.92686,138.8311584,460.8113428,-402.9673949,NW,11,10,
es10-dv196,MULTIPOLE,0,1475.92686,138.8311584,460.8113428,-402.9673949,NW,11,10,
es10-cm196,SBEND,2.726077105,1475.92686,138.8311584,460.8113428,-402.9673949,NW,11,10,
es10-dv196,SBEND,2.726077105,1475.92686,138.8311584,460.8113428,-402.9673949,NW,11,10,
es10-dt196,DRIFT,0.319540221,1476.2464,138.8608514,461.0488683,-402.7536484,NW,11,10,
es10-ks196,VKICKER,0.2,1476.4464,138.8794343,461.1975353,-402.6198646,NW,11,10,
es10-dt197.1,DRIFT,0.064,1476.5104,138.8853805,461.2451087,-402.5770537,NW,11,10,
es10-q197,QUADRUPOLE,0.5,1476.8854,138.9202186,461.5238595,-402.3262091,NW,11,10,
es10-dt197.2,DRIFT,0.156,1477.1664,138.9463206,461.7327366,-402.1382428,NW,11,10,
es10-sx197,SEXTUPOLE,0.24,1477.4064,138.9686118,461.9111371,-401.9777022,NW,11,10,
es10-dt198.1,DRIFT,0.104,1477.5104,138.9782707,461.988444,-401.9081346,NW,11,10,
es10-sx198,SEXTUPOLE,0.24,1477.7504,139.0005589,462.1668444,-401.747594,NW,11,10,
es10-cm198,MULTIPOLE,0,1478.2504,139.0469857,462.538512,-401.4131345,NW,11,10,
es10-dt198.2,MULTIPOLE,0,1478.2504,139.0469857,462.538512,-401.4131345,NW,11,10,
es10-cm198,DRIFT,0.5,1478.2504,139.0469857,462.538512,-401.4131345,NW,11,10,
es10-dt198.2,DRIFT,0.5,1478.2504,139.0469857,462.538512,-401.4131345,NW,11,10,
es10-cm201.1,MULTIPOLE,0,1480.97647,139.3001106,464.5553873,-399.5791107,NW,11,10,
es10-dv201,MULTIPOLE,0,1480.97647,139.3001106,464.5553873,-399.5791107,NW,11,10,
es10-cm201.1,SBEND,2.726077105,1480.97647,139.3001106,464.5553873,-399.5791107,NW,11,10,
es10-dv201,SBEND,2.726077105,1480.97647,139.3001106,464.5553873,-399.5791107,NW,11,10,
es10-cm201.2,MULTIPOLE,0,1481.23487,139.3241049,464.7456584,-399.4042745,NW,11,10,
es10-dt201,MULTIPOLE,0,1481.23487,139.3241049,464.7456584,-399.4042745,NW,11,10,
es10-cm201.2,DRIFT,0.258400373,1481.23487,139.3241049,464.7456584,-399.4042745,NW,11,10,
es10-dt201,DRIFT,0.258400373,1481.23487,139.3241049,464.7456584,-399.4042745,NW,11,10,
es10-cm202.1,MULTIPOLE,0,1482.12627,139.4068763,465.4010078,-398.8000303,NW,11,10,
es10-dv202,MULTIPOLE,0,1482.12627,139.4068763,465.4010078,-398.8000303,NW,11,10,
es10-cm202.1,SBEND,0.891400429,1482.12627,139.4068763,465.4010078,-398.8000303,NW,11,10,
es10-dv202,SBEND,0.891400429,1482.12627,139.4068763,465.4010078,-398.8000303,NW,11,10,
es10-cm202.2,MULTIPOLE,0,1482.38468,139.4308698,465.5906835,-398.6245484,NW,11,10,
es10-dt202,MULTIPOLE,0,1482.38468,139.4308698,465.5906835,-398.6245484,NW,11,10,
es10-cm202.2,DRIFT,0.258400373,1482.38468,139.4308698,465.5906835,-398.6245484,NW,11,10,
es10-dt202,DRIFT,0.258400373,1482.38468,139.4308698,465.5906835,-398.6245484,NW,11,10,
es10-cm205,MULTIPOLE,0,1485.11075,139.6840063,467.5820703,-396.7628803,NW,11,10,
es10-dv205,MULTIPOLE,0,1485.11075,139.6840063,467.5820703,-396.7628803,NW,11,10,
es10-cm205,SBEND,2.726077105,1485.11075,139.6840063,467.5820703,-396.7628803,NW,11,10,
es10-dv205,SBEND,2.726077105,1485.11075,139.6840063,467.5820703,-396.7628803,NW,11,10,
es10-dt205,DRIFT,0.319540221,1485.43029,139.7136789,467.8143567,-396.5434515,NW,11,10,
es10-ks206,HKICKER,0.2,1485.63029,139.7322492,467.9597446,-396.4061112,NW,11,10,
es10-dt206.1,DRIFT,0.064,1485.69429,139.7381915,468.0062687,-396.3621624,NW,11,10,
es10-q206,QUADRUPOLE,0.5,1486.06929,139.7730064,468.278871,-396.1046493,NW,11,10,
es10-dt206.2,DRIFT,0.156,1486.35029,139.7990912,468.4831411,-395.9116862,NW,11,10,
es10-dt207.1,DRIFT,0.1721,1486.52239,139.8150657,468.6082474,-395.7935049,NW,11,10,
es10-sx207,SEXTUPOLE,0.24,1486.76239,139.8373411,468.7827128,-395.6286965,NW,11,10,
es10-dt207.2,DRIFT,0.1721,1486.93449,139.8533132,468.9078191,-395.5105152,NW,11,10,
es10-cm207,MULTIPOLE,0,1487.43449,139.8997109,469.2712889,-395.1671645,NW,11,10,
es10-dt207.3,MULTIPOLE,0,1487.43449,139.8997109,469.2712889,-395.1671645,NW,11,10,
es10-cm207,DRIFT,0.5,1487.43449,139.8997109,469.2712889,-395.1671645,NW,11,10,
es10-dt207.3,DRIFT,0.5,1487.43449,139.8997109,469.2712889,-395.1671645,NW,11,10,
es10-cm210.1,MULTIPOLE,0,1490.16057,140.1526775,471.2432173,-393.2848977,NW,11,10,
es10-dv210,MULTIPOLE,0,1490.16057,140.1526775,471.2432173,-393.2848977,NW,11,10,
es10-cm210.1,SBEND,2.726077105,1490.16057,140.1526775,471.2432173,-393.2848977,NW,11,10,
es10-dv210,SBEND,2.726077105,1490.16057,140.1526775,471.2432173,-393.2848977,NW,11,10,
es10-cm210.2,MULTIPOLE,0,1490.41897,140.1766568,471.4292041,-393.1055109,NW,11,10,
es10-dt210,MULTIPOLE,0,1490.41897,140.1766568,471.4292041,-393.1055109,NW,11,10,
es10-cm210.2,DRIFT,0.258400373,1490.41897,140.1766568,471.4292041,-393.1055109,NW,11,10,
es10-dt210,DRIFT,0.258400373,1490.41897,140.1766568,471.4292041,-393.1055109,NW,11,10,
es10-cm211,MULTIPOLE,0,1491.31037,140.2593763,472.0697478,-392.4855933,NW,11,10,
es10-dv211,MULTIPOLE,0,1491.31037,140.2593763,472.0697478,-392.4855933,NW,11,10,
es10-cm211,SBEND,0.891400429,1491.31037,140.2593763,472.0697478,-392.4855933,NW,11,10,
es10-dv211,SBEND,0.891400429,1491.31037,140.2593763,472.0697478,-392.4855933,NW,11,10,
es10-cm212,MULTIPOLE,0,1491.56877,140.2833547,472.2551239,-392.3055754,NW,11,10,
es10-dt212,MULTIPOLE,0,1491.56877,140.2833547,472.2551239,-392.3055754,NW,11,10,
es10-cm212,DRIFT,0.258400373,1491.56877,140.2833547,472.2551239,-392.3055754,NW,11,10,
es10-dt212,DRIFT,0.258400373,1491.56877,140.2833547,472.2551239,-392.3055754,NW,11,10,
es10-cm214,MULTIPOLE,0,1494.29485,140.5363322,474.2009025,-390.3962889,NW,11,10,
es10-dv214,MULTIPOLE,0,1494.29485,140.5363322,474.2009025,-390.3962889,NW,11,10,
es10-cm214,SBEND,2.726077105,1494.29485,140.5363322,474.2009025,-390.3962889,NW,11,10,
es10-dv214,SBEND,2.726077105,1494.29485,140.5363322,474.2009025,-390.3962889,NW,11,10,
es10-dt215.1,DRIFT,0.319540221,1494.61439,140.5659861,474.427814,-390.1713063,NW,11,10,
es10-ks215,VKICKER,0.2,1494.81439,140.5845449,474.5698377,-390.0304899,NW,11,10,
es10-dt215.2,DRIFT,0.064,1494.87839,140.5904834,474.6152853,-389.9854287,NW,11,10,
es10-q215,QUADRUPOLE,0.5,1495.25339,140.625277,474.8815798,-389.7213979,NW,11,10,
es10-dt216.1,DRIFT,0.156,1495.53439,140.6513462,475.0811231,-389.5235508,NW,11,10,
es10-sx216.1,SEXTUPOLE,0.24,1495.77439,140.6736098,475.2515515,-389.3545711,NW,11,10,
es10-dt216.2,DRIFT,0.104,1495.87839,140.6832568,475.3254039,-389.2813466,NW,11,10,
es10-sx216.2,SEXTUPOLE,0.24,1496.11839,140.7055177,475.4958323,-389.1123669,NW,11,10,
es10-cm217,MULTIPOLE,0,1496.61839,140.751889,475.8508916,-388.7603258,NW,11,10,
es10-dt217,MULTIPOLE,0,1496.61839,140.751889,475.8508916,-388.7603258,NW,11,10,
es10-cm217,DRIFT,0.5,1496.61839,140.751889,475.8508916,-388.7603258,NW,11,10,
es10-dt217,DRIFT,0.5,1496.61839,140.751889,475.8508916,-388.7603258,NW,11,10,
es10-cm219,MULTIPOLE,0,1499.34447,141.0047111,477.7767194,-386.8309174,NW,11,10,
es10-dv219,MULTIPOLE,0,1499.34447,141.0047111,477.7767194,-386.8309174,NW,11,10,
es10-cm219,SBEND,2.726077105,1499.34447,141.0047111,477.7767194,-386.8309174,NW,11,10,
es10-dv219,SBEND,2.726077105,1499.34447,141.0047111,477.7767194,-386.8309174,NW,11,10,
es10-cm220.1,MULTIPOLE,0,1499.60287,141.0286766,477.9583133,-386.6470848,NW,11,10,
es10-dt220,MULTIPOLE,0,1499.60287,141.0286766,477.9583133,-386.6470848,NW,11,10,
es10-cm220.1,DRIFT,0.258400373,1499.60287,141.0286766,477.9583133,-386.6470848,NW,11,10,
es10-dt220,DRIFT,0.258400373,1499.60287,141.0286766,477.9583133,-386.6470848,NW,11,10,
es10-cm220.2,MULTIPOLE,0,1500.49427,141.1113487,478.5836764,-386.0118566,NW,11,10,
es10-dv220,MULTIPOLE,0,1500.49427,141.1113487,478.5836764,-386.0118566,NW,11,10,
es10-cm220.2,SBEND,0.891400429,1500.49427,141.1113487,478.5836764,-386.0118566,NW,11,10,
es10-dv220,SBEND,0.891400429,1500.49427,141.1113487,478.5836764,-386.0118566,NW,11,10,
es10-cm221,MULTIPOLE,0,1500.75267,141.1353135,478.7646445,-385.8274079,NW,11,10,
es10-dt221,MULTIPOLE,0,1500.75267,141.1353135,478.7646445,-385.8274079,NW,11,10,
es10-cm221,DRIFT,0.258400373,1500.75267,141.1353135,478.7646445,-385.8274079,NW,11,10,
es10-dt221,DRIFT,0.258400373,1500.75267,141.1353135,478.7646445,-385.8274079,NW,11,10,
es10-cm223,MULTIPOLE,0,1503.47874,141.3881458,480.6636766,-383.87162,NW,11,10,
es10-dv223,MULTIPOLE,0,1503.47874,141.3881458,480.6636766,-383.87162,NW,11,10,
es10-cm223,SBEND,2.726077105,1503.47874,141.3881458,480.6636766,-383.87162,NW,11,10,
es10-dv223,SBEND,2.726077105,1503.47874,141.3881458,480.6636766,-383.87162,NW,11,10,
es10-dt224.1,DRIFT,0.319540221,1503.79828,141.4177826,480.8850804,-383.6412153,NW,11,10,
es10-ks224,HKICKER,0.2,1503.99828,141.4363308,481.0236568,-383.4970051,NW,11,10,
es10-dt224.2,DRIFT,0.064,1504.06228,141.442266,481.0680013,-383.4508579,NW,11,10,
es10-q224,QUADRUPOLE,0.5,1504.43728,141.4770402,481.3278321,-383.1804638,NW,11,10,
es10-dt225.1,DRIFT,0.156,1504.71828,141.5030951,481.522532,-382.9778486,NW,11,10,
es10-dt225.2,DRIFT,0.1721,1504.89038,141.5190515,481.641777,-382.8537557,NW,11,10,
es10-sx225,SEXTUPOLE,0.24,1505.13038,141.5413018,481.8080688,-382.6807035,NW,11,10,
es10-dt225.3,DRIFT,0.1721,1505.30248,141.5572562,481.9273138,-382.5566107,NW,11,10,
es10-cm226,MULTIPOLE,0,1505.80248,141.6036034,482.2737549,-382.1960853,NW,11,10,
es10-dt226,MULTIPOLE,0,1505.80248,141.6036034,482.2737549,-382.1960853,NW,11,10,
es10-cm226,DRIFT,0.5,1505.80248,141.6036034,482.2737549,-382.1960853,NW,11,10,
es10-dt226,DRIFT,0.5,1505.80248,141.6036034,482.2737549,-382.1960853,NW,11,10,
es10-cm229.1,MULTIPOLE,0,1508.52856,141.8562948,484.1523553,-380.2206639,NW,11,10,
es10-dv229,MULTIPOLE,0,1508.52856,141.8562948,484.1523553,-380.2206639,NW,11,10,
es10-cm229.1,SBEND,2.726077105,1508.52856,141.8562948,484.1523553,-380.2206639,NW,11,10,
es10-dv229,SBEND,2.726077105,1508.52856,141.8562948,484.1523553,-380.2206639,NW,11,10,
es10-cm229.2,MULTIPOLE,0,1508.78696,141.8802478,484.32945,-380.0324931,NW,11,10,
es10-dt229,MULTIPOLE,0,1508.78696,141.8802478,484.32945,-380.0324931,NW,11,10,
es10-cm229.2,DRIFT,0.258400373,1508.78696,141.8802478,484.32945,-380.0324931,NW,11,10,
es10-dt229,DRIFT,0.258400373,1508.78696,141.8802478,484.32945,-380.0324931,NW,11,10,
es10-cm230.1,MULTIPOLE,0,1509.67836,141.9628771,484.9392669,-379.3823259,NW,11,10,
es10-dv230,MULTIPOLE,0,1509.67836,141.9628771,484.9392669,-379.3823259,NW,11,10,
es10-cm230.1,SBEND,0.891400429,1509.67836,141.9628771,484.9392669,-379.3823259,NW,11,10,
es10-dv230,SBEND,0.891400429,1509.67836,141.9628771,484.9392669,-379.3823259,NW,11,10,
es10-cm230.2,MULTIPOLE,0,1509.93676,141.9868294,485.1157209,-379.1935544,NW,11,10,
es10-dt230,MULTIPOLE,0,1509.93676,141.9868294,485.1157209,-379.1935544,NW,11,10,
es10-cm230.2,DRIFT,0.258400373,1509.93676,141.9868294,485.1157209,-379.1935544,NW,11,10,
es10-dt230,DRIFT,0.258400373,1509.93676,141.9868294,485.1157209,-379.1935544,NW,11,10,
es10-cm233,MULTIPOLE,0,1512.66284,142.2395302,486.9668957,-377.1924093,NW,11,10,
es10-dv233,MULTIPOLE,0,1512.66284,142.2395302,486.9668957,-377.1924093,NW,11,10,
es10-cm233,SBEND,2.726077105,1512.66284,142.2395302,486.9668957,-377.1924093,NW,11,10,
es10-dv233,SBEND,2.726077105,1512.66284,142.2395302,486.9668957,-377.1924093,NW,11,10,
es10-dt233.1,DRIFT,0.319540221,1512.98238,142.2691515,487.1826621,-376.9567172,NW,11,10,
es10-ks233,VKICKER,0.2,1513.18238,142.2876901,487.3177102,-376.8091976,NW,11,10,
es10-dt233.2,DRIFT,0.064,1513.24638,142.2936223,487.3609256,-376.7619914,NW,11,10,
es10-q234,QUADRUPOLE,0.5,1513.62138,142.328379,487.6141408,-376.4853922,NW,11,10,
es10-dt234.1,DRIFT,0.156,1513.90238,142.354421,487.8038834,-376.2781273,NW,11,10,
es10-sx234.1,SEXTUPOLE,0.24,1514.14238,142.3766617,487.9659411,-376.1011039,NW,11,10,
es10-dt234.2,DRIFT,0.104,1514.24638,142.3862989,488.0361661,-376.0243937,NW,11,10,
es10-sx234.2,SEXTUPOLE,0.24,1514.48638,142.4085375,488.1982238,-375.8473703,NW,11,10,
es10-cm235,MULTIPOLE,0,1514.98638,142.4548633,488.535844,-375.4785714,NW,11,10,
es10-dt235,MULTIPOLE,0,1514.98638,142.4548633,488.535844,-375.4785714,NW,11,10,
es10-cm235,DRIFT,0.5,1514.98638,142.4548633,488.535844,-375.4785714,NW,11,10,
es10-dt235,DRIFT,0.5,1514.98638,142.4548633,488.535844,-375.4785714,NW,11,10,
es10-cm238.1,MULTIPOLE,0,1517.71246,142.7074374,490.3661181,-373.4582927,NW,11,10,
es10-dv238,MULTIPOLE,0,1517.71246,142.7074374,490.3661181,-373.4582927,NW,11,10,
es10-cm238.1,SBEND,2.726077105,1517.71246,142.7074374,490.3661181,-373.4582927,NW,11,10,
es10-dv238,SBEND,2.726077105,1517.71246,142.7074374,490.3661181,-373.4582927,NW,11,10,
es10-cm238.2,MULTIPOLE,0,1517.97086,142.7313793,490.53861,-373.2658938,NW,11,10,
es10-dt238,MULTIPOLE,0,1517.97086,142.7313793,490.53861,-373.2658938,NW,11,10,
es10-cm238.2,DRIFT,0.258400373,1517.97086,142.7313793,490.53861,-373.2658938,NW,11,10,
es10-dt238,DRIFT,0.258400373,1517.97086,142.7313793,490.53861,-373.2658938,NW,11,10,
es10-cm239.1,MULTIPOLE,0,1518.86226,142.8139701,491.1325238,-372.6011681,NW,11,10,
es10-dv239,MULTIPOLE,0,1518.86226,142.8139701,491.1325238,-372.6011681,NW,11,10,
es10-cm239.1,SBEND,0.891400429,1518.86226,142.8139701,491.1325238,-372.6011681,NW,11,10,
es10-dv239,SBEND,0.891400429,1518.86226,142.8139701,491.1325238,-372.6011681,NW,11,10,
es10-cm239.2,MULTIPOLE,0,1519.12066,142.8379113,491.3043607,-372.408184,NW,11,10,
es10-dt239,MULTIPOLE,0,1519.12066,142.8379113,491.3043607,-372.408184,NW,11,10,
es10-cm239.2,DRIFT,0.258400373,1519.12066,142.8379113,491.3043607,-372.408184,NW,11,10,
es10-dt239,DRIFT,0.258400373,1519.12066,142.8379113,491.3043607,-372.408184,NW,11,10,
es10-cm242,MULTIPOLE,0,1521.84673,143.0904939,493.1065949,-370.3628525,NW,11,10,
es10-dv242,MULTIPOLE,0,1521.84673,143.0904939,493.1065949,-370.3628525,NW,11,10,
es10-cm242,SBEND,2.726077105,1521.84673,143.0904939,493.1065949,-370.3628525,NW,11,10,
es10-dv242,SBEND,2.726077105,1521.84673,143.0904939,493.1065949,-370.3628525,NW,11,10,
es10-dt242.1,DRIFT,0.319540221,1522.16627,143.1201013,493.3165979,-370.1220109,NW,11,10,
es10-ks242,HKICKER,0.2,1522.36627,143.1386315,493.4480387,-369.9712683,NW,11,10,
es10-dt242.2,DRIFT,0.064,1522.43027,143.1445609,493.4900997,-369.9230306,NW,11,10,
es10-q243,QUADRUPOLE,0.5,1522.80527,143.1793019,493.7365511,-369.6403882,NW,11,10,
es10-dt243.1,DRIFT,0.156,1523.08627,143.2053325,493.9212253,-369.4285949,NW,11,10,
es10-dt243.2,DRIFT,0.1721,1523.25837,143.2212741,494.0343301,-369.2988809,NW,11,10,
es10-sx243,SEXTUPOLE,0.24,1523.49837,143.2435043,494.192059,-369.1179897,NW,11,10,
es10-dt244.1,DRIFT,0.1721,1523.67047,143.2594444,494.3051637,-368.9882757,NW,11,10,
es10-cm244,MULTIPOLE,0,1524.17047,143.305751,494.6337656,-368.6114192,NW,11,10,
es10-dt244.2,MULTIPOLE,0,1524.17047,143.305751,494.6337656,-368.6114192,NW,11,10,
es10-cm244,DRIFT,0.5,1524.17047,143.305751,494.6337656,-368.6114192,NW,11,10,
es10-dt244.2,DRIFT,0.5,1524.17047,143.305751,494.6337656,-368.6114192,NW,11,10,
es10-cm247.1,MULTIPOLE,0,1526.89655,143.5582214,496.4146426,-366.5474651,NW,11,10,
es10-dv247,MULTIPOLE,0,1526.89655,143.5582214,496.4146426,-366.5474651,NW,11,10,
es10-cm247.1,SBEND,2.726077105,1526.89655,143.5582214,496.4146426,-366.5474651,NW,11,10,
es10-dv247,SBEND,2.726077105,1526.89655,143.5582214,496.4146426,-366.5474651,NW,11,10,
es10-cm247.2,MULTIPOLE,0,1527.15495,143.5821533,496.5824307,-366.3509507,NW,11,10,
es10-dt247,MULTIPOLE,0,1527.15495,143.5821533,496.5824307,-366.3509507,NW,11,10,
es10-cm247.2,DRIFT,0.258400373,1527.15495,143.5821533,496.5824307,-366.3509507,NW,11,10,
es10-dt247,DRIFT,0.258400373,1527.15495,143.5821533,496.5824307,-366.3509507,NW,11,10,
es10-cm248.1,MULTIPOLE,0,1528.04635,143.66471,497.1600939,-365.6720552,NW,11,10,
es10-dv248,MULTIPOLE,0,1528.04635,143.66471,497.1600939,-365.6720552,NW,11,10,
es10-cm248.1,SBEND,0.891400429,1528.04635,143.66471,497.1600939,-365.6720552,NW,11,10,
es10-dv248,SBEND,0.891400429,1528.04635,143.66471,497.1600939,-365.6720552,NW,11,10,
es10-cm248.2,MULTIPOLE,0,1528.30475,143.6886414,497.3272131,-365.4749716,NW,11,10,
es10-dt248,MULTIPOLE,0,1528.30475,143.6886414,497.3272131,-365.4749716,NW,11,10,
es10-cm248.2,DRIFT,0.258400373,1528.30475,143.6886414,497.3272131,-365.4749716,NW,11,10,
es10-dt248,DRIFT,0.258400373,1528.30475,143.6886414,497.3272131,-365.4749716,NW,11,10,
es10-cm251,MULTIPOLE,0,1531.03083,143.9411194,499.0794526,-363.3866502,NW,11,10,
es10-dv251,MULTIPOLE,0,1531.03083,143.9411194,499.0794526,-363.3866502,NW,11,10,
es10-cm251,SBEND,2.726077105,1531.03083,143.9411194,499.0794526,-363.3866502,NW,11,10,
es10-dv251,SBEND,2.726077105,1531.03083,143.9411194,499.0794526,-363.3866502,NW,11,10,
es10-dt251,DRIFT,0.319540221,1531.35037,143.9707145,499.2835692,-363.1408,NW,11,10,
es10-ks252,VKICKER,0.2,1531.55037,143.989237,499.4113257,-362.9869225,NW,11,10,
es10-dt252.1,DRIFT,0.064,1531.61437,143.995164,499.4522078,-362.9376817,NW,11,10,
es10-q252,QUADRUPOLE,0.5,1531.98937,144.0298912,499.6917512,-362.6491614,NW,11,10,
es10-dt252.2,DRIFT,0.156,1532.27037,144.0559116,499.8712491,-362.4329636,NW,11,10,
es10-sx253.1,SEXTUPOLE,0.24,1532.51037,144.0781343,500.0245568,-362.2483106,NW,11,10,
es10-dt253.1,DRIFT,0.104,1532.61437,144.0877637,500.0909902,-362.1682943,NW,11,10,
es10-sx253.2,SEXTUPOLE,0.24,1532.85437,144.1099847,500.244298,-361.9836413,NW,11,10,
es10-cm253,MULTIPOLE,0,1533.35437,144.1562748,500.5636892,-361.5989476,NW,11,10,
es10-dt253.2,MULTIPOLE,0,1533.35437,144.1562748,500.5636892,-361.5989476,NW,11,10,
es10-cm253,DRIFT,0.5,1533.35437,144.1562748,500.5636892,-361.5989476,NW,11,10,
es10-dt253.2,DRIFT,0.5,1533.35437,144.1562748,500.5636892,-361.5989476,NW,11,10,
es10-cm256.1,MULTIPOLE,0,1536.08045,144.4086547,502.2941273,-359.4925256,NW,11,10,
es10-dv256,MULTIPOLE,0,1536.08045,144.4086547,502.2941273,-359.4925256,NW,11,10,
es10-cm256.1,SBEND,2.726077105,1536.08045,144.4086547,502.2941273,-359.4925256,NW,11,10,
es10-dv256,SBEND,2.726077105,1536.08045,144.4086547,502.2941273,-359.4925256,NW,11,10,
es10-cm256.2,MULTIPOLE,0,1536.33885,144.432578,502.4571134,-359.2920106,NW,11,10,
es10-dt256,MULTIPOLE,0,1536.33885,144.432578,502.4571134,-359.2920106,NW,11,10,
es10-cm256.2,DRIFT,0.258400373,1536.33885,144.432578,502.4571134,-359.2920106,NW,11,10,
es10-dt256,DRIFT,0.258400373,1536.33885,144.432578,502.4571134,-359.2920106,NW,11,10,
es10-cm257.1,MULTIPOLE,0,1537.23025,144.5151049,503.0181882,-358.5993425,NW,11,10,
es10-dv257,MULTIPOLE,0,1537.23025,144.5151049,503.0181882,-358.5993425,NW,11,10,
es10-cm257.1,SBEND,0.891400429,1537.23025,144.5151049,503.0181882,-358.5993425,NW,11,10,
es10-dv257,SBEND,0.891400429,1537.23025,144.5151049,503.0181882,-358.5993425,NW,11,10,
es10-cm257.2,MULTIPOLE,0,1537.48865,144.5390277,503.1804919,-358.3982747,NW,11,10,
es10-dt257,MULTIPOLE,0,1537.48865,144.5390277,503.1804919,-358.3982747,NW,11,10,
es10-cm257.2,DRIFT,0.258400373,1537.48865,144.5390277,503.1804919,-358.3982747,NW,11,10,
es10-dt257,DRIFT,0.258400373,1537.48865,144.5390277,503.1804919,-358.3982747,NW,11,10,
es10-cm260,MULTIPOLE,0,1540.21473,144.7914143,504.8817115,-356.2681852,NW,11,10,
es10-dv260,MULTIPOLE,0,1540.21473,144.7914143,504.8817115,-356.2681852,NW,11,10,
es10-cm260,SBEND,2.726077105,1540.21473,144.7914143,504.8817115,-356.2681852,NW,11,10,
es10-dv260,SBEND,2.726077105,1540.21473,144.7914143,504.8817115,-356.2681852,NW,11,10,
es10-dt261.1,DRIFT,0.319540221,1540.53427,144.8209985,505.0798224,-356.0174702,NW,11,10,
es10-ks261,HKICKER,0.2,1540.73427,144.8395145,505.2038199,-355.8605478,NW,11,10,
es10-dt261.2,DRIFT,0.064,1540.79827,144.8454394,505.2434991,-355.8103327,NW,11,10,
es10-q261,QUADRUPOLE,0.5,1541.17327,144.8801546,505.4759944,-355.5161033,NW,11,10,
es10-dt261.3,DRIFT,0.156,1541.45427,144.9061663,505.6502108,-355.2956274,NW,11,10,
es10-dt262.1,DRIFT,0.1721,1541.62637,144.9220966,505.7569107,-355.1605957,NW,11,10,
es10-sx262,SEXTUPOLE,0.24,1541.86637,144.9443113,505.9057077,-354.9722889,NW,11,10,
es10-dt262.2,DRIFT,0.1721,1542.03847,144.9602404,506.0124075,-354.8372572,NW,11,10,
es10-cm263,MULTIPOLE,0,1542.53847,145.0065163,506.3224012,-354.4449513,NW,11,10,
es10-dt263,MULTIPOLE,0,1542.53847,145.0065163,506.3224012,-354.4449513,NW,11,10,
es10-cm263,DRIFT,0.5,1542.53847,145.0065163,506.3224012,-354.4449513,NW,11,10,
es10-dt263,DRIFT,0.5,1542.53847,145.0065163,506.3224012,-354.4449513,NW,11,10,
es10-cm265,MULTIPOLE,0,1545.26454,145.2588189,508.001388,-352.2972938,NW,11,10,
es10-dv265,MULTIPOLE,0,1545.26454,145.2588189,508.001388,-352.2972938,NW,11,10,
es10-cm265,SBEND,2.726077105,1545.26454,145.2588189,508.001388,-352.2972938,NW,11,10,
es10-dv265,SBEND,2.726077105,1545.26454,145.2588189,508.001388,-352.2972938,NW,11,10,
es10-cm266.1,MULTIPOLE,0,1545.52294,145.2827348,508.1594769,-352.0928955,NW,11,10,
es10-dt266,MULTIPOLE,0,1545.52294,145.2827348,508.1594769,-352.0928955,NW,11,10,
es10-cm266.1,DRIFT,0.258400373,1545.52294,145.2827348,508.1594769,-352.0928955,NW,11,10,
es10-dt266,DRIFT,0.258400373,1545.52294,145.2827348,508.1594769,-352.0928955,NW,11,10,
es10-cm266.2,MULTIPOLE,0,1546.41434,145.3652363,508.7036349,-351.3868601,NW,11,10,
es10-dv266,MULTIPOLE,0,1546.41434,145.3652363,508.7036349,-351.3868601,NW,11,10,
es10-cm266.2,SBEND,0.891400429,1546.41434,145.3652363,508.7036349,-351.3868601,NW,11,10,
es10-dv266,SBEND,0.891400429,1546.41434,145.3652363,508.7036349,-351.3868601,NW,11,10,
es10-cm267,MULTIPOLE,0,1546.67274,145.3891518,508.8610282,-351.1819257,NW,11,10,
es10-dt267,MULTIPOLE,0,1546.67274,145.3891518,508.8610282,-351.1819257,NW,11,10,
es10-cm267,DRIFT,0.258400373,1546.67274,145.3891518,508.8610282,-351.1819257,NW,11,10,
es10-dt267,DRIFT,0.258400373,1546.67274,145.3891518,508.8610282,-351.1819257,NW,11,10,
es10-cm269,MULTIPOLE,0,1549.39882,145.6414601,510.5102326,-349.0113142,NW,11,10,
es10-dv269,MULTIPOLE,0,1549.39882,145.6414601,510.5102326,-349.0113142,NW,11,10,
es10-cm269,SBEND,2.726077105,1549.39882,145.6414601,510.5102326,-349.0113142,NW,11,10,
es10-dv269,SBEND,2.726077105,1549.39882,145.6414601,510.5102326,-349.0113142,NW,11,10,
es10-dt270.1,DRIFT,0.319540221,1549.71836,145.6710351,510.7022218,-348.7558811,NW,11,10,
es10-ks270,VKICKER,0.2,1549.91836,145.6895454,510.8223878,-348.5960057,NW,11,10,
es10-dt270.2,DRIFT,0.064,1549.98236,145.6954686,510.8608409,-348.5448455,NW,11,10,
es10-q270,QUADRUPOLE,0.5,1550.35736,145.7301735,511.086152,-348.2450792,NW,11,10,
es10-dt271.1,DRIFT,0.156,1550.63836,145.7561778,511.2549852,-348.0204542,NW,11,10,
es10-sx271.1,SEXTUPOLE,0.24,1550.87836,145.778387,511.3991844,-347.8286037,NW,11,10,
es10-dt271.2,DRIFT,0.104,1550.98236,145.7880108,511.4616706,-347.7454685,NW,11,10,
es10-sx271.2,SEXTUPOLE,0.24,1551.22236,145.8102188,511.6058698,-347.553618,NW,11,10,
es10-cm272,MULTIPOLE,0,1551.72236,145.8564829,511.9062847,-347.1539295,NW,11,10,
es10-dt272,MULTIPOLE,0,1551.72236,145.8564829,511.9062847,-347.1539295,NW,11,10,
es10-cm272,DRIFT,0.5,1551.72236,145.8564829,511.9062847,-347.1539295,NW,11,10,
es10-dt272,DRIFT,0.5,1551.72236,145.8564829,511.9062847,-347.1539295,NW,11,10,
es10-cm274,MULTIPOLE,0,1554.44844,146.1087214,513.5328378,-344.9662929,NW,11,10,
es10-dv274,MULTIPOLE,0,1554.44844,146.1087214,513.5328378,-344.9662929,NW,11,10,
es10-cm274,SBEND,2.726077105,1554.44844,146.1087214,513.5328378,-344.9662929,NW,11,10,
es10-dv274,SBEND,2.726077105,1554.44844,146.1087214,513.5328378,-344.9662929,NW,11,10,
es10-cm275,MULTIPOLE,0,1554.70684,146.1326311,513.685937,-344.7581309,NW,11,10,
es10-dt275,MULTIPOLE,0,1554.70684,146.1326311,513.685937,-344.7581309,NW,11,10,
es10-cm275,DRIFT,0.258400373,1554.70684,146.1326311,513.685937,-344.7581309,NW,11,10,
es10-dt275,DRIFT,0.258400373,1554.70684,146.1326311,513.685937,-344.7581309,NW,11,10,
es10-cm276.1,MULTIPOLE,0,1555.59824,146.2151115,514.21286,-344.0391412,NW,11,10,
es10-dv276,MULTIPOLE,0,1555.59824,146.2151115,514.21286,-344.0391412,NW,11,10,
es10-cm276.1,SBEND,0.891400429,1555.59824,146.2151115,514.21286,-344.0391412,NW,11,10,
es10-dv276,SBEND,0.891400429,1555.59824,146.2151115,514.21286,-344.0391412,NW,11,10,
es10-cm276.2,MULTIPOLE,0,1555.85664,146.2390208,514.3652507,-343.8304601,NW,11,10,
es10-dt276,MULTIPOLE,0,1555.85664,146.2390208,514.3652507,-343.8304601,NW,11,10,
es10-cm276.2,DRIFT,0.258400373,1555.85664,146.2390208,514.3652507,-343.8304601,NW,11,10,
es10-dt276,DRIFT,0.258400373,1555.85664,146.2390208,514.3652507,-343.8304601,NW,11,10,
es10-cm279,MULTIPOLE,0,1558.58272,146.491264,515.9614751,-341.6205965,NW,11,10,
es10-dv279,MULTIPOLE,0,1558.58272,146.491264,515.9614751,-341.6205965,NW,11,10,
es10-cm279,SBEND,2.726077105,1558.58272,146.491264,515.9614751,-341.6205965,NW,11,10,
es10-dv279,SBEND,2.726077105,1558.58272,146.491264,515.9614751,-341.6205965,NW,11,10,
es10-dt279.1,DRIFT,0.319540221,1558.90226,146.5208313,516.1472304,-341.3605947,NW,11,10,
es10-ks279,HKICKER,0.2,1559.10226,146.5393369,516.2634945,-341.1978598,NW,11,10,
es10-dt279.2,DRIFT,0.064,1559.16626,146.5452586,516.300699,-341.1457846,NW,11,10,
es10-q280,QUADRUPOLE,0.5,1559.54126,146.5799551,516.5186942,-340.8406566,NW,11,10,
es10-dt280.1,DRIFT,0.156,1559.82226,146.6059534,516.6820453,-340.6120141,NW,11,10,
es10-dt280.2,DRIFT,0.1721,1559.99436,146.6218757,516.7820906,-340.4719807,NW,11,10,
es10-sx280,SEXTUPOLE,0.24,1560.23436,146.6440795,516.9216075,-340.2766987,NW,11,10,
es10-dt280.3,DRIFT,0.1721,1560.40646,146.660001,517.0216528,-340.1366653,NW,11,10,
es10-cm281,MULTIPOLE,0,1560.90646,146.7062557,517.3123131,-339.729828,NW,11,10,
es10-dt281,MULTIPOLE,0,1560.90646,146.7062557,517.3123131,-339.729828,NW,11,10,
es10-cm281,DRIFT,0.5,1560.90646,146.7062557,517.3123131,-339.729828,NW,11,10,
es10-dt281,DRIFT,0.5,1560.90646,146.7062557,517.3123131,-339.729828,NW,11,10,
es10-cm284.1,MULTIPOLE,0,1563.63253,146.9584431,518.8854811,-337.503492,NW,11,10,
es10-dv284,MULTIPOLE,0,1563.63253,146.9584431,518.8854811,-337.503492,NW,11,10,
es10-cm284.1,SBEND,2.726077105,1563.63253,146.9584431,518.8854811,-337.503492,NW,11,10,
es10-dv284,SBEND,2.726077105,1563.63253,146.9584431,518.8854811,-337.503492,NW,11,10,
es10-cm284.2,MULTIPOLE,0,1563.89093,146.9823479,519.0335009,-337.2916882,NW,11,10,
es10-dt284,MULTIPOLE,0,1563.89093,146.9823479,519.0335009,-337.2916882,NW,11,10,
es10-cm284.2,DRIFT,0.258400373,1563.89093,146.9823479,519.0335009,-337.2916882,NW,11,10,
es10-dt284,DRIFT,0.258400373,1563.89093,146.9823479,519.0335009,-337.2916882,NW,11,10,
es10-cm285.1,MULTIPOLE,0,1564.78234,147.0648114,519.5428805,-336.5601649,NW,11,10,
es10-dv285,MULTIPOLE,0,1564.78234,147.0648114,519.5428805,-336.5601649,NW,11,10,
es10-cm285.1,SBEND,0.891400429,1564.78234,147.0648114,519.5428805,-336.5601649,NW,11,10,
es10-dv285,SBEND,0.891400429,1564.78234,147.0648114,519.5428805,-336.5601649,NW,11,10,
es10-cm285.2,MULTIPOLE,0,1565.04074,147.0887159,519.6901797,-336.3478591,NW,11,10,
es10-dt285,MULTIPOLE,0,1565.04074,147.0887159,519.6901797,-336.3478591,NW,11,10,
es10-cm285.2,DRIFT,0.258400373,1565.04074,147.0887159,519.6901797,-336.3478591,NW,11,10,
es10-dt285,DRIFT,0.258400373,1565.04074,147.0887159,519.6901797,-336.3478591,NW,11,10,
es10-cm288,MULTIPOLE,0,1567.76681,147.3409069,521.2324901,-334.1000362,NW,11,10,
es10-dv288,MULTIPOLE,0,1567.76681,147.3409069,521.2324901,-334.1000362,NW,11,10,
es10-cm288,SBEND,2.726077105,1567.76681,147.3409069,521.2324901,-334.1000362,NW,11,10,
es10-dv288,SBEND,2.726077105,1567.76681,147.3409069,521.2324901,-334.1000362,NW,11,10,
es10-dt288.1,DRIFT,0.319540221,1568.08635,147.370468,521.4119028,-333.8356179,NW,11,10,
es10-ks288,VKICKER,0.2,1568.28635,147.3889699,521.524197,-333.6701186,NW,11,10,
es10-dt288.2,DRIFT,0.064,1568.35035,147.3948904,521.5601312,-333.6171589,NW,11,10,
es10-q289,QUADRUPOLE,0.5,1568.72535,147.4295803,521.7706829,-333.3068478,NW,11,10,
es10-dt289.1,DRIFT,0.156,1569.00635,147.4555739,521.9284564,-333.0743214,NW,11,10,
es10-sx289,SEXTUPOLE,0.24,1569.24635,147.4777743,522.0632095,-332.8757223,NW,11,10,
es10-dt289.2,DRIFT,0.104,1569.35035,147.4873943,522.1216025,-332.7896627,NW,11,10,
es10-sx290,SEXTUPOLE,0.24,1569.59035,147.509594,522.2563556,-332.5910636,NW,11,10,
es10-cm290,MULTIPOLE,0,1570.09035,147.5558417,522.5370913,-332.1773155,NW,11,10,
es10-dt290,MULTIPOLE,0,1570.09035,147.5558417,522.5370913,-332.1773155,NW,11,10,
es10-cm290,DRIFT,0.5,1570.09035,147.5558417,522.5370913,-332.1773155,NW,11,10,
es10-dt290,DRIFT,0.5,1570.09035,147.5558417,522.5370913,-332.1773155,NW,11,10,
es10-cm293.1,MULTIPOLE,0,1572.81643,147.8079909,524.0559537,-329.9135827,NW,11,10,
es10-dv293,MULTIPOLE,0,1572.81643,147.8079909,524.0559537,-329.9135827,NW,11,10,
es10-cm293.1,SBEND,2.726077105,1572.81643,147.8079909,524.0559537,-329.9135827,NW,11,10,
es10-dv293,SBEND,2.726077105,1572.81643,147.8079909,524.0559537,-329.9135827,NW,11,10,
es10-cm293.2,MULTIPOLE,0,1573.07483,147.831892,524.1988077,-329.6982608,NW,11,10,
es10-dt293,MULTIPOLE,0,1573.07483,147.831892,524.1988077,-329.6982608,NW,11,10,
es10-cm293.2,DRIFT,0.258400373,1573.07483,147.831892,524.1988077,-329.6982608,NW,11,10,
es10-dt293,DRIFT,0.258400373,1573.07483,147.831892,524.1988077,-329.6982608,NW,11,10,
es10-cm294.1,MULTIPOLE,0,1573.96623,147.9143428,524.690346,-328.9546318,NW,11,10,
es10-dv294,MULTIPOLE,0,1573.96623,147.9143428,524.690346,-328.9546318,NW,11,10,
es10-cm294.1,SBEND,0.891400429,1573.96623,147.9143428,524.690346,-328.9546318,NW,11,10,
es10-dv294,SBEND,0.891400429,1573.96623,147.9143428,524.690346,-328.9546318,NW,11,10,
es10-cm294.2,MULTIPOLE,0,1574.22463,147.9382437,524.8324673,-328.7388257,NW,11,10,
es10-dt294,MULTIPOLE,0,1574.22463,147.9382437,524.8324673,-328.7388257,NW,11,10,
es10-cm294.2,DRIFT,0.258400373,1574.22463,147.9382437,524.8324673,-328.7388257,NW,11,10,
es10-dt294,DRIFT,0.258400373,1574.22463,147.9382437,524.8324673,-328.7388257,NW,11,10,
es10-cm297,MULTIPOLE,0,1576.95071,148.1903956,526.3199616,-326.4543585,NW,11,10,
es10-dv297,MULTIPOLE,0,1576.95071,148.1903956,526.3199616,-326.4543585,NW,11,10,
es10-cm297,SBEND,2.726077105,1576.95071,148.1903956,526.3199616,-326.4543585,NW,11,10,
es10-dv297,SBEND,2.726077105,1576.95071,148.1903956,526.3199616,-326.4543585,NW,11,10,
es10-dt297,DRIFT,0.319540221,1577.27025,148.219952,526.4929266,-326.1856783,NW,11,10,
es10-ks297,HKICKER,0.2,1577.47025,148.2384511,526.6011853,-326.0175116,NW,11,10,
es10-dt298.1,DRIFT,0.064,1577.53425,148.2443708,526.6358281,-325.9636982,NW,11,10,
es10-q298,QUADRUPOLE,0.5,1577.90925,148.2790559,526.8388132,-325.6483856,NW,11,10,
es10-dt298.2,DRIFT,0.156,1578.19025,148.3050461,526.9909167,-325.4121113,NW,11,10,
es10-dt298.3,DRIFT,0.1721,1578.36235,148.3209637,527.0840733,-325.2674039,NW,11,10,
es10-sx299,SEXTUPOLE,0.24,1578.60235,148.3431611,527.2139837,-325.0656038,NW,11,10,
es10-dt299.1,DRIFT,0.1721,1578.77445,148.3590783,527.3071404,-324.9208963,NW,11,10,
es10-cm299,MULTIPOLE,0,1579.27445,148.4053214,527.5777871,-324.5004794,NW,11,10,
es10-dt299.2,MULTIPOLE,0,1579.27445,148.4053214,527.5777871,-324.5004794,NW,11,10,
es10-cm299,DRIFT,0.5,1579.27445,148.4053214,527.5777871,-324.5004794,NW,11,10,
es10-dt299.2,DRIFT,0.5,1579.27445,148.4053214,527.5777871,-324.5004794,NW,11,10,
es10-cm302.1,MULTIPOLE,0,1582.00053,148.6574454,529.0414555,-322.2006742,NW,11,10,
es10-dv302,MULTIPOLE,0,1582.00053,148.6574454,529.0414555,-322.2006742,NW,11,10,
es10-cm302.1,SBEND,2.726077105,1582.00053,148.6574454,529.0414555,-322.2006742,NW,11,10,
es10-dv302,SBEND,2.726077105,1582.00053,148.6574454,529.0414555,-322.2006742,NW,11,10,
es10-cm302.2,MULTIPOLE,0,1582.25893,148.681344,529.17906,-321.9819603,NW,11,10,
es10-dt302,MULTIPOLE,0,1582.25893,148.681344,529.17906,-321.9819603,NW,11,10,
es10-cm302.2,DRIFT,0.258400373,1582.25893,148.681344,529.17906,-321.9819603,NW,11,10,
es10-dt302,DRIFT,0.258400373,1582.25893,148.681344,529.17906,-321.9819603,NW,11,10,
es10-cm303.1,MULTIPOLE,0,1583.15033,148.7637865,529.6524693,-321.2266606,NW,11,10,
es10-dv303,MULTIPOLE,0,1583.15033,148.7637865,529.6524693,-321.2266606,NW,11,10,
es10-cm303.1,SBEND,0.891400429,1583.15033,148.7637865,529.6524693,-321.2266606,NW,11,10,
es10-dv303,SBEND,0.891400429,1583.15033,148.7637865,529.6524693,-321.2266606,NW,11,10,
es10-cm303.2,MULTIPOLE,0,1583.40873,148.787685,529.7893297,-321.0074803,NW,11,10,
es10-dt303,MULTIPOLE,0,1583.40873,148.787685,529.7893297,-321.0074803,NW,11,10,
es10-cm303.2,DRIFT,0.258400373,1583.40873,148.787685,529.7893297,-321.0074803,NW,11,10,
es10-dt303,DRIFT,0.258400373,1583.40873,148.787685,529.7893297,-321.0074803,NW,11,10,
es10-cm306,MULTIPOLE,0,1586.1348,149.0398106,531.2211376,-318.6877054,NW,11,10,
es10-dv306,MULTIPOLE,0,1586.1348,149.0398106,531.2211376,-318.6877054,NW,11,10,
es10-cm306,SBEND,2.726077105,1586.1348,149.0398106,531.2211376,-318.6877054,NW,11,10,
es10-dv306,SBEND,2.726077105,1586.1348,149.0398106,531.2211376,-318.6877054,NW,11,10,
es10-dt306,DRIFT,0.319540221,1586.45434,149.0693639,531.3875538,-318.4149206,NW,11,10,
es10-ks307,VKICKER,0.2,1586.65434,149.0878611,531.4917137,-318.2441847,NW,11,10,
es10-dt307.1,DRIFT,0.064,1586.71834,149.0937802,531.5250448,-318.1895493,NW,11,10,
es10-q307,QUADRUPOLE,0.5,1587.09334,149.1284623,531.7203445,-317.8694195,NW,11,10,
es10-dt307.2,DRIFT,0.156,1587.37434,149.1544504,531.866689,-317.6295357,NW,11,10,
es10-sx308.1,SEXTUPOLE,0.24,1587.61434,149.1766466,531.9916808,-317.4246526,NW,11,10,
es10-dt308.1,DRIFT,0.104,1587.71834,149.1862648,532.0458439,-317.33587,NW,11,10,
es10-sx308.2,SEXTUPOLE,0.24,1587.95834,149.2084607,532.1708357,-317.130987,NW,11,10,
es10-cm308,MULTIPOLE,0,1588.45834,149.2547015,532.4312353,-316.7041473,NW,11,10,
es10-dt308.2,MULTIPOLE,0,1588.45834,149.2547015,532.4312353,-316.7041473,NW,11,10,
es10-cm308,DRIFT,0.5,1588.45834,149.2547015,532.4312353,-316.7041473,NW,11,10,
es10-dt308.2,DRIFT,0.5,1588.45834,149.2547015,532.4312353,-316.7041473,NW,11,10,
es10-cm311.1,MULTIPOLE,0,1591.18442,149.5068133,533.8388533,-314.369615,NW,11,10,
es10-dv311,MULTIPOLE,0,1591.18442,149.5068133,533.8388533,-314.369615,NW,11,10,
es10-cm311.1,SBEND,2.726077105,1591.18442,149.5068133,533.8388533,-314.369615,NW,11,10,
es10-dv311,SBEND,2.726077105,1591.18442,149.5068133,533.8388533,-314.369615,NW,11,10,
es10-cm311.2,MULTIPOLE,0,1591.44282,149.5307106,533.9711278,-314.1476371,NW,11,10,
es10-dt311,MULTIPOLE,0,1591.44282,149.5307106,533.9711278,-314.1476371,NW,11,10,
es10-cm311.2,DRIFT,0.258400373,1591.44282,149.5307106,533.9711278,-314.1476371,NW,11,10,
es10-dt311,DRIFT,0.258400373,1591.44282,149.5307106,533.9711278,-314.1476371,NW,11,10,
es10-cm312,MULTIPOLE,0,1592.33422,149.6131489,534.4261312,-313.3811087,NW,11,10,
es10-dv312,MULTIPOLE,0,1592.33422,149.6131489,534.4261312,-313.3811087,NW,11,10,
es10-cm312,SBEND,0.891400429,1592.33422,149.6131489,534.4261312,-313.3811087,NW,11,10,
es10-dv312,SBEND,0.891400429,1592.33422,149.6131489,534.4261312,-313.3811087,NW,11,10,
es10-cm313,MULTIPOLE,0,1592.59262,149.6370462,534.5576505,-313.1586824,NW,11,10,
es10-dt313,MULTIPOLE,0,1592.59262,149.6370462,534.5576505,-313.1586824,NW,11,10,
es10-cm313,DRIFT,0.258400373,1592.59262,149.6370462,534.5576505,-313.1586824,NW,11,10,
es10-dt313,DRIFT,0.258400373,1592.59262,149.6370462,534.5576505,-313.1586824,NW,11,10,
es10-cm315,MULTIPOLE,0,1595.3187,149.8891584,535.9329344,-310.8049569,NW,11,10,
es10-dv315,MULTIPOLE,0,1595.3187,149.8891584,535.9329344,-310.8049569,NW,11,10,
es10-cm315,SBEND,2.726077105,1595.3187,149.8891584,535.9329344,-310.8049569,NW,11,10,
es10-dv315,SBEND,2.726077105,1595.3187,149.8891584,535.9329344,-310.8049569,NW,11,10,
es10-dt316.1,DRIFT,0.319540221,1595.63824,149.9187101,536.0927045,-310.528227,NW,11,10,
es10-ks316,HKICKER,0.2,1595.83824,149.9372065,536.1927045,-310.3550219,NW,11,10,
es10-dt316.2,DRIFT,0.064,1595.90224,149.9431253,536.2247045,-310.2995963,NW,11,10,
es10-q316,QUADRUPOLE,0.5,1596.27724,149.9778061,536.4122045,-309.9748368,NW,11,10,
es11-dt3.1,DRIFT,0.156,1596.55824,150.0037935,536.5527045,-309.7314836,NW,11,11,
es11-dt3.2,DRIFT,0.1721,1596.73034,150.0197097,536.6387545,-309.5824406,NW,11,11,
es11-sx3,SEXTUPOLE,0.24,1596.97034,150.0419054,536.7587545,-309.3745945,NW,11,11,
es11-dt3.3,DRIFT,0.1721,1597.14244,150.0578215,536.8448045,-309.2255516,NW,11,11,
es11-cm2,MULTIPOLE,0,1597.64244,150.1040625,537.0948045,-308.7925389,NW,11,11,
es11-dt2,MULTIPOLE,0,1597.64244,150.1040625,537.0948045,-308.7925389,NW,11,11,
es11-cm2,DRIFT,0.5,1597.64244,150.1040625,537.0948045,-308.7925389,NW,11,11,
es11-dt2,DRIFT,0.5,1597.64244,150.1040625,537.0948045,-308.7925389,NW,11,11,
es11-cm320,MULTIPOLE,0,1600.36852,150.3561748,538.4455486,-306.4246453,NW,11,11,
es11-dv320,MULTIPOLE,0,1600.36852,150.3561748,538.4455486,-306.4246453,NW,11,11,
es11-cm320,SBEND,2.726077105,1600.36852,150.3561748,538.4455486,-306.4246453,NW,11,11,
es11-dv320,SBEND,2.726077105,1600.36852,150.3561748,538.4455486,-306.4246453,NW,11,11,
es11-cm319,MULTIPOLE,0,1600.62692,150.3800721,538.5724158,-306.1995332,NW,11,11,
es11-dt319,MULTIPOLE,0,1600.62692,150.3800721,538.5724158,-306.1995332,NW,11,11,
es11-cm319,DRIFT,0.258400373,1600.62692,150.3800721,538.5724158,-306.1995332,NW,11,11,
es11-dt319,DRIFT,0.258400373,1600.62692,150.3800721,538.5724158,-306.1995332,NW,11,11,
es11-cm318.1,MULTIPOLE,0,1601.51832,150.4625104,539.0087471,-305.4222244,NW,11,11,
es11-dv318,MULTIPOLE,0,1601.51832,150.4625104,539.0087471,-305.4222244,NW,11,11,
es11-cm318.1,SBEND,0.891400429,1601.51832,150.4625104,539.0087471,-305.4222244,NW,11,11,
es11-dv318,SBEND,0.891400429,1601.51832,150.4625104,539.0087471,-305.4222244,NW,11,11,
es11-cm318.2,MULTIPOLE,0,1601.77672,150.4864078,539.1348484,-305.1966824,NW,11,11,
es11-dt318,MULTIPOLE,0,1601.77672,150.4864078,539.1348484,-305.1966824,NW,11,11,
es11-cm318.2,DRIFT,0.258400373,1601.77672,150.4864078,539.1348484,-305.1966824,NW,11,11,
es11-dt318,DRIFT,0.258400373,1601.77672,150.4864078,539.1348484,-305.1966824,NW,11,11,
es11-cm315,MULTIPOLE,0,1604.5028,150.7385196,540.4528037,-302.8103833,NW,11,11,
es11-dv315,MULTIPOLE,0,1604.5028,150.7385196,540.4528037,-302.8103833,NW,11,11,
es11-cm315,SBEND,2.726077105,1604.5028,150.7385196,540.4528037,-302.8103833,NW,11,11,
es11-dv315,SBEND,2.726077105,1604.5028,150.7385196,540.4528037,-302.8103833,NW,11,11,
es11-dt315.1,DRIFT,0.319540221,1604.82234,150.7680711,540.6058342,-302.5298701,NW,11,11,
es11-ks315,VKICKER,0.2,1605.02234,150.7865675,540.7016158,-302.3542972,NW,11,11,
es11-dt315.2,DRIFT,0.064,1605.08634,150.7924864,540.732266,-302.2981138,NW,11,11,
es11-q315,QUADRUPOLE,0.5,1605.46134,150.8271677,540.9118566,-301.9689145,NW,11,11,
es11-dt314.1,DRIFT,0.156,1605.74234,150.8531558,541.0464299,-301.7222344,NW,11,11,
es11-sx314.1,SEXTUPOLE,0.24,1605.98234,150.8753522,541.1613679,-301.5115469,NW,11,11,
es11-dt314.2,DRIFT,0.104,1606.08634,150.8849706,541.2111743,-301.4202489,NW,11,11,
es11-sx314.2,SEXTUPOLE,0.24,1606.32634,150.9071673,541.3261123,-301.2095613,NW,11,11,
es11-cm313,MULTIPOLE,0,1606.82634,150.9534107,541.5655665,-300.7706289,NW,11,11,
es11-dt313,MULTIPOLE,0,1606.82634,150.9534107,541.5655665,-300.7706289,NW,11,11,
es11-cm313,DRIFT,0.5,1606.82634,150.9534107,541.5655665,-300.7706289,NW,11,11,
es11-dt313,DRIFT,0.5,1606.82634,150.9534107,541.5655665,-300.7706289,NW,11,11,
es11-cm310.1,MULTIPOLE,0,1609.55241,151.2055365,542.8586466,-298.3707594,NW,11,11,
es11-dv310,MULTIPOLE,0,1609.55241,151.2055365,542.8586466,-298.3707594,NW,11,11,
es11-cm310.1,SBEND,2.726077105,1609.55241,151.2055365,542.8586466,-298.3707594,NW,11,11,
es11-dv310,SBEND,2.726077105,1609.55241,151.2055365,542.8586466,-298.3707594,NW,11,11,
es11-cm310.2,MULTIPOLE,0,1609.81081,151.229435,542.9800321,-298.1426448,NW,11,11,
es11-dt310,MULTIPOLE,0,1609.81081,151.229435,542.9800321,-298.1426448,NW,11,11,
es11-cm310.2,DRIFT,0.258400373,1609.81081,151.229435,542.9800321,-298.1426448,NW,11,11,
es11-dt310,DRIFT,0.258400373,1609.81081,151.229435,542.9800321,-298.1426448,NW,11,11,
es11-cm309.1,MULTIPOLE,0,1610.70221,151.3118776,543.3974362,-297.3550104,NW,11,11,
es11-dv309,MULTIPOLE,0,1610.70221,151.3118776,543.3974362,-297.3550104,NW,11,11,
es11-cm309.1,SBEND,0.891400429,1610.70221,151.3118776,543.3974362,-297.3550104,NW,11,11,
es11-dv309,SBEND,0.891400429,1610.70221,151.3118776,543.3974362,-297.3550104,NW,11,11,
es11-cm309.2,MULTIPOLE,0,1610.96061,151.3357762,543.5180457,-297.1264845,NW,11,11,
es11-dt309,MULTIPOLE,0,1610.96061,151.3357762,543.5180457,-297.1264845,NW,11,11,
es11-cm309.2,DRIFT,0.258400373,1610.96061,151.3357762,543.5180457,-297.1264845,NW,11,11,
es11-dt309,DRIFT,0.258400373,1610.96061,151.3357762,543.5180457,-297.1264845,NW,11,11,
es11-cm306,MULTIPOLE,0,1613.68669,151.5879004,544.7779013,-294.7090079,NW,11,11,
es11-dv306,MULTIPOLE,0,1613.68669,151.5879004,544.7779013,-294.7090079,NW,11,11,
es11-cm306,SBEND,2.726077105,1613.68669,151.5879004,544.7779013,-294.7090079,NW,11,11,
es11-dv306,SBEND,2.726077105,1613.68669,151.5879004,544.7779013,-294.7090079,NW,11,11,
es11-dt306.1,DRIFT,0.319540221,1614.00623,151.6174533,544.9241026,-294.4248756,NW,11,11,
es11-ks306,HKICKER,0.2,1614.20623,151.6359508,545.0156099,-294.2470375,NW,11,11,
es11-dt306.2,DRIFT,0.064,1614.27023,151.64187,545.0448923,-294.1901293,NW,11,11,
es11-q305,QUADRUPOLE,0.5,1614.64523,151.6765535,545.2164685,-293.8566827,NW,11,11,
es11-dt305.1,DRIFT,0.156,1614.92623,151.7025436,545.3450363,-293.6068201,NW,11,11,
es11-dt305.2,DRIFT,0.1721,1615.09833,151.7184615,545.4237783,-293.4537904,NW,11,11,
es11-sx305,SEXTUPOLE,0.24,1615.33833,151.74066,545.5335871,-293.2403846,NW,11,11,
es11-dt304.1,DRIFT,0.1721,1615.51043,151.7565783,545.6123291,-293.0873548,NW,11,11,
es11-cm304,MULTIPOLE,0,1616.01043,151.8028266,545.8410974,-292.6427594,NW,11,11,
es11-dt304.2,MULTIPOLE,0,1616.01043,151.8028266,545.8410974,-292.6427594,NW,11,11,
es11-cm304,DRIFT,0.5,1616.01043,151.8028266,545.8410974,-292.6427594,NW,11,11,
es11-dt304.2,DRIFT,0.5,1616.01043,151.8028266,545.8410974,-292.6427594,NW,11,11,
es11-cm301.1,MULTIPOLE,0,1618.73651,152.0549788,547.0757568,-290.212318,NW,11,11,
es11-dv301,MULTIPOLE,0,1618.73651,152.0549788,547.0757568,-290.212318,NW,11,11,
es11-cm301.1,SBEND,2.726077105,1618.73651,152.0549788,547.0757568,-290.212318,NW,11,11,
es11-dv301,SBEND,2.726077105,1618.73651,152.0549788,547.0757568,-290.212318,NW,11,11,
es11-cm301.2,MULTIPOLE,0,1618.99491,152.0788798,547.1915898,-289.9813343,NW,11,11,
es11-dt301,MULTIPOLE,0,1618.99491,152.0788798,547.1915898,-289.9813343,NW,11,11,
es11-cm301.2,DRIFT,0.258400373,1618.99491,152.0788798,547.1915898,-289.9813343,NW,11,11,
es11-dt301,DRIFT,0.258400373,1618.99491,152.0788798,547.1915898,-289.9813343,NW,11,11,
es11-cm300.1,MULTIPOLE,0,1619.88631,152.1613308,547.5898223,-289.1838352,NW,11,11,
es11-dv300,MULTIPOLE,0,1619.88631,152.1613308,547.5898223,-289.1838352,NW,11,11,
es11-cm300.1,SBEND,0.891400429,1619.88631,152.1613308,547.5898223,-289.1838352,NW,11,11,
es11-dv300,SBEND,0.891400429,1619.88631,152.1613308,547.5898223,-289.1838352,NW,11,11,
es11-cm300.2,MULTIPOLE,0,1620.14471,152.1852319,547.7048695,-288.9524591,NW,11,11,
es11-dt300,MULTIPOLE,0,1620.14471,152.1852319,547.7048695,-288.9524591,NW,11,11,
es11-cm300.2,DRIFT,0.258400373,1620.14471,152.1852319,547.7048695,-288.9524591,NW,11,11,
es11-dt300,DRIFT,0.258400373,1620.14471,152.1852319,547.7048695,-288.9524591,NW,11,11,
es11-cm297,MULTIPOLE,0,1622.87079,152.4373815,548.9058884,-286.5052192,NW,11,11,
es11-dv297,MULTIPOLE,0,1622.87079,152.4373815,548.9058884,-286.5052192,NW,11,11,
es11-cm297,SBEND,2.726077105,1622.87079,152.4373815,548.9058884,-286.5052192,NW,11,11,
es11-dv297,SBEND,2.726077105,1622.87079,152.4373815,548.9058884,-286.5052192,NW,11,11,
es11-dt297.1,DRIFT,0.319540221,1623.19033,152.4669373,549.045175,-286.2176341,NW,11,11,
es11-ks297,VKICKER,0.2,1623.39033,152.4854367,549.1323544,-286.0376348,NW,11,11,
es11-dt297.2,DRIFT,0.064,1623.45433,152.4913566,549.1602519,-285.980035,NW,11,11,
es11-q296,QUADRUPOLE,0.5,1623.82933,152.5260441,549.3237133,-285.6425363,NW,11,11,
es11-dt296.1,DRIFT,0.156,1624.11033,152.5520374,549.4462003,-285.3896373,NW,11,11,
es11-sx296,SEXTUPOLE,0.24,1624.35033,152.5742387,549.5508156,-285.1736381,NW,11,11,
es11-dt296.2,DRIFT,0.104,1624.45433,152.5838593,549.5961489,-285.0800385,NW,11,11,
es11-sx295,SEXTUPOLE,0.24,1624.69433,152.6060612,549.7007643,-284.8640393,NW,11,11,
es11-cm295,MULTIPOLE,0,1625.19433,152.6523167,549.9187128,-284.4140411,NW,11,11,
es11-dt295,MULTIPOLE,0,1625.19433,152.6523167,549.9187128,-284.4140411,NW,11,11,
es11-cm295,DRIFT,0.5,1625.19433,152.6523167,549.9187128,-284.4140411,NW,11,11,
es11-dt295,DRIFT,0.5,1625.19433,152.6523167,549.9187128,-284.4140411,NW,11,11,
es11-cm292.1,MULTIPOLE,0,1627.9204,152.9045083,551.0942293,-281.9544496,NW,11,11,
es11-dv292,MULTIPOLE,0,1627.9204,152.9045083,551.0942293,-281.9544496,NW,11,11,
es11-cm292.1,SBEND,2.726077105,1627.9204,152.9045083,551.0942293,-281.9544496,NW,11,11,
es11-dv292,SBEND,2.726077105,1627.9204,152.9045083,551.0942293,-281.9544496,NW,11,11,
es11-cm292.2,MULTIPOLE,0,1628.1788,152.9284128,551.2044419,-281.7207319,NW,11,11,
es11-dt292,MULTIPOLE,0,1628.1788,152.9284128,551.2044419,-281.7207319,NW,11,11,
es11-cm292.2,DRIFT,0.258400373,1628.1788,152.9284128,551.2044419,-281.7207319,NW,11,11,
es11-dt292,DRIFT,0.258400373,1628.1788,152.9284128,551.2044419,-281.7207319,NW,11,11,
es11-cm291.1,MULTIPOLE,0,1629.0702,153.0108765,551.5832699,-280.9138346,NW,11,11,
es11-dv291,MULTIPOLE,0,1629.0702,153.0108765,551.5832699,-280.9138346,NW,11,11,
es11-cm291.1,SBEND,0.891400429,1629.0702,153.0108765,551.5832699,-280.9138346,NW,11,11,
es11-dv291,SBEND,0.891400429,1629.0702,153.0108765,551.5832699,-280.9138346,NW,11,11,
es11-cm291.2,MULTIPOLE,0,1629.3286,153.0347814,551.6926875,-280.6797437,NW,11,11,
es11-dt291,MULTIPOLE,0,1629.3286,153.0347814,551.6926875,-280.6797437,NW,11,11,
es11-cm291.2,DRIFT,0.258400373,1629.3286,153.0347814,551.6926875,-280.6797437,NW,11,11,
es11-dt291,DRIFT,0.258400373,1629.3286,153.0347814,551.6926875,-280.6797437,NW,11,11,
es11-cm288,MULTIPOLE,0,1632.05468,153.2869693,552.834167,-278.2041722,NW,11,11,
es11-dv288,MULTIPOLE,0,1632.05468,153.2869693,552.834167,-278.2041722,NW,11,11,
es11-cm288,SBEND,2.726077105,1632.05468,153.2869693,552.834167,-278.2041722,NW,11,11,
es11-dv288,SBEND,2.726077105,1632.05468,153.2869693,552.834167,-278.2041722,NW,11,11,
es11-dt288,DRIFT,0.319540221,1632.37422,153.3165295,552.9664575,-277.9133025,NW,11,11,
es11-ks287,HKICKER,0.2,1632.57422,153.3350318,553.049258,-277.7312474,NW,11,11,
es11-dt287.1,DRIFT,0.064,1632.63822,153.3409526,553.0757542,-277.6729898,NW,11,11,
es11-q287,QUADRUPOLE,0.5,1633.01322,153.375646,553.2310051,-277.3316364,NW,11,11,
es11-dt287.2,DRIFT,0.156,1633.29422,153.4016439,553.3473399,-277.0758489,NW,11,11,
es11-dt287.3,DRIFT,0.1721,1633.46632,153.417567,553.4185897,-276.9191905,NW,11,11,
es11-sx286,SEXTUPOLE,0.24,1633.70632,153.4397728,553.5179504,-276.7007243,NW,11,11,
es11-dt286.1,DRIFT,0.1721,1633.87842,153.4556966,553.5892002,-276.5440658,NW,11,11,
es11-cm286,MULTIPOLE,0,1634.37842,153.5019616,553.7962015,-276.088928,NW,11,11,
es11-dt286.2,MULTIPOLE,0,1634.37842,153.5019616,553.7962015,-276.088928,NW,11,11,
es11-cm286,DRIFT,0.5,1634.37842,153.5019616,553.7962015,-276.088928,NW,11,11,
es11-dt286.2,DRIFT,0.5,1634.37842,153.5019616,553.7962015,-276.088928,NW,11,11,
es11-cm283.1,MULTIPOLE,0,1637.1045,153.7542055,554.9118874,-273.6016254,NW,11,11,
es11-dv283,MULTIPOLE,0,1637.1045,153.7542055,554.9118874,-273.6016254,NW,11,11,
es11-cm283.1,SBEND,2.726077105,1637.1045,153.7542055,554.9118874,-273.6016254,NW,11,11,
es11-dv283,SBEND,2.726077105,1637.1045,153.7542055,554.9118874,-273.6016254,NW,11,11,
es11-cm283.2,MULTIPOLE,0,1637.3629,153.7781149,555.0164151,-273.3653105,NW,11,11,
es11-dt283,MULTIPOLE,0,1637.3629,153.7781149,555.0164151,-273.3653105,NW,11,11,
es11-cm283.2,DRIFT,0.258400373,1637.3629,153.7781149,555.0164151,-273.3653105,NW,11,11,
es11-dt283,DRIFT,0.258400373,1637.3629,153.7781149,555.0164151,-273.3653105,NW,11,11,
es11-cm282,MULTIPOLE,0,1638.2543,153.8605956,555.375617,-272.549487,NW,11,11,
es11-dv282,MULTIPOLE,0,1638.2543,153.8605956,555.375617,-272.549487,NW,11,11,
es11-cm282,SBEND,0.891400429,1638.2543,153.8605956,555.375617,-272.549487,NW,11,11,
es11-dv282,SBEND,0.891400429,1638.2543,153.8605956,555.375617,-272.549487,NW,11,11,
es11-cm281,MULTIPOLE,0,1638.5127,153.8845053,555.4793409,-272.3128183,NW,11,11,
es11-dt281,MULTIPOLE,0,1638.5127,153.8845053,555.4793409,-272.3128183,NW,11,11,
es11-cm281,DRIFT,0.258400373,1638.5127,153.8845053,555.4793409,-272.3128183,NW,11,11,
es11-dt281,DRIFT,0.258400373,1638.5127,153.8845053,555.4793409,-272.3128183,NW,11,11,
es11-cm279,MULTIPOLE,0,1641.23878,154.1367445,556.5606133,-269.8103636,NW,11,11,
es11-dv279,MULTIPOLE,0,1641.23878,154.1367445,556.5606133,-269.8103636,NW,11,11,
es11-cm279,SBEND,2.726077105,1641.23878,154.1367445,556.5606133,-269.8103636,NW,11,11,
es11-dv279,SBEND,2.726077105,1641.23878,154.1367445,556.5606133,-269.8103636,NW,11,11,
es11-dt278.1,DRIFT,0.319540221,1641.55832,154.1663107,556.6858302,-269.5163794,NW,11,11,
es11-ks278,VKICKER,0.2,1641.75832,154.1848169,556.7642034,-269.3323749,NW,11,11,
es11-dt278.2,DRIFT,0.064,1641.82232,154.190739,556.7892828,-269.2734935,NW,11,11,
es11-q278,QUADRUPOLE,0.5,1642.19732,154.2254399,556.9362326,-268.9284851,NW,11,11,
es11-dt278.3,DRIFT,0.156,1642.47832,154.2514438,557.0463469,-268.6699589,NW,11,11,
es11-sx277.1,SEXTUPOLE,0.24,1642.71832,154.2736544,557.1403947,-268.4491535,NW,11,11,
es11-dt277,DRIFT,0.104,1642.82232,154.2832793,557.1811488,-268.3534712,NW,11,11,
es11-sx277.2,SEXTUPOLE,0.24,1643.06232,154.305491,557.2751966,-268.1326658,NW,11,11,
es11-cm276,MULTIPOLE,0,1643.56232,154.351768,557.4711295,-267.6726546,NW,11,11,
es11-dt276,MULTIPOLE,0,1643.56232,154.351768,557.4711295,-267.6726546,NW,11,11,
es11-cm276,DRIFT,0.5,1643.56232,154.351768,557.4711295,-267.6726546,NW,11,11,
es11-dt276,DRIFT,0.5,1643.56232,154.351768,557.4711295,-267.6726546,NW,11,11,
es11-cm274,MULTIPOLE,0,1646.28839,154.6040772,558.5263321,-265.159096,NW,11,11,
es11-dv274,MULTIPOLE,0,1646.28839,154.6040772,558.5263321,-265.159096,NW,11,11,
es11-cm274,SBEND,2.726077105,1646.28839,154.6040772,558.5263321,-265.159096,NW,11,11,
es11-dv274,SBEND,2.726077105,1646.28839,154.6040772,558.5263321,-265.159096,NW,11,11,
es11-cm273.1,MULTIPOLE,0,1646.5468,154.6279928,558.6251138,-264.9203222,NW,11,11,
es11-dt273,MULTIPOLE,0,1646.5468,154.6279928,558.6251138,-264.9203222,NW,11,11,
es11-cm273.1,DRIFT,0.258400373,1646.5468,154.6279928,558.6251138,-264.9203222,NW,11,11,
es11-dt273,DRIFT,0.258400373,1646.5468,154.6279928,558.6251138,-264.9203222,NW,11,11,
es11-cm273.2,MULTIPOLE,0,1647.4382,154.7104946,558.9644794,-264.0960498,NW,11,11,
es11-dv273,MULTIPOLE,0,1647.4382,154.7104946,558.9644794,-264.0960498,NW,11,11,
es11-cm273.2,SBEND,0.891400429,1647.4382,154.7104946,558.9644794,-264.0960498,NW,11,11,
es11-dv273,SBEND,0.891400429,1647.4382,154.7104946,558.9644794,-264.0960498,NW,11,11,
es11-cm272,MULTIPOLE,0,1647.6966,154.7344106,559.062449,-263.8569417,NW,11,11,
es11-dt272,MULTIPOLE,0,1647.6966,154.7344106,559.062449,-263.8569417,NW,11,11,
es11-cm272,DRIFT,0.258400373,1647.6966,154.7344106,559.062449,-263.8569417,NW,11,11,
es11-dt272,DRIFT,0.258400373,1647.6966,154.7344106,559.062449,-263.8569417,NW,11,11,
es11-cm270,MULTIPOLE,0,1650.42267,154.9867141,560.0828817,-261.3290677,NW,11,11,
es11-dv270,MULTIPOLE,0,1650.42267,154.9867141,560.0828817,-261.3290677,NW,11,11,
es11-cm270,SBEND,2.726077105,1650.42267,154.9867141,560.0828817,-261.3290677,NW,11,11,
es11-dv270,SBEND,2.726077105,1650.42267,154.9867141,560.0828817,-261.3290677,NW,11,11,
,DRIFT,0.319540221,1650.74221,155.0162877,560.2009518,-261.0321411,NW,11,11,
es11-ks269,HKICKER,0.2,1650.94221,155.0347987,560.2748518,-260.846295,NW,11,11,
es11-dt269.2,DRIFT,0.064,1651.00621,155.0407224,560.2984998,-260.7868242,NW,11,11,
es11-q269,QUADRUPOLE,0.5,1651.38121,155.0754327,560.4370623,-260.4383627,NW,11,11,
es11-dt268.1,DRIFT,0.156,1651.66221,155.1014439,560.5408917,-260.1772489,NW,11,11,
es11-dt268.2,DRIFT,0.1721,1651.83431,155.1173753,560.6044827,-260.0173283,NW,11,11,
es11-sx268,SEXTUPOLE,0.24,1652.07431,155.139593,560.6931627,-259.7943129,NW,11,11,
es11-dt268.3,DRIFT,0.1721,1652.24641,155.1555256,560.7567536,-259.6343923,NW,11,11,
es11-cm267,MULTIPOLE,0,1652.74641,155.2018169,560.9415036,-259.1697769,NW,11,11,
es11-dt267,MULTIPOLE,0,1652.74641,155.2018169,560.9415036,-259.1697769,NW,11,11,
es11-cm267,DRIFT,0.5,1652.74641,155.2018169,560.9415036,-259.1697769,NW,11,11,
es11-dt267,DRIFT,0.5,1652.74641,155.2018169,560.9415036,-259.1697769,NW,11,11,
es11-cm265,MULTIPOLE,0,1655.47249,155.4542046,561.9356055,-256.6314328,NW,11,11,
es11-dv265,MULTIPOLE,0,1655.47249,155.4542046,561.9356055,-256.6314328,NW,11,11,
es11-cm265,SBEND,2.726077105,1655.47249,155.4542046,561.9356055,-256.6314328,NW,11,11,
es11-dv265,SBEND,2.726077105,1655.47249,155.4542046,561.9356055,-256.6314328,NW,11,11,
es11-cm264,MULTIPOLE,0,1655.73089,155.4781275,562.0285835,-256.3903397,NW,11,11,
es11-dt264,MULTIPOLE,0,1655.73089,155.4781275,562.0285835,-256.3903397,NW,11,11,
es11-cm264,DRIFT,0.258400373,1655.73089,155.4781275,562.0285835,-256.3903397,NW,11,11,
es11-dt264,DRIFT,0.258400373,1655.73089,155.4781275,562.0285835,-256.3903397,NW,11,11,
es11-cm263.1,MULTIPOLE,0,1656.62229,155.5606548,562.3479143,-255.5581007,NW,11,11,
es11-dv263,MULTIPOLE,0,1656.62229,155.5606548,562.3479143,-255.5581007,NW,11,11,
es11-cm263.1,SBEND,0.891400429,1656.62229,155.5606548,562.3479143,-255.5581007,NW,11,11,
es11-dv263,SBEND,0.891400429,1656.62229,155.5606548,562.3479143,-255.5581007,NW,11,11,
es11-cm263.2,MULTIPOLE,0,1656.88069,155.5845782,562.4400722,-255.316693,NW,11,11,
es11-dt263,MULTIPOLE,0,1656.88069,155.5845782,562.4400722,-255.316693,NW,11,11,
es11-cm263.2,DRIFT,0.258400373,1656.88069,155.5845782,562.4400722,-255.316693,NW,11,11,
es11-dt263,DRIFT,0.258400373,1656.88069,155.5845782,562.4400722,-255.316693,NW,11,11,
es11-cm260,MULTIPOLE,0,1659.60677,155.8369591,563.3990681,-252.7648787,NW,11,11,
es11-dv260,MULTIPOLE,0,1659.60677,155.8369591,563.3990681,-252.7648787,NW,11,11,
es11-cm260,SBEND,2.726077105,1659.60677,155.8369591,563.3990681,-252.7648787,NW,11,11,
es11-dv260,SBEND,2.726077105,1659.60677,155.8369591,563.3990681,-252.7648787,NW,11,11,
es11-dt260.1,DRIFT,0.319540221,1659.92631,155.8665417,563.5099224,-252.4651834,NW,11,11,
es11-ks260,VKICKER,0.2,1660.12631,155.8850585,563.5793059,-252.2776043,NW,11,11,
es11-dt260.2,DRIFT,0.064,1660.19031,155.8909841,563.6015087,-252.217579,NW,11,11,
es11-q259,QUADRUPOLE,0.5,1660.56531,155.9257056,563.7316029,-251.8658681,NW,11,11,
es11-dt259.1,DRIFT,0.156,1660.84631,155.9517255,563.8290868,-251.6023195,NW,11,11,
es11-sx259.1,SEXTUPOLE,0.24,1661.08631,155.9739501,563.9123471,-251.3772246,NW,11,11,
es11-dt259.2,DRIFT,0.104,1661.19031,155.9835811,563.9484265,-251.2796835,NW,11,11,
es11-sx259.2,SEXTUPOLE,0.24,1661.43031,156.0058073,564.0316868,-251.0545885,NW,11,11,
es11-cm258,MULTIPOLE,0,1661.93031,156.0521155,564.2051457,-250.5856408,NW,11,11,
es11-dt258,MULTIPOLE,0,1661.93031,156.0521155,564.2051457,-250.5856408,NW,11,11,
es11-cm258,DRIFT,0.5,1661.93031,156.0521155,564.2051457,-250.5856408,NW,11,11,
es11-dt258,DRIFT,0.5,1661.93031,156.0521155,564.2051457,-250.5856408,NW,11,11,
es11-cm255.1,MULTIPOLE,0,1664.65639,156.3045947,565.1375654,-248.0239962,NW,11,11,
es11-dv255,MULTIPOLE,0,1664.65639,156.3045947,565.1375654,-248.0239962,NW,11,11,
es11-cm255.1,SBEND,2.726077105,1664.65639,156.3045947,565.1375654,-248.0239962,NW,11,11,
es11-dv255,SBEND,2.726077105,1664.65639,156.3045947,565.1375654,-248.0239962,NW,11,11,
es11-cm255.2,MULTIPOLE,0,1664.91479,156.3285262,565.2246852,-247.7807249,NW,11,11,
es11-dt255,MULTIPOLE,0,1664.91479,156.3285262,565.2246852,-247.7807249,NW,11,11,
es11-cm255.2,DRIFT,0.258400373,1664.91479,156.3285262,565.2246852,-247.7807249,NW,11,11,
es11-dt255,DRIFT,0.258400373,1664.91479,156.3285262,565.2246852,-247.7807249,NW,11,11,
es11-cm254.1,MULTIPOLE,0,1665.80619,156.4110833,565.5237943,-246.9410061,NW,11,11,
es11-dv254,MULTIPOLE,0,1665.80619,156.4110833,565.5237943,-246.9410061,NW,11,11,
es11-cm254.1,SBEND,0.891400429,1665.80619,156.4110833,565.5237943,-246.9410061,NW,11,11,
es11-dv254,SBEND,0.891400429,1665.80619,156.4110833,565.5237943,-246.9410061,NW,11,11,
es11-cm254.2,MULTIPOLE,0,1666.06459,156.4350153,565.6100867,-246.6974402,NW,11,11,
es11-dt254,MULTIPOLE,0,1666.06459,156.4350153,565.6100867,-246.6974402,NW,11,11,
es11-cm254.2,DRIFT,0.258400373,1666.06459,156.4350153,565.6100867,-246.6974402,NW,11,11,
es11-dt254,DRIFT,0.258400373,1666.06459,156.4350153,565.6100867,-246.6974402,NW,11,11,
es11-cm251,MULTIPOLE,0,1668.79066,156.687487,566.5070849,-244.1231784,NW,11,11,
es11-dv251,MULTIPOLE,0,1668.79066,156.687487,566.5070849,-244.1231784,NW,11,11,
es11-cm251,SBEND,2.726077105,1668.79066,156.687487,566.5070849,-244.1231784,NW,11,11,
es11-dv251,SBEND,2.726077105,1668.79066,156.687487,566.5070849,-244.1231784,NW,11,11,
es11-dt251.1,DRIFT,0.319540221,1669.1102,156.7170801,566.6106584,-243.8208896,NW,11,11,
es11-ks251,HKICKER,0.2,1669.3102,156.7356037,566.6754849,-243.6316873,NW,11,11,
es11-dt251.2,DRIFT,0.064,1669.3742,156.7415314,566.6962294,-243.5711426,NW,11,11,
es11-q250,QUADRUPOLE,0.5,1669.7492,156.776266,566.8177792,-243.2163882,NW,11,11,
es11-dt250.1,DRIFT,0.156,1670.0302,156.8022959,566.9088605,-242.950559,NW,11,11,
es11-dt250.2,DRIFT,0.1721,1670.2023,156.8182389,566.9646438,-242.7877504,NW,11,11,
es11-sx250,SEXTUPOLE,0.24,1670.4423,156.8404732,567.0424357,-242.5607076,NW,11,11,
es11-dt249.1,DRIFT,0.1721,1670.6144,156.8564178,567.0982189,-242.397899,NW,11,11,
es11-cm249,MULTIPOLE,0,1671.1144,156.9027452,567.2602853,-241.9248932,NW,11,11,
es11-dt249.2,MULTIPOLE,0,1671.1144,156.9027452,567.2602853,-241.9248932,NW,11,11,
es11-cm249,DRIFT,0.5,1671.1144,156.9027452,567.2602853,-241.9248932,NW,11,11,
es11-dt249.2,DRIFT,0.5,1671.1144,156.9027452,567.2602853,-241.9248932,NW,11,11,
es11-cm246.1,MULTIPOLE,0,1673.84048,157.1553292,568.1304773,-239.3414468,NW,11,11,
es11-dv246,MULTIPOLE,0,1673.84048,157.1553292,568.1304773,-239.3414468,NW,11,11,
es11-cm246.1,SBEND,2.726077105,1673.84048,157.1553292,568.1304773,-239.3414468,NW,11,11,
es11-dv246,SBEND,2.726077105,1673.84048,157.1553292,568.1304773,-239.3414468,NW,11,11,
es11-cm246.2,MULTIPOLE,0,1674.09888,157.1792706,568.2116879,-239.0961396,NW,11,11,
es11-dt246,MULTIPOLE,0,1674.09888,157.1792706,568.2116879,-239.0961396,NW,11,11,
es11-cm246.2,DRIFT,0.258400373,1674.09888,157.1792706,568.2116879,-239.0961396,NW,11,11,
es11-dt246,DRIFT,0.258400373,1674.09888,157.1792706,568.2116879,-239.0961396,NW,11,11,
es11-cm245.1,MULTIPOLE,0,1674.99028,157.2618618,568.4904004,-238.2494323,NW,11,11,
es11-dv245,MULTIPOLE,0,1674.99028,157.2618618,568.4904004,-238.2494323,NW,11,11,
es11-cm245.1,SBEND,0.891400429,1674.99028,157.2618618,568.4904004,-238.2494323,NW,11,11,
es11-dv245,SBEND,0.891400429,1674.99028,157.2618618,568.4904004,-238.2494323,NW,11,11,
es11-cm245.2,MULTIPOLE,0,1675.24868,157.2858038,568.5707768,-238.0038506,NW,11,11,
es11-dt245,MULTIPOLE,0,1675.24868,157.2858038,568.5707768,-238.0038506,NW,11,11,
es11-cm245.2,DRIFT,0.258400373,1675.24868,157.2858038,568.5707768,-238.0038506,NW,11,11,
es11-dt245,DRIFT,0.258400373,1675.24868,157.2858038,568.5707768,-238.0038506,NW,11,11,
es11-cm242,MULTIPOLE,0,1677.97476,157.5383794,569.4052524,-235.4086473,NW,11,11,
es11-dv242,MULTIPOLE,0,1677.97476,157.5383794,569.4052524,-235.4086473,NW,11,11,
es11-cm242,SBEND,2.726077105,1677.97476,157.5383794,569.4052524,-235.4086473,NW,11,11,
es11-dv242,SBEND,2.726077105,1677.97476,157.5383794,569.4052524,-235.4086473,NW,11,11,
es11-dt242,DRIFT,0.319540221,1678.2943,157.5679847,569.5014845,-235.103942,NW,11,11,
es11-ks242,VKICKER,0.2,1678.4943,157.5865159,569.5617162,-234.9132272,NW,11,11,
es11-dt241.1,DRIFT,0.064,1678.5583,157.5924462,569.5809903,-234.8521984,NW,11,11,
es11-q241,QUADRUPOLE,0.5,1678.9333,157.6271956,569.6939246,-234.4946081,NW,11,11,
es11-dt241.2,DRIFT,0.156,1679.2143,157.6532369,569.77855,-234.2266537,NW,11,11,
es11-sx241,SEXTUPOLE,0.24,1679.4543,157.6754802,569.8508279,-233.9977959,NW,11,11,
es11-dt240.1,DRIFT,0.104,1679.5583,157.6851194,569.8821484,-233.8986242,NW,11,11,
es11-sx240,SEXTUPOLE,0.24,1679.7983,157.7073647,569.9544263,-233.6697664,NW,11,11,
es11-cm240,MULTIPOLE,0,1680.2983,157.7537138,570.1050053,-233.1929793,NW,11,11,
es11-dt240.2,MULTIPOLE,0,1680.2983,157.7537138,570.1050053,-233.1929793,NW,11,11,
es11-cm240,DRIFT,0.5,1680.2983,157.7537138,570.1050053,-233.1929793,NW,11,11,
es11-dt240.2,DRIFT,0.5,1680.2983,157.7537138,570.1050053,-233.1929793,NW,11,11,
es11-cm237.1,MULTIPOLE,0,1683.02438,158.0064161,570.9124605,-230.5892424,NW,11,11,
es11-dv237,MULTIPOLE,0,1683.02438,158.0064161,570.9124605,-230.5892424,NW,11,11,
es11-cm237.1,SBEND,2.726077105,1683.02438,158.0064161,570.9124605,-230.5892424,NW,11,11,
es11-dv237,SBEND,2.726077105,1683.02438,158.0064161,570.9124605,-230.5892424,NW,11,11,
es11-cm237.2,MULTIPOLE,0,1683.28278,158.0303686,570.9877144,-230.3420429,NW,11,11,
es11-dt237,MULTIPOLE,0,1683.28278,158.0303686,570.9877144,-230.3420429,NW,11,11,
es11-cm237.2,DRIFT,0.258400373,1683.28278,158.0303686,570.9877144,-230.3420429,NW,11,11,
es11-dt237,DRIFT,0.258400373,1683.28278,158.0303686,570.9877144,-230.3420429,NW,11,11,
es11-cm236.1,MULTIPOLE,0,1684.17418,158.1129983,571.2458673,-229.4888424,NW,11,11,
es11-dv236,MULTIPOLE,0,1684.17418,158.1129983,571.2458673,-229.4888424,NW,11,11,
es11-cm236.1,SBEND,0.891400429,1684.17418,158.1129983,571.2458673,-229.4888424,NW,11,11,
es11-dv236,SBEND,0.891400429,1684.17418,158.1129983,571.2458673,-229.4888424,NW,11,11,
es11-cm236.2,MULTIPOLE,0,1684.43258,158.1369515,571.3202806,-229.2413885,NW,11,11,
es11-dt236,MULTIPOLE,0,1684.43258,158.1369515,571.3202806,-229.2413885,NW,11,11,
es11-cm236.2,DRIFT,0.258400373,1684.43258,158.1369515,571.3202806,-229.2413885,NW,11,11,
es11-dt236,DRIFT,0.258400373,1684.43258,158.1369515,571.3202806,-229.2413885,NW,11,11,
es11-cm233,MULTIPOLE,0,1687.15866,158.3896444,572.0917455,-226.6267621,NW,11,11,
es11-dv233,MULTIPOLE,0,1687.15866,158.3896444,572.0917455,-226.6267621,NW,11,11,
es11-cm233,SBEND,2.726077105,1687.15866,158.3896444,572.0917455,-226.6267621,NW,11,11,
es11-dv233,SBEND,2.726077105,1687.15866,158.3896444,572.0917455,-226.6267621,NW,11,11,
es11-dt233,DRIFT,0.319540221,1687.4782,158.4192634,572.18058,-226.3198185,NW,11,11,
es11-ks232,HKICKER,0.2,1687.6782,158.4378034,572.2361814,-226.1277027,NW,11,11,
es11-dt232.1,DRIFT,0.064,1687.7422,158.4437364,572.2539739,-226.0662256,NW,11,11,
es11-q232,QUADRUPOLE,0.5,1688.1172,158.4785026,572.3582266,-225.7060085,NW,11,11,
es11-dt232.2,DRIFT,0.156,1688.3982,158.5045567,572.4363466,-225.4360858,NW,11,11,
es11-dt231.1,DRIFT,0.1721,1688.5703,158.5205148,572.4841917,-225.2707702,NW,11,11,
es11-sx231,SEXTUPOLE,0.24,1688.8103,158.5427703,572.5509134,-225.0402312,NW,11,11,
es11-dt231.2,DRIFT,0.1721,1688.9824,158.5587303,572.5987584,-224.8749156,NW,11,11,
es11-cm231,MULTIPOLE,0,1689.4824,158.6051035,572.737762,-224.3946261,NW,11,11,
es11-dt231.3,MULTIPOLE,0,1689.4824,158.6051035,572.737762,-224.3946261,NW,11,11,
es11-cm231,DRIFT,0.5,1689.4824,158.6051035,572.737762,-224.3946261,NW,11,11,
es11-dt231.3,DRIFT,0.5,1689.4824,158.6051035,572.737762,-224.3946261,NW,11,11,
es11-cm228.1,MULTIPOLE,0,1692.20847,158.8579376,573.4820079,-221.772122,NW,11,11,
es11-dv228,MULTIPOLE,0,1692.20847,158.8579376,573.4820079,-221.772122,NW,11,11,
es11-cm228.1,SBEND,2.726077105,1692.20847,158.8579376,573.4820079,-221.772122,NW,11,11,
es11-dv228,SBEND,2.726077105,1692.20847,158.8579376,573.4820079,-221.772122,NW,11,11,
es11-cm228.2,MULTIPOLE,0,1692.46687,158.8819025,573.5512612,-221.5231748,NW,11,11,
es11-dt228,MULTIPOLE,0,1692.46687,158.8819025,573.5512612,-221.5231748,NW,11,11,
es11-cm228.2,DRIFT,0.258400373,1692.46687,158.8819025,573.5512612,-221.5231748,NW,11,11,
es11-dt228,DRIFT,0.258400373,1692.46687,158.8819025,573.5512612,-221.5231748,NW,11,11,
es11-cm227,MULTIPOLE,0,1693.35827,158.9645752,573.7887034,-220.6639803,NW,11,11,
es11-dv227,MULTIPOLE,0,1693.35827,158.9645752,573.7887034,-220.6639803,NW,11,11,
es11-cm227,SBEND,0.891400429,1693.35827,158.9645752,573.7887034,-220.6639803,NW,11,11,
es11-dv227,SBEND,0.891400429,1693.35827,158.9645752,573.7887034,-220.6639803,NW,11,11,
es11-cm226,MULTIPOLE,0,1693.61667,158.9885408,573.8571101,-220.4147991,NW,11,11,
es11-dt226,MULTIPOLE,0,1693.61667,158.9885408,573.8571101,-220.4147991,NW,11,11,
es11-cm226,DRIFT,0.258400373,1693.61667,158.9885408,573.8571101,-220.4147991,NW,11,11,
es11-dt226,DRIFT,0.258400373,1693.61667,158.9885408,573.8571101,-220.4147991,NW,11,11,
es11-cm224,MULTIPOLE,0,1696.34275,159.2413647,574.565113,-217.7822791,NW,11,11,
es11-dv224,MULTIPOLE,0,1696.34275,159.2413647,574.565113,-217.7822791,NW,11,11,
es11-cm224,SBEND,2.726077105,1696.34275,159.2413647,574.565113,-217.7822791,NW,11,11,
es11-dv224,SBEND,2.726077105,1696.34275,159.2413647,574.565113,-217.7822791,NW,11,11,
es11-dt223.1,DRIFT,0.319540221,1696.66229,159.270999,574.6464978,-217.4732767,NW,11,11,
es11-ks223,VKICKER,0.2,1696.86229,159.2895487,574.6974366,-217.2798724,NW,11,11,
es11-dt223.2,DRIFT,0.064,1696.92629,159.2954848,574.713737,-217.217983,NW,11,11,
es11-q223,QUADRUPOLE,0.5,1697.30129,159.3302696,574.8092471,-216.8553498,NW,11,11,
es11-dt222.1,DRIFT,0.156,1697.58229,159.3563379,574.880816,-216.5836167,NW,11,11,
es11-sx222.1,SEXTUPOLE,0.24,1697.82229,159.3786045,574.9419425,-216.3515315,NW,11,11,
es11-dt222.2,DRIFT,0.104,1697.92629,159.388254,574.9684306,-216.2509612,NW,11,11,
es11-sx222.2,SEXTUPOLE,0.24,1698.16629,159.4105232,575.0295571,-216.018876,NW,11,11,
es11-cm221,MULTIPOLE,0,1698.66629,159.456923,575.156904,-215.5353651,NW,11,11,
es11-dt221,MULTIPOLE,0,1698.66629,159.456923,575.156904,-215.5353651,NW,11,11,
es11-cm221,DRIFT,0.5,1698.66629,159.456923,575.156904,-215.5353651,NW,11,11,
es11-dt221,DRIFT,0.5,1698.66629,159.456923,575.156904,-215.5353651,NW,11,11,
es11-cm219,MULTIPOLE,0,1701.39237,159.7099025,575.8375053,-212.8956281,NW,11,11,
es11-dv219,MULTIPOLE,0,1701.39237,159.7099025,575.8375053,-212.8956281,NW,11,11,
es11-cm219,SBEND,2.726077105,1701.39237,159.7099025,575.8375053,-212.8956281,NW,11,11,
es11-dv219,SBEND,2.726077105,1701.39237,159.7099025,575.8375053,-212.8956281,NW,11,11,
es11-cm218,MULTIPOLE,0,1701.65077,159.7338811,575.9007173,-212.6450787,NW,11,11,
es11-dt218,MULTIPOLE,0,1701.65077,159.7338811,575.9007173,-212.6450787,NW,11,11,
es11-cm218,DRIFT,0.258400373,1701.65077,159.7338811,575.9007173,-212.6450787,NW,11,11,
es11-dt218,DRIFT,0.258400373,1701.65077,159.7338811,575.9007173,-212.6450787,NW,11,11,
es11-cm217.1,MULTIPOLE,0,1702.54217,159.8166012,576.1173098,-211.7803929,NW,11,11,
es11-dv217,MULTIPOLE,0,1702.54217,159.8166012,576.1173098,-211.7803929,NW,11,11,
es11-cm217.1,SBEND,0.891400429,1702.54217,159.8166012,576.1173098,-211.7803929,NW,11,11,
es11-dv217,SBEND,0.891400429,1702.54217,159.8166012,576.1173098,-211.7803929,NW,11,11,
es11-cm217.2,MULTIPOLE,0,1702.80057,159.8405806,576.1796699,-211.5296301,NW,11,11,
es11-dt217,MULTIPOLE,0,1702.80057,159.8405806,576.1796699,-211.5296301,NW,11,11,
es11-cm217.2,DRIFT,0.258400373,1702.80057,159.8405806,576.1796699,-211.5296301,NW,11,11,
es11-dt217,DRIFT,0.258400373,1702.80057,159.8405806,576.1796699,-211.5296301,NW,11,11,
es11-cm214,MULTIPOLE,0,1705.52665,160.0935491,576.8237966,-208.8807567,NW,11,11,
es11-dv214,MULTIPOLE,0,1705.52665,160.0935491,576.8237966,-208.8807567,NW,11,11,
es11-cm214,SBEND,2.726077105,1705.52665,160.0935491,576.8237966,-208.8807567,NW,11,11,
es11-dv214,SBEND,2.726077105,1705.52665,160.0935491,576.8237966,-208.8807567,NW,11,11,
es11-dt214.1,DRIFT,0.319540221,1705.84619,160.1232003,576.8976842,-208.5698764,NW,11,11,
es11-ks214,HKICKER,0.2,1706.04619,160.1417607,576.9439305,-208.3752966,NW,11,11,
es11-dt214.2,DRIFT,0.064,1706.11019,160.1477003,576.9587293,-208.3130311,NW,11,11,
es11-q214,QUADRUPOLE,0.5,1706.48519,160.1825055,577.0454409,-207.948194,NW,11,11,
es11-dt213.1,DRIFT,0.156,1706.76619,160.2085894,577.1104169,-207.6748094,NW,11,11,
es11-dt213.2,DRIFT,0.1721,1706.93829,160.224566,577.1502118,-207.5073735,NW,11,11,
es11-sx213,SEXTUPOLE,0.24,1707.17829,160.2468475,577.2057072,-207.2738778,NW,11,11,
es11-dt213.3,DRIFT,0.1721,1707.35039,160.2628264,577.2455021,-207.1064419,NW,11,11,
es11-cm212,MULTIPOLE,0,1707.85039,160.3092555,577.3611177,-206.6199925,NW,11,11,
es11-dt212,MULTIPOLE,0,1707.85039,160.3092555,577.3611177,-206.6199925,NW,11,11,
es11-cm212,DRIFT,0.5,1707.85039,160.3092555,577.3611177,-206.6199925,NW,11,11,
es11-dt212,DRIFT,0.5,1707.85039,160.3092555,577.3611177,-206.6199925,NW,11,11,
es11-cm209.1,MULTIPOLE,0,1710.57646,160.5623941,577.9776762,-203.9645669,NW,11,11,
es11-dv209,MULTIPOLE,0,1710.57646,160.5623941,577.9776762,-203.9645669,NW,11,11,
es11-cm209.1,SBEND,2.726077105,1710.57646,160.5623941,577.9776762,-203.9645669,NW,11,11,
es11-dv209,SBEND,2.726077105,1710.57646,160.5623941,577.9776762,-203.9645669,NW,11,11,
es11-cm209.2,MULTIPOLE,0,1710.83486,160.5863877,578.0348101,-203.712562,NW,11,11,
es11-dt209,MULTIPOLE,0,1710.83486,160.5863877,578.0348101,-203.712562,NW,11,11,
es11-cm209.2,DRIFT,0.258400373,1710.83486,160.5863877,578.0348101,-203.712562,NW,11,11,
es11-dt209,DRIFT,0.258400373,1710.83486,160.5863877,578.0348101,-203.712562,NW,11,11,
es11-cm208.1,MULTIPOLE,0,1711.72626,160.6691598,578.2304263,-202.8428907,NW,11,11,
es11-dv208,MULTIPOLE,0,1711.72626,160.6691598,578.2304263,-202.8428907,NW,11,11,
es11-cm208.1,SBEND,0.891400429,1711.72626,160.6691598,578.2304263,-202.8428907,NW,11,11,
es11-dv208,SBEND,0.891400429,1711.72626,160.6691598,578.2304263,-202.8428907,NW,11,11,
es11-cm208.2,MULTIPOLE,0,1711.98467,160.6931544,578.2867033,-202.590693,NW,11,11,
es11-dt208,MULTIPOLE,0,1711.98467,160.6931544,578.2867033,-202.590693,NW,11,11,
es11-cm208.2,DRIFT,0.258400373,1711.98467,160.6931544,578.2867033,-202.590693,NW,11,11,
es11-dt208,DRIFT,0.258400373,1711.98467,160.6931544,578.2867033,-202.590693,NW,11,11,
es11-cm205,MULTIPOLE,0,1714.71074,160.9462814,578.8665768,-199.9270158,NW,11,11,
es11-dv205,MULTIPOLE,0,1714.71074,160.9462814,578.8665768,-199.9270158,NW,11,11,
es11-cm205,SBEND,2.726077105,1714.71074,160.9462814,578.8665768,-199.9270158,NW,11,11,
es11-dv205,SBEND,2.726077105,1714.71074,160.9462814,578.8665768,-199.9270158,NW,11,11,
es11-dt205.1,DRIFT,0.319540221,1715.03028,160.975951,578.9329241,-199.6144394,NW,11,11,
es11-ks205,VKICKER,0.2,1715.23028,160.9945231,578.9744507,-199.4187981,NW,11,11,
es11-dt205.2,DRIFT,0.064,1715.29428,161.0004665,578.9877393,-199.3561929,NW,11,11,
es11-q204,QUADRUPOLE,0.5,1715.66928,161.0352942,579.0656018,-198.9893653,NW,11,11,
es11-dt204.1,DRIFT,0.156,1715.95028,161.0613951,579.1239467,-198.7144893,NW,11,11,
es11-sx204,SEXTUPOLE,0.24,1716.19028,161.08369,579.1737787,-198.4797196,NW,11,11,
es11-dt204.2,DRIFT,0.104,1716.29428,161.0933518,579.1953726,-198.3779861,NW,11,11,
es11-sx203,SEXTUPOLE,0.24,1716.53428,161.1156497,579.2452046,-198.1432165,NW,11,11,
es11-cm203,MULTIPOLE,0,1717.03428,161.1621105,579.3490213,-197.6541132,NW,11,11,
es11-dt203,MULTIPOLE,0,1717.03428,161.1621105,579.3490213,-197.6541132,NW,11,11,
es11-cm203,DRIFT,0.5,1717.03428,161.1621105,579.3490213,-197.6541132,NW,11,11,
es11-dt203,DRIFT,0.5,1717.03428,161.1621105,579.3490213,-197.6541132,NW,11,11,
es11-cm200.1,MULTIPOLE,0,1719.76036,161.4154223,579.9011763,-194.9845525,NW,11,11,
es11-dv200,MULTIPOLE,0,1719.76036,161.4154223,579.9011763,-194.9845525,NW,11,11,
es11-cm200.1,SBEND,2.726077105,1719.76036,161.4154223,579.9011763,-194.9845525,NW,11,11,
es11-dv200,SBEND,2.726077105,1719.76036,161.4154223,579.9011763,-194.9845525,NW,11,11,
es11-cm200.2,MULTIPOLE,0,1720.01876,161.4394323,579.9521986,-194.7312395,NW,11,11,
es11-dt200,MULTIPOLE,0,1720.01876,161.4394323,579.9521986,-194.7312395,NW,11,11,
es11-cm200.2,DRIFT,0.258400373,1720.01876,161.4394323,579.9521986,-194.7312395,NW,11,11,
es11-dt200,DRIFT,0.258400373,1720.01876,161.4394323,579.9521986,-194.7312395,NW,11,11,
es11-cm199.1,MULTIPOLE,0,1720.91016,161.5222609,580.126724,-193.8570914,NW,11,11,
es11-dv199,MULTIPOLE,0,1720.91016,161.5222609,580.126724,-193.8570914,NW,11,11,
es11-cm199.1,SBEND,0.891400429,1720.91016,161.5222609,580.126724,-193.8570914,NW,11,11,
es11-dv199,SBEND,0.891400429,1720.91016,161.5222609,580.126724,-193.8570914,NW,11,11,
es11-cm199.2,MULTIPOLE,0,1721.16856,161.5462718,580.176885,-193.6036064,NW,11,11,
es11-dt199,MULTIPOLE,0,1721.16856,161.5462718,580.176885,-193.6036064,NW,11,11,
es11-cm199.2,DRIFT,0.258400373,1721.16856,161.5462718,580.176885,-193.6036064,NW,11,11,
es11-dt199,DRIFT,0.258400373,1721.16856,161.5462718,580.176885,-193.6036064,NW,11,11,
es11-cm196,MULTIPOLE,0,1723.89464,161.7995714,580.6921662,-190.9266838,NW,11,11,
es11-dv196,MULTIPOLE,0,1723.89464,161.7995714,580.6921662,-190.9266838,NW,11,11,
es11-cm196,SBEND,2.726077105,1723.89464,161.7995714,580.6921662,-190.9266838,NW,11,11,
es11-dv196,SBEND,2.726077105,1723.89464,161.7995714,580.6921662,-190.9266838,NW,11,11,
es11-dt196.1,DRIFT,0.319540221,1724.21418,161.8292612,580.7509341,-190.6125942,NW,11,11,
es11-ks196,HKICKER,0.2,1724.41418,161.8478461,580.7877169,-190.4160057,NW,11,11,
es11-dt196.2,DRIFT,0.064,1724.47818,161.8537936,580.7994874,-190.3530974,NW,11,11,
es11-q195,QUADRUPOLE,0.5,1724.85318,161.8886456,580.8684552,-189.9844941,NW,11,11,
es11-dt195.1,DRIFT,0.156,1725.13418,161.914765,580.9201351,-189.7082873,NW,11,11,
es11-dt195.2,DRIFT,0.1721,1725.30628,161.9307635,580.9517867,-189.5391229,NW,11,11,
es11-sx194,SEXTUPOLE,0.24,1725.54628,161.953076,580.995926,-189.3032167,NW,11,11,
es11-dt194.1,DRIFT,0.1721,1725.71838,161.9690774,581.0275777,-189.1340523,NW,11,11,
es11-cm194,MULTIPOLE,0,1726.21838,162.0155724,581.1195347,-188.6425812,NW,11,11,
es11-dt194.2,MULTIPOLE,0,1726.21838,162.0155724,581.1195347,-188.6425812,NW,11,11,
es11-cm194,DRIFT,0.5,1726.21838,162.0155724,581.1195347,-188.6425812,NW,11,11,
es11-dt194.2,DRIFT,0.5,1726.21838,162.0155724,581.1195347,-188.6425812,NW,11,11,
es11-cm191.1,MULTIPOLE,0,1728.94446,162.2690716,581.6069632,-185.9604472,NW,11,11,
es11-dv191,MULTIPOLE,0,1728.94446,162.2690716,581.6069632,-185.9604472,NW,11,11,
es11-cm191.1,SBEND,2.726077105,1728.94446,162.2690716,581.6069632,-185.9604472,NW,11,11,
es11-dv191,SBEND,2.726077105,1728.94446,162.2690716,581.6069632,-185.9604472,NW,11,11,
es11-cm191.2,MULTIPOLE,0,1729.20286,162.2930993,581.651844,-185.7059742,NW,11,11,
es11-dt191,MULTIPOLE,0,1729.20286,162.2930993,581.651844,-185.7059742,NW,11,11,
es11-cm191.2,DRIFT,0.258400373,1729.20286,162.2930993,581.651844,-185.7059742,NW,11,11,
es11-dt191,DRIFT,0.258400373,1729.20286,162.2930993,581.651844,-185.7059742,NW,11,11,
es11-cm190.1,MULTIPOLE,0,1730.09426,162.3759891,581.8051766,-184.8278609,NW,11,11,
es11-dv190,MULTIPOLE,0,1730.09426,162.3759891,581.8051766,-184.8278609,NW,11,11,
es11-cm190.1,SBEND,0.891400429,1730.09426,162.3759891,581.8051766,-184.8278609,NW,11,11,
es11-dv190,SBEND,0.891400429,1730.09426,162.3759891,581.8051766,-184.8278609,NW,11,11,
es11-cm190.2,MULTIPOLE,0,1730.35266,162.4000178,581.8491922,-184.5732369,NW,11,11,
es11-dt190,MULTIPOLE,0,1730.35266,162.4000178,581.8491922,-184.5732369,NW,11,11,
es11-cm190.2,DRIFT,0.258400373,1730.35266,162.4000178,581.8491922,-184.5732369,NW,11,11,
es11-dt190,DRIFT,0.258400373,1730.35266,162.4000178,581.8491922,-184.5732369,NW,11,11,
es11-cm187,MULTIPOLE,0,1733.07873,162.6535041,582.2995796,-181.8846349,NW,11,11,
es11-dv187,MULTIPOLE,0,1733.07873,162.6535041,582.2995796,-181.8846349,NW,11,11,
es11-cm187,SBEND,2.726077105,1733.07873,162.6535041,582.2995796,-181.8846349,NW,11,11,
es11-dv187,SBEND,2.726077105,1733.07873,162.6535041,582.2995796,-181.8846349,NW,11,11,
es11-dt187,DRIFT,0.319540221,1733.39827,162.6832158,582.3507339,-181.5692158,NW,11,11,
es11-ks186,VKICKER,0.2,1733.59827,162.7018145,582.3827514,-181.3717953,NW,11,11,
es11-dt186.1,DRIFT,0.064,1733.66227,162.7077664,582.3929969,-181.3086207,NW,11,11,
es11-q186,QUADRUPOLE,0.5,1734.03727,162.7426447,582.4530296,-180.9384571,NW,11,11,
es11-dt186.2,DRIFT,0.156,1734.31827,162.7687841,582.4980141,-180.6610812,NW,11,11,
es11-sx185.1,SEXTUPOLE,0.24,1734.55827,162.7911122,582.536435,-180.4241765,NW,11,11,
es11-dt185.1,DRIFT,0.104,1734.66227,162.8007885,582.5530841,-180.3215178,NW,11,11,
es11-sx185.2,SEXTUPOLE,0.24,1734.90227,162.8231201,582.591505,-180.0846131,NW,11,11,
es11-cm185,MULTIPOLE,0,1735.40227,162.8696521,582.6715486,-179.5910617,NW,11,11,
es11-dt185.2,MULTIPOLE,0,1735.40227,162.8696521,582.6715486,-179.5910617,NW,11,11,
es11-cm185,DRIFT,0.5,1735.40227,162.8696521,582.6715486,-179.5910617,NW,11,11,
es11-dt185.2,DRIFT,0.5,1735.40227,162.8696521,582.6715486,-179.5910617,NW,11,11,
es11-cm182.1,MULTIPOLE,0,1738.12835,163.1233531,583.0939655,-176.8979234,NW,11,11,
es11-dv182,MULTIPOLE,0,1738.12835,163.1233531,583.0939655,-176.8979234,NW,11,11,
es11-cm182.1,SBEND,2.726077105,1738.12835,163.1233531,583.0939655,-176.8979234,NW,11,11,
es11-dv182,SBEND,2.726077105,1738.12835,163.1233531,583.0939655,-176.8979234,NW,11,11,
es11-cm182.2,MULTIPOLE,0,1738.38675,163.1473998,583.1326786,-176.6424395,NW,11,11,
es11-dt182,MULTIPOLE,0,1738.38675,163.1473998,583.1326786,-176.6424395,NW,11,11,
es11-cm182.2,DRIFT,0.258400373,1738.38675,163.1473998,583.1326786,-176.6424395,NW,11,11,
es11-dt182,DRIFT,0.258400373,1738.38675,163.1473998,583.1326786,-176.6424395,NW,11,11,
es11-cm181,MULTIPOLE,0,1739.27815,163.2303555,583.2647285,-175.7608745,NW,11,11,
es11-dv181,MULTIPOLE,0,1739.27815,163.2303555,583.2647285,-175.7608745,NW,11,11,
es11-cm181,SBEND,0.891400429,1739.27815,163.2303555,583.2647285,-175.7608745,NW,11,11,
es11-dv181,SBEND,0.891400429,1739.27815,163.2303555,583.2647285,-175.7608745,NW,11,11,
es11-cm180,MULTIPOLE,0,1739.53655,163.2544033,583.302573,-175.5052605,NW,11,11,
es11-dt180,MULTIPOLE,0,1739.53655,163.2544033,583.302573,-175.5052605,NW,11,11,
es11-cm180,DRIFT,0.258400373,1739.53655,163.2544033,583.302573,-175.5052605,NW,11,11,
es11-dt180,DRIFT,0.258400373,1739.53655,163.2544033,583.302573,-175.5052605,NW,11,11,
es11-cm178,MULTIPOLE,0,1742.26263,163.5080909,583.6878032,-172.806552,NW,11,11,
es11-dv178,MULTIPOLE,0,1742.26263,163.5080909,583.6878032,-172.806552,NW,11,11,
es11-cm178,SBEND,2.726077105,1742.26263,163.5080909,583.6878032,-172.806552,NW,11,11,
es11-dv178,SBEND,2.726077105,1742.26263,163.5080909,583.6878032,-172.806552,NW,11,11,
es11-dt177.1,DRIFT,0.319540221,1742.58217,163.537826,583.7313139,-172.489988,NW,11,11,
es11-ks177,HKICKER,0.2,1742.78217,163.5564396,583.7585473,-172.2918509,NW,11,11,
es11-dt177.2,DRIFT,0.064,1742.84617,163.5623964,583.7672619,-172.228447,NW,11,11,
es11-mark177,MARKER,0,1743.09617,163.5856667,583.8013036,-171.9807755,NW,11,11,
es11-q177,QUADRUPOLE,0.5,1743.22117,163.597303,583.8183244,-171.8569397,NW,11,11,
es11-dt176.1,DRIFT,0.156,1743.50217,163.6234638,583.8565872,-171.578557,NW,11,11,
es11-sx176.1,SEXTUPOLE,0.24,1743.74217,163.6458104,583.8892672,-171.3407923,NW,11,11,
es11-dt176.2,DRIFT,0.104,1743.84617,163.6554948,583.9034286,-171.237761,NW,11,11,
es11-sx176.2,SEXTUPOLE,0.24,1744.08617,163.6778452,583.9361086,-170.9999964,NW,11,11,
es11-dt175,DRIFT,0.5,1744.58617,163.7244168,584.0041919,-170.5046534,NW,11,11,
es11-dh173,RBEND,2.726014716,1747.31218,163.9783093,584.3600063,-167.8019747,NW,11,11,
es11-dt172,DRIFT,0.2584,1747.57058,164.0023728,584.3922757,-167.5455976,NW,11,11,
es11-dh170,RBEND,2.726014716,1750.2966,164.2561989,584.7173042,-164.8390439,NW,11,11,
es11-dt168.1,DRIFT,1.469495606,1751.76609,164.3930525,584.8842098,-163.3790577,NW,11,11,
es11-ks168,VKICKER,0.2,1751.96609,164.4116866,584.9069258,-163.1803519,NW,11,11,
es11-dt168.2,DRIFT,0.064,1752.03009,164.4176499,584.914195,-163.1167661,NW,11,11,
es11-q168,QUADRUPOLE,0.5,1752.40509,164.4525951,584.9567875,-162.7441928,NW,11,11,
es11-dt166,DRIFT,1.24,1753.77009,164.5798527,585.1118245,-161.3880259,NW,11,11,
es11-dh164,RBEND,2.726014716,1756.49611,164.8340345,585.4060251,-158.677948,NW,11,11,
es11-dt163,DRIFT,0.2584,1756.75451,164.8581253,585.4324502,-158.4209028,NW,11,11,
es11-dh161,RBEND,2.726014716,1759.48052,165.1122377,585.6957847,-155.7076518,NW,11,11,
es11-dt159.1,DRIFT,1.469495606,1760.95002,165.2492471,585.8294131,-154.2442445,NW,11,11,
es11-ks159,HKICKER,0.2,1761.15002,165.2679028,585.8476,-154.0450732,NW,11,11,
es11-dt159.2,DRIFT,0.064,1761.21402,165.273873,585.8534199,-153.9813383,NW,11,11,
es11-q158,QUADRUPOLE,0.5,1761.58902,165.3088591,585.8875204,-153.607892,NW,11,11,
es11-dt158.1,DRIFT,0.156,1761.87002,165.3350801,585.9130731,-153.3280562,NW,11,11,
es11-sx158.1,SEXTUPOLE,0.24,1762.11002,165.3574783,585.9348975,-153.0890506,NW,11,11,
es11-dt158.2,DRIFT,0.104,1762.21402,165.3671852,585.9443547,-152.9854815,NW,11,11,
es11-sx158.2,SEXTUPOLE,0.24,1762.45402,165.3895876,585.9661791,-152.7464758,NW,11,11,
es11-dt154,DRIFT,3.16505,1765.61907,165.685293,586.2539925,-149.5945391,NW,11,11,
es11-mark154,MARKER,0,1766.01907,165.7226995,586.2903664,-149.1961964,NW,11,11,
es11-q154,QUADRUPOLE,0.8,1766.21907,165.7414057,586.3085534,-148.997025,NW,11,11,
es11-dt150,DRIFT,3.16505,1769.58412,166.0564302,586.6145537,-145.645917,NW,11,11,
es11-mark150,MARKER,0,1769.98412,166.0939127,586.6509277,-145.2475742,NW,11,11,
es11-q150,QUADRUPOLE,0.8,1770.18412,166.1126567,586.6691147,-145.0484029,NW,11,11,
es11-dt149,DRIFT,0.535,1770.91912,166.181557,586.7359518,-144.3164481,NW,11,11,
es11-dh146,RBEND,2.726014716,1773.64513,166.437097,586.9683861,-141.6003755,NW,11,11,
es11-dt146,DRIFT,0.2584,1773.90353,166.4613168,586.9889531,-141.3427953,NW,11,11,
es11-dh143,RBEND,2.726014716,1776.62955,166.7167914,587.1904572,-138.624253,NW,11,11,
es11-dt143,DRIFT,0.535,1777.16455,166.7669274,587.2269669,-138.0905002,NW,11,11,
es11-mark142,MARKER,0,1777.56455,166.8044216,587.2542638,-137.6914327,NW,11,11,
es11-q142,QUADRUPOLE,0.8,1777.76455,166.8231717,587.2679123,-137.491899,NW,11,11,
es11-dt142,DRIFT,0.535,1778.49955,166.8920955,587.3180705,-136.7586124,NW,11,11,
es11-dh139,RBEND,2.726014716,1781.22556,167.147723,587.4886181,-134.0379527,NW,11,11,
es11-dt139,DRIFT,0.2584,1781.48396,167.1719508,587.5033164,-133.779971,NW,11,11,
es11-dh136,RBEND,2.726014716,1784.20998,167.4275086,587.6428855,-131.0575463,NW,11,11,
es11-dt135,DRIFT,0.535,1784.74498,167.4776606,587.6672358,-130.5231007,NW,11,11,
es11-mark135,MARKER,0,1785.14498,167.5151675,587.6854417,-130.1235153,NW,11,11,
es11-q135,QUADRUPOLE,0.8,1785.34498,167.5339242,587.6945446,-129.9237225,NW,11,11,
es11-dt132,DRIFT,2.81883,1788.36381,167.817297,587.8319454,-126.908021,NW,11,11,
es11-mark131,MARKER,0,1788.76381,167.8548802,587.8501513,-126.5084355,NW,11,11,
es11-q131,QUADRUPOLE,0.8,1788.96381,167.8736749,587.8592542,-126.3086428,NW,11,11,
es11-dt128,DRIFT,2.81883,1791.98264,168.157614,587.996655,-123.2929413,NW,11,11,
es11-mark128,MARKER,0,1792.38264,168.1952711,588.0148609,-122.8933558,NW,11,11,
es11-q127,QUADRUPOLE,0.8,1792.58264,168.2141026,588.0239638,-122.6935631,NW,11,11,
es11-dt124,DRIFT,2.81883,1795.60147,168.4985894,588.1613646,-119.6778616,NW,11,11,
es11-mark124,MARKER,0,1796.00147,168.5363179,588.1795705,-119.2782761,NW,11,11,
es11-q124,QUADRUPOLE,0.8,1796.20147,168.555185,588.1886734,-119.0784834,NW,11,11,
es11-dt121,DRIFT,2.81883,1799.2203,168.840201,588.3260742,-116.0627819,NW,11,11,
es11-mark120,MARKER,0,1799.6203,168.8779984,588.3442801,-115.6631964,NW,11,11,
es11-q120,QUADRUPOLE,0.8,1799.8203,168.8969,588.353383,-115.4634037,NW,11,11,
es11-dt117,DRIFT,2.81883,1802.83913,169.1824262,588.4907838,-112.4477022,NW,11,11,
es11-mark117,MARKER,0,1803.23913,169.2202901,588.5089896,-112.0481167,NW,11,11,
es11-q117,QUADRUPOLE,0.8,1803.43913,169.2392247,588.5180926,-111.848324,NW,11,11,
es11-dt114,DRIFT,2.81883,1806.45796,169.5252422,588.6554934,-108.8326225,NW,11,11,
es11-mark113,MARKER,0,1806.85796,169.5631699,588.6736992,-108.433037,NW,11,11,
es11-q113,QUADRUPOLE,0.8,1807.05796,169.5821364,588.6828022,-108.2332443,NW,11,11,
es11-dt112,DRIFT,0.535,1807.79296,169.6518529,588.7162554,-107.499006,NW,11,11,
es11-dh109,RBEND,2.726014716,1810.51897,169.9104226,588.8248279,-104.775169,NW,11,11,
es11-dt109,DRIFT,0.2584,1810.77737,169.93493,588.8336499,-104.5169196,NW,11,11,
es11-dh106,RBEND,2.726014716,1813.50339,170.1934443,588.9112118,-101.7920232,NW,11,11,
es11-dt106,DRIFT,0.535,1814.03839,170.2441775,588.9233901,-101.2571619,NW,11,11,
es11-mark106,MARKER,0,1814.43839,170.2821176,588.9324954,-100.8572655,NW,11,11,
es11-q105,QUADRUPOLE,0.8,1814.63839,170.3010904,588.937048,-100.6573173,NW,11,11,
es11-dt105,DRIFT,0.535,1815.37339,170.3708315,588.953779,-99.92250778,NW,11,11,
es11-dh102,RBEND,2.726014716,1818.0994,170.6294925,589.0003201,-97.19690511,NW,11,11,
es11-dt102,DRIFT,0.2584,1818.3578,170.6540083,589.0032613,-96.93852185,NW,11,11,
es11-dh99,RBEND,2.726014716,1821.08382,170.91261,589.0187756,-94.212566,NW,11,11,
es11-dt97,DRIFT,2.35713,1823.44095,171.1363146,589.0187756,-91.855436,NW,11,11,
es11-mark96,MARKER,0,1823.84095,171.1743041,589.0187756,-91.455436,NW,11,11,
es11-q96,QUADRUPOLE,0.8,1824.04095,171.1933017,589.0187756,-91.255436,NW,11,11,
es11-dt84,DRIFT,11.5,1835.74095,172.3079315,589.0187756,-79.555436,NW,11,11,
es11-mark84,MARKER,0,1836.14095,172.3461471,589.0187756,-79.155436,NW,11,11,
es11-q84,QUADRUPOLE,0.8,1836.34095,172.3652575,589.0187756,-78.955436,NW,11,11,
es11-dt72,DRIFT,11.5,1848.04095,173.4860551,589.0187756,-67.255436,NW,11,11,
es11-mark72,MARKER,0,1848.44095,173.5244665,589.0187756,-66.855436,NW,11,11,
es11-q71,QUADRUPOLE,0.8,1848.64095,173.5436745,589.0187756,-66.655436,NW,11,11,
es11-dt60,DRIFT,11.5,1860.34095,174.669736,589.0187756,-54.955436,NW,11,11,
es11-mark59,MARKER,0,1860.74095,174.708312,589.0187756,-54.555436,NW,11,11,
es11-q59,QUADRUPOLE,0.8,1860.94095,174.7276017,589.0187756,-54.355436,NW,11,11,
es11-dt47,DRIFT,11.5,1872.64095,175.8579971,589.0187756,-42.655436,NW,11,11,
es11-mark47,MARKER,0,1873.04095,175.8967053,589.0187756,-42.255436,NW,11,11,
es11-q47,QUADRUPOLE,0.8,1873.24095,175.9160608,589.0187756,-42.055436,NW,11,11,
es11-dt45,DRIFT,1.68072,1875.12167,176.0981173,589.0187756,-40.174716,NW,11,11,
es11-dh42,RBEND,2.726014716,1877.84768,176.3622288,589.03429,-37.44876015,NW,11,11,
es11-dt42,DRIFT,0.3,1878.14768,176.3913124,589.0377047,-37.14877958,NW,11,11,
es11-dh39,RBEND,2.726014716,1880.8737,176.6557204,589.0842458,-34.42317691,NW,11,11,
es11-dt39,DRIFT,0.3,1881.1737,176.6848315,589.0910748,-34.12325465,NW,11,11,
es11-dh36,RBEND,2.726014716,1883.89971,176.9494418,589.1686366,-31.39835829,NW,11,11,
es11-dt36,DRIFT,0.3,1884.19971,176.97857,589.178879,-31.09853318,NW,11,11,
es11-dh33,RBEND,2.726014716,1886.92573,177.2432882,589.2874514,-28.37469618,NW,11,11,
es11-dt32,DRIFT,0.714288,1887.64001,177.3126573,589.319962,-27.66114841,NW,11,11,
es11-mark32,MARKER,0,1888.04001,177.3515039,589.3381678,-27.26156294,NW,11,11,
es11-q32,QUADRUPOLE,0.8,1888.24001,177.3709273,589.3472707,-27.06177021,NW,11,11,
es11-dt23,DRIFT,8.45,1896.89001,178.210931,589.740972,-18.42073443,NW,11,11,
es11-mark23,MARKER,0,1897.19001,178.2400598,589.7546264,-18.12104533,NW,11,11,
es11-q23,QUADRUPOLE,0.6,1897.34001,178.2546241,589.7614536,-17.97120078,NW,11,11,
es11-dt14,DRIFT,8.55,1906.04001,179.099099,590.1574306,-9.280216819,NW,11,11,
es11-mark14,MARKER,0,1906.34001,179.1282077,590.171085,-8.980527717,NW,11,11,
es11-q14,QUADRUPOLE,0.6,1906.49001,179.1427617,590.1779122,-8.830683166,NW,11,11,
es12-dt315.1,MARKER,0,1915.33441,180.0004415,590.5804615,0.004551149,NE,13,12,
es12-mark315,MARKER,0,1915.33441,180.0004415,590.5804615,0.004551149,NE,13,12,
es12-dt315.1,DRIFT,8.6944,1915.33441,180.0004415,590.5804615,0.004551149,NE,13,12,
es12-mark315,DRIFT,8.6944,1915.33441,180.0004415,590.5804615,0.004551149,NE,13,12,
es12-dt0,DRIFT,5.14353,1920.47794,180.498719,590.8145672,5.142750774,NE,13,12,
es12-mark1,MARKER,0,1920.77794,180.5277676,590.8282216,5.442439876,NE,13,12,
es12-q1,QUADRUPOLE,0.6,1920.92794,180.5422913,590.8350488,5.592284427,NE,13,12,
es12-dt13,DRIFT,11.7,1932.77794,181.6882311,591.3743968,17.43000396,NE,13,12,
es12-mark13,MARKER,0,1933.07794,181.7172014,591.3880512,17.72969306,NE,13,12,
es12-q13,QUADRUPOLE,0.6,1933.22794,181.7316858,591.3948783,17.87953761,NE,13,12,
es12-dt23,DRIFT,9.6,1942.97794,182.6718932,591.8386457,27.61943343,NE,13,12,
es12-mark23,MARKER,0,1943.37794,182.7104085,591.8568515,28.0190189,NE,13,12,
es12-q24,QUADRUPOLE,0.8,1943.57794,182.7296643,591.8659544,28.21881163,NE,13,12,
es12-dt24,DRIFT,0.714288,1944.49223,182.8176757,591.9075679,29.13215213,NE,13,12,
es12-dh27,RBEND,2.726014716,1947.21825,183.0800768,592.0161404,31.85598914,NE,13,12,
es12-dt28,DRIFT,0.3,1947.51825,183.1089559,592.0263827,32.15581424,NE,13,12,
es12-dh30,RBEND,2.726014716,1950.24426,183.3713852,592.1039445,34.8807106,NE,13,12,
es12-dt31,DRIFT,0.3,1950.54426,183.4002672,592.1107735,35.18063287,NE,13,12,
es12-dh33,RBEND,2.726014716,1953.27028,183.6627226,592.1573146,37.90623554,NE,13,12,
es12-dt34,DRIFT,0.3,1953.57028,183.6916074,592.1607293,38.2062161,NE,13,12,
es12-dh36,RBEND,2.726014716,1956.29629,183.9540869,592.1762437,40.93217196,NE,13,12,
es12-dt39,DRIFT,2.24992,1958.54621,184.1706843,592.1762437,43.18209196,NE,13,12,
es12-mark39.1,MARKER,0,1958.94621,184.2091795,592.1762437,43.58209196,NE,13,12,
es12-q39,QUADRUPOLE,0.8,1959.14621,184.2284257,592.1762437,43.78209196,NE,13,12,
es12-mark39.2,MARKER,0,1959.34621,184.247671,592.1762437,43.98209196,NE,13,12,
es12-dt51,DRIFT,11.5,1970.84621,185.3525227,592.1762437,55.48209196,NE,13,12,
es12-mark51,MARKER,0,1971.24621,185.3908854,592.1762437,55.88209196,NE,13,12,
es12-q51,QUADRUPOLE,0.8,1971.44621,185.4100649,592.1762437,56.08209196,NE,13,12,
es12-dt63,DRIFT,11.5,1983.14621,186.5298114,592.1762437,67.78209196,NE,13,12,
es12-mark64,MARKER,0,1983.54621,186.5680098,592.1762437,68.18209196,NE,13,12,
es12-q64,QUADRUPOLE,0.8,1983.74621,186.5871068,592.1762437,68.38209196,NE,13,12,
es12-dt75,DRIFT,11.5,1995.44621,187.7015889,592.1762437,80.08209196,NE,13,12,
es12-mark76,MARKER,0,1995.84621,187.7395923,592.1762437,80.48209196,NE,13,12,
es12-q76,QUADRUPOLE,0.8,1996.04621,187.7585914,592.1762437,80.68209196,NE,13,12,
es12-dt88,MARKER,0,2007.74621,188.8669214,592.1762437,92.38209196,NE,13,12,
es12-mark88.1,MARKER,0,2007.74621,188.8669214,592.1762437,92.38209196,NE,13,12,
es12-dt88,DRIFT,11.5,2007.74621,188.8669214,592.1762437,92.38209196,NE,13,12,
es12-mark88.1,DRIFT,11.5,2007.74621,188.8669214,592.1762437,92.38209196,NE,13,12,
es12-mark88.2,MARKER,0,2008.14621,188.9046999,592.1762437,92.78209196,NE,13,12,
es12-q88,QUADRUPOLE,0.8,2008.34621,188.9235862,592.1762437,92.98209196,NE,13,12,
es12-dt91,DRIFT,2.45587,2011.00208,189.174197,592.1762437,95.63796196,NE,13,12,
es12-dh94,RBEND,2.726014716,2013.7281,189.4312961,592.1607293,98.36391781,NE,13,12,
es12-dt94,DRIFT,0.2584,2013.9865,189.4556696,592.1577881,98.62230107,NE,13,12,
es12-dh97,RBEND,2.726014716,2016.71251,189.7128306,592.111247,101.3479037,NE,13,12,
es12-dt97,DRIFT,0.535,2017.24751,189.7633028,592.0990687,101.8827651,NE,13,12,
es12-mark98,MARKER,0,2017.64751,189.8010305,592.0899634,102.2826615,NE,13,12,
es12-q98,QUADRUPOLE,0.8,2017.84751,189.8198915,592.0854108,102.4826096,NE,13,12,
es12-dt99,DRIFT,0.535,2018.58251,189.8891897,592.0686798,103.2174192,NE,13,12,
es12-dh101,RBEND,2.726014716,2021.30853,190.1462068,591.991118,105.9423156,NE,13,12,
es12-dt102,DRIFT,0.2584,2021.56693,190.1705723,591.9822959,106.2005649,NE,13,12,
es12-dh104,RBEND,2.726014716,2024.29294,190.4276472,591.8737234,108.9244019,NE,13,12,
es12-dt105,DRIFT,0.535,2024.82794,190.4781023,591.8493731,109.4588475,NE,13,12,
es12-mark105,MARKER,0,2025.22794,190.5158178,591.8311673,109.8584329,NE,13,12,
es12-q105,QUADRUPOLE,0.8,2025.42794,190.534673,591.8220644,110.0582257,NE,13,12,
es12-dt109,DRIFT,3.25906,2028.887,190.8605018,591.6646266,113.513701,NE,13,12,
es12-mark109,MARKER,0,2029.287,190.8981459,591.6464208,113.9132864,NE,13,12,
es12-q109,QUADRUPOLE,0.8,2029.487,190.9169652,591.6373179,114.1130792,NE,13,12,
es12-dt113,DRIFT,3.25906,2032.94606,191.2421624,591.4798802,117.5685545,NE,13,12,
es12-mark113,MARKER,0,2033.34606,191.2797319,591.4616743,117.9681399,NE,13,12,
es12-q114,QUADRUPOLE,0.8,2033.54606,191.2985139,591.4525714,118.1679327,NE,13,12,
es12-dt117,DRIFT,3.25906,2037.00512,191.6230526,591.2951337,121.6234079,NE,13,12,
es12-mark117,MARKER,0,2037.40512,191.6605445,591.2769278,122.0229934,NE,13,12,
es12-q118,QUADRUPOLE,0.8,2037.60512,191.6792875,591.2678249,122.2227862,NE,13,12,
es12-dt121,DRIFT,3.25906,2041.06418,192.003141,591.1103872,125.6782614,NE,13,12,
es12-mark121,MARKER,0,2041.46418,192.0405523,591.0921813,126.0778469,NE,13,12,
es12-q122,QUADRUPOLE,0.8,2041.66418,192.0592549,591.0830784,126.2776396,NE,13,12,
es12-dt122,DRIFT,0.535,2042.39918,192.1279694,591.0496252,127.0118779,NE,13,12,
es12-dh125,RBEND,2.726014716,2045.12519,192.3828234,590.9100561,129.7343027,NE,13,12,
es12-dt125,DRIFT,0.2584,2045.38359,192.4069844,590.8953577,129.9922843,NE,13,12,
es12-dh128,RBEND,2.726014716,2048.10961,192.6619057,590.7248102,132.7129441,NE,13,12,
es12-dt129,DRIFT,0.535,2048.64461,192.7119388,590.6883005,133.2466969,NE,13,12,
es12-mark129,MARKER,0,2049.04461,192.7493379,590.6610035,133.6457644,NE,13,12,
es12-q129,QUADRUPOLE,0.8,2049.24461,192.7680346,590.647355,133.8452981,NE,13,12,
es12-dt130,DRIFT,0.535,2049.97961,192.8367286,590.5971968,134.5785847,NE,13,12,
es12-dh133,RBEND,2.726014716,2052.70562,193.0915067,590.3956928,137.2971269,NE,13,12,
es12-dt133,DRIFT,0.2584,2052.96402,193.1156602,590.3751258,137.5547071,NE,13,12,
es12-dh136,RBEND,2.726014716,2055.69004,193.3705012,590.1426915,140.2707797,NE,13,12,
es12-dt136,DRIFT,0.535,2056.22504,193.4205184,590.0940413,140.8035631,NE,13,12,
es12-mark137,MARKER,0,2056.62504,193.4579061,590.0576674,141.2019059,NE,13,12,
es12-q137,QUADRUPOLE,0.8,2056.82504,193.4765974,590.0394804,141.4010772,NE,13,12,
es12-dt142,DRIFT,5.23352,2062.25856,193.9837041,589.545384,146.8120853,NE,13,12,
es12-mark143,MARKER,0,2062.65856,194.0209822,589.5090101,147.210428,NE,13,12,
es12-q143,QUADRUPOLE,0.8,2062.85856,194.0396184,589.4908231,147.4095994,NE,13,12,
es12-dt148,DRIFT,5.23352,2068.29208,194.5451877,588.9967267,152.8206075,NE,13,12,
es12-sx149.1,SEXTUPOLE,0.24,2068.53208,194.5674857,588.9749023,153.0596131,NE,13,12,
es12-dt149.1,DRIFT,0.104,2068.63608,194.5771472,588.9654451,153.1631822,NE,13,12,
es12-sx149.2,SEXTUPOLE,0.24,2068.87608,194.5994411,588.9436207,153.4021879,NE,13,12,
es12-dt149.2,DRIFT,0.2,2069.07608,194.6180171,588.9254338,153.6013592,NE,13,12,
es12-q149,QUADRUPOLE,0.5,2069.45108,194.6528418,588.8913332,153.9748056,NE,13,12,
es12-dt150,DRIFT,0.064,2069.64008,194.6703908,588.8741465,154.1630225,NE,13,12,
es12-ks150,HKICKER,0.2,2069.84008,194.6889592,588.8559595,154.3621939,NE,13,12,
es12-dt151,DRIFT,1.536680026,2071.37676,194.8315604,588.7162217,155.8925072,NE,13,12,
es12-dh154,RBEND,2.726014716,2074.10277,195.0844776,588.4528872,158.6057582,NE,13,12,
es12-dt154,DRIFT,0.2584,2074.36117,195.1084551,588.4264622,158.8628035,NE,13,12,
es12-dh157,RBEND,2.726014716,2077.08719,195.3614428,588.1322616,161.5728813,NE,13,12,
es12-dt158,DRIFT,1.24,2078.32719,195.476508,587.9914221,162.8048571,NE,13,12,
es12-q159,QUADRUPOLE,0.5,2078.70219,195.5112917,587.9488296,163.1774304,NE,13,12,
es12-dt159,DRIFT,0.064,2078.89119,195.5288201,587.9273629,163.3652073,NE,13,12,
es12-ks159,VKICKER,0.2,2079.09119,195.5473668,587.9046469,163.5639131,NE,13,12,
es12-dt161,DRIFT,1.536680026,2080.62787,195.6898051,587.7301105,165.090649,NE,13,12,
es12-dh163,RBEND,2.726014716,2083.35388,195.9424361,587.4050819,167.7972026,NE,13,12,
es12-dt164,DRIFT,0.2584,2083.61228,195.9663864,587.3728125,168.0535798,NE,13,12,
es12-dh166,RBEND,2.726014716,2086.3383,196.2190848,587.0169981,170.7562585,NE,13,12,
es12-dt167.1,DRIFT,0.5,2086.8383,196.2654375,586.9489148,171.2516015,NE,13,12,
es12-sx167.1,SEXTUPOLE,0.24,2087.0783,196.2876829,586.9162348,171.4893661,NE,13,12,
es12-dt167.2,DRIFT,0.104,2087.1823,196.2973218,586.9020735,171.5923974,NE,13,12,
es12-sx167.2,SEXTUPOLE,0.24,2087.4223,196.3195635,586.8693935,171.830162,NE,13,12,
es12-dt168.1,DRIFT,0.156,2087.5783,196.3340192,586.8481515,171.9847091,NE,13,12,
es12-mark168,MARKER,0,2087.8283,196.3571832,586.8141098,172.2323805,NE,13,12,
es12-q168,QUADRUPOLE,0.5,2087.9533,196.3687641,586.797089,172.3562163,NE,13,12,
es12-dt168.2,DRIFT,0.064,2088.1423,196.3862731,586.7713535,172.5434559,NE,13,12,
es12-ks168,HKICKER,0.2,2088.3423,196.4047994,586.7441202,172.7415931,NE,13,12,
es12-cm169,MULTIPOLE,0,2088.72902,196.4406172,586.6914612,173.1247158,NE,13,12,
es12-dt169,MULTIPOLE,0,2088.72902,196.4406172,586.6914612,173.1247158,NE,13,12,
es12-cm169,DRIFT,0.386724641,2088.72902,196.4406172,586.6914612,173.1247158,NE,13,12,
es12-dt169,DRIFT,0.386724641,2088.72902,196.4406172,586.6914612,173.1247158,NE,13,12,
es12-cm171,MULTIPOLE,0,2091.4551,196.6931076,586.306231,175.8234242,NE,13,12,
es12-dv171,MULTIPOLE,0,2091.4551,196.6931076,586.306231,175.8234242,NE,13,12,
es12-cm171,SBEND,2.726077105,2091.4551,196.6931076,586.306231,175.8234242,NE,13,12,
es12-dv171,SBEND,2.726077105,2091.4551,196.6931076,586.306231,175.8234242,NE,13,12,
es12-cm172,MULTIPOLE,0,2091.7135,196.7170421,586.2683865,176.0790383,NE,13,12,
es12-dt172,MULTIPOLE,0,2091.7135,196.7170421,586.2683865,176.0790383,NE,13,12,
es12-cm172,DRIFT,0.258400373,2091.7135,196.7170421,586.2683865,176.0790383,NE,13,12,
es12-dt172,DRIFT,0.258400373,2091.7135,196.7170421,586.2683865,176.0790383,NE,13,12,
es12-cm173.1,MULTIPOLE,0,2092.6049,196.7996067,586.1363365,176.9606032,NE,13,12,
es12-dv173,MULTIPOLE,0,2092.6049,196.7996067,586.1363365,176.9606032,NE,13,12,
es12-cm173.1,SBEND,0.891400429,2092.6049,196.7996067,586.1363365,176.9606032,NE,13,12,
es12-dv173,SBEND,0.891400429,2092.6049,196.7996067,586.1363365,176.9606032,NE,13,12,
es12-cm173.2,MULTIPOLE,0,2092.8633,196.8235401,586.0976234,177.2160872,NE,13,12,
es12-dt173,MULTIPOLE,0,2092.8633,196.8235401,586.0976234,177.2160872,NE,13,12,
es12-cm173.2,DRIFT,0.258400373,2092.8633,196.8235401,586.0976234,177.2160872,NE,13,12,
es12-dt173,DRIFT,0.258400373,2092.8633,196.8235401,586.0976234,177.2160872,NE,13,12,
es12-cm176,MULTIPOLE,0,2095.58938,197.0760462,585.6752066,179.9092254,NE,13,12,
es12-dv176,MULTIPOLE,0,2095.58938,197.0760462,585.6752066,179.9092254,NE,13,12,
es12-cm176,SBEND,2.726077105,2095.58938,197.0760462,585.6752066,179.9092254,NE,13,12,
es12-dv176,SBEND,2.726077105,2095.58938,197.0760462,585.6752066,179.9092254,NE,13,12,
es12-dt176.1,DRIFT,0.5,2096.08938,197.1223592,585.595163,180.4027768,NE,13,12,
es12-sx176,SEXTUPOLE,0.24,2096.32938,197.1445857,585.5567421,180.6396815,NE,13,12,
es12-dt176.2,DRIFT,0.104,2096.43338,197.1542165,585.540093,180.7423402,NE,13,12,
es12-sx177,SEXTUPOLE,0.24,2096.67338,197.1764396,585.5016721,180.9792449,NE,13,12,
es12-dt177.1,DRIFT,0.156,2096.82938,197.1908834,585.4766985,181.133233,NE,13,12,
es12-q177,QUADRUPOLE,0.5,2097.20438,197.2255997,585.4166658,181.5033965,NE,13,12,
es12-dt177.2,DRIFT,0.064,2097.39338,197.2430945,585.3864093,181.689959,NE,13,12,
es12-ks178,VKICKER,0.2,2097.59338,197.2616059,585.3543919,181.8873796,NE,13,12,
es12-cm178,MULTIPOLE,0,2097.9801,197.2973951,585.2924822,182.2691166,NE,13,12,
es12-dt178,MULTIPOLE,0,2097.9801,197.2973951,585.2924822,182.2691166,NE,13,12,
es12-cm178,DRIFT,0.386724641,2097.9801,197.2973951,585.2924822,182.2691166,NE,13,12,
es12-dt178,DRIFT,0.386724641,2097.9801,197.2973951,585.2924822,182.2691166,NE,13,12,
es12-cm181.1,MULTIPOLE,0,2100.70618,197.5496839,584.8420948,184.9577186,NE,13,12,
es12-dv181,MULTIPOLE,0,2100.70618,197.5496839,584.8420948,184.9577186,NE,13,12,
es12-cm181.1,SBEND,2.726077105,2100.70618,197.5496839,584.8420948,184.9577186,NE,13,12,
es12-dv181,SBEND,2.726077105,2100.70618,197.5496839,584.8420948,184.9577186,NE,13,12,
es12-cm181.2,MULTIPOLE,0,2100.96458,197.5735992,584.7980792,185.2123425,NE,13,12,
es12-dt181,MULTIPOLE,0,2100.96458,197.5735992,584.7980792,185.2123425,NE,13,12,
es12-cm181.2,DRIFT,0.258400373,2100.96458,197.5735992,584.7980792,185.2123425,NE,13,12,
es12-dt181,DRIFT,0.258400373,2100.96458,197.5735992,584.7980792,185.2123425,NE,13,12,
es12-cm182.1,MULTIPOLE,0,2101.85598,197.6560978,584.6447466,186.0904559,NE,13,12,
es12-dv182,MULTIPOLE,0,2101.85598,197.6560978,584.6447466,186.0904559,NE,13,12,
es12-cm182.1,SBEND,0.891400429,2101.85598,197.6560978,584.6447466,186.0904559,NE,13,12,
es12-dv182,SBEND,0.891400429,2101.85598,197.6560978,584.6447466,186.0904559,NE,13,12,
es12-cm182.2,MULTIPOLE,0,2102.11438,197.6800121,584.5998658,186.3449288,NE,13,12,
es12-dt182,MULTIPOLE,0,2102.11438,197.6800121,584.5998658,186.3449288,NE,13,12,
es12-cm182.2,DRIFT,0.258400373,2102.11438,197.6800121,584.5998658,186.3449288,NE,13,12,
es12-dt182,DRIFT,0.258400373,2102.11438,197.6800121,584.5998658,186.3449288,NE,13,12,
es12-cm185,MULTIPOLE,0,2104.84046,197.9323159,584.1124373,189.0270629,NE,13,12,
es12-dv185,MULTIPOLE,0,2104.84046,197.9323159,584.1124373,189.0270629,NE,13,12,
es12-cm185,SBEND,2.726077105,2104.84046,197.9323159,584.1124373,189.0270629,NE,13,12,
es12-dv185,SBEND,2.726077105,2104.84046,197.9323159,584.1124373,189.0270629,NE,13,12,
es12-dt185,DRIFT,0.5,2105.34046,197.9785919,584.0204803,189.518534,NE,13,12,
es12-dt186.1,DRIFT,0.1721,2105.51256,197.9945178,583.9888287,189.6876984,NE,13,12,
es12-sx186,SEXTUPOLE,0.24,2105.75256,198.0167253,583.9446893,189.9236046,NE,13,12,
es12-dt186.2,DRIFT,0.1721,2105.92466,198.0326484,583.9130377,190.0927689,NE,13,12,
es12-dt186.3,DRIFT,0.156,2106.08066,198.047081,583.8843471,190.2461079,NE,13,12,
es12-q186,QUADRUPOLE,0.5,2106.45566,198.0817708,583.8153793,190.6147113,NE,13,12,
es12-dt187.1,DRIFT,0.064,2106.64466,198.0992524,583.7806196,190.8004874,NE,13,12,
es12-ks187,HKICKER,0.2,2106.84466,198.1177499,583.7438367,190.9970759,NE,13,12,
es12-cm187,MULTIPOLE,0,2107.23138,198.1535126,583.6727126,191.3772039,NE,13,12,
es12-dt187.2,MULTIPOLE,0,2107.23138,198.1535126,583.6727126,191.3772039,NE,13,12,
es12-cm187,DRIFT,0.386724641,2107.23138,198.1535126,583.6727126,191.3772039,NE,13,12,
es12-dt187.2,DRIFT,0.386724641,2107.23138,198.1535126,583.6727126,191.3772039,NE,13,12,
es12-cm190.1,MULTIPOLE,0,2109.95746,198.4056144,583.1574314,194.0541265,NE,13,12,
es12-dv190,MULTIPOLE,0,2109.95746,198.4056144,583.1574314,194.0541265,NE,13,12,
es12-cm190.1,SBEND,2.726077105,2109.95746,198.4056144,583.1574314,194.0541265,NE,13,12,
es12-dv190,SBEND,2.726077105,2109.95746,198.4056144,583.1574314,194.0541265,NE,13,12,
es12-cm190.2,MULTIPOLE,0,2110.21586,198.4295119,583.1072704,194.3076115,NE,13,12,
es12-dt190,MULTIPOLE,0,2110.21586,198.4295119,583.1072704,194.3076115,NE,13,12,
es12-cm190.2,DRIFT,0.258400373,2110.21586,198.4295119,583.1072704,194.3076115,NE,13,12,
es12-dt190,DRIFT,0.258400373,2110.21586,198.4295119,583.1072704,194.3076115,NE,13,12,
es12-cm191.1,MULTIPOLE,0,2111.10726,198.5119491,582.932745,195.1817595,NE,13,12,
es12-dv191,MULTIPOLE,0,2111.10726,198.5119491,582.932745,195.1817595,NE,13,12,
es12-cm191.1,SBEND,0.891400429,2111.10726,198.5119491,582.932745,195.1817595,NE,13,12,
es12-dv191,SBEND,0.891400429,2111.10726,198.5119491,582.932745,195.1817595,NE,13,12,
es12-cm191.2,MULTIPOLE,0,2111.36566,198.5358457,582.8817227,195.4350726,NE,13,12,
es12-dt191,MULTIPOLE,0,2111.36566,198.5358457,582.8817227,195.4350726,NE,13,12,
es12-cm191.2,DRIFT,0.258400373,2111.36566,198.5358457,582.8817227,195.4350726,NE,13,12,
es12-dt191,DRIFT,0.258400373,2111.36566,198.5358457,582.8817227,195.4350726,NE,13,12,
es12-cm194,MULTIPOLE,0,2114.09174,198.7879617,582.3295677,198.1046332,NE,13,12,
es12-dv194,MULTIPOLE,0,2114.09174,198.7879617,582.3295677,198.1046332,NE,13,12,
es12-cm194,SBEND,2.726077105,2114.09174,198.7879617,582.3295677,198.1046332,NE,13,12,
es12-dv194,SBEND,2.726077105,2114.09174,198.7879617,582.3295677,198.1046332,NE,13,12,
es12-dt195.1,DRIFT,0.5,2114.59174,198.8342032,582.225751,198.5937366,NE,13,12,
es12-sx195.1,SEXTUPOLE,0.24,2114.83174,198.856396,582.175919,198.8285062,NE,13,12,
es12-dt195.2,DRIFT,0.104,2114.93574,198.8660122,582.1543252,198.9302397,NE,13,12,
es12-sx195.2,SEXTUPOLE,0.24,2115.17574,198.888202,582.1044932,199.1650093,NE,13,12,
es12-dt195.3,DRIFT,0.156,2115.33174,198.9026242,582.0721024,199.3176096,NE,13,12,
es12-q196,QUADRUPOLE,0.5,2115.70674,198.9372895,581.9942399,199.6844371,NE,13,12,
es12-dt196.1,DRIFT,0.064,2115.89574,198.9547588,581.9549972,199.8693182,NE,13,12,
es12-ks196,VKICKER,0.2,2116.09574,198.9732435,581.9134705,200.0649595,NE,13,12,
es12-cm196,MULTIPOLE,0,2116.48246,199.0089817,581.8331736,200.4432562,NE,13,12,
es12-dt196.2,MULTIPOLE,0,2116.48246,199.0089817,581.8331736,200.4432562,NE,13,12,
es12-cm196,DRIFT,0.386724641,2116.48246,199.0089817,581.8331736,200.4432562,NE,13,12,
es12-dt196.2,DRIFT,0.386724641,2116.48246,199.0089817,581.8331736,200.4432562,NE,13,12,
es12-cm199.1,MULTIPOLE,0,2119.20854,199.2609108,581.2533,203.1069333,NE,13,12,
es12-dv199,MULTIPOLE,0,2119.20854,199.2609108,581.2533,203.1069333,NE,13,12,
es12-cm199.1,SBEND,2.726077105,2119.20854,199.2609108,581.2533,203.1069333,NE,13,12,
es12-dv199,SBEND,2.726077105,2119.20854,199.2609108,581.2533,203.1069333,NE,13,12,
es12-cm199.2,MULTIPOLE,0,2119.46694,199.2847918,581.197023,203.359131,NE,13,12,
es12-dt199,MULTIPOLE,0,2119.46694,199.2847918,581.197023,203.359131,NE,13,12,
es12-cm199.2,DRIFT,0.258400373,2119.46694,199.2847918,581.197023,203.359131,NE,13,12,
es12-dt199,DRIFT,0.258400373,2119.46694,199.2847918,581.197023,203.359131,NE,13,12,
es12-cm200,MULTIPOLE,0,2120.35834,199.3671724,581.0014068,204.2288023,NE,13,12,
es12-dv200,MULTIPOLE,0,2120.35834,199.3671724,581.0014068,204.2288023,NE,13,12,
es12-cm200,SBEND,0.891400429,2120.35834,199.3671724,581.0014068,204.2288023,NE,13,12,
es12-dv200,SBEND,0.891400429,2120.35834,199.3671724,581.0014068,204.2288023,NE,13,12,
es12-cm201,MULTIPOLE,0,2120.61674,199.3910526,580.9442729,204.4808073,NE,13,12,
es12-dt201,MULTIPOLE,0,2120.61674,199.3910526,580.9442729,204.4808073,NE,13,12,
es12-cm201,DRIFT,0.258400373,2120.61674,199.3910526,580.9442729,204.4808073,NE,13,12,
es12-dt201,DRIFT,0.258400373,2120.61674,199.3910526,580.9442729,204.4808073,NE,13,12,
es12-cm203,MULTIPOLE,0,2123.34282,199.642995,580.3277144,207.1362328,NE,13,12,
es12-dv203,MULTIPOLE,0,2123.34282,199.642995,580.3277144,207.1362328,NE,13,12,
es12-cm203,SBEND,2.726077105,2123.34282,199.642995,580.3277144,207.1362328,NE,13,12,
es12-dv203,SBEND,2.726077105,2123.34282,199.642995,580.3277144,207.1362328,NE,13,12,
es12-dt204.1,DRIFT,0.5,2123.84282,199.6892048,580.2120988,207.6226823,NE,13,12,
es12-dt204.2,DRIFT,0.1721,2124.01492,199.7051082,580.172304,207.7901182,NE,13,12,
es12-sx204,SEXTUPOLE,0.24,2124.25492,199.7272846,580.1168085,208.0236139,NE,13,12,
es12-dt204.3,DRIFT,0.1721,2124.42702,199.7431857,580.0770136,208.1910498,NE,13,12,
es12-dt205.1,DRIFT,0.156,2124.58302,199.7575985,580.0409416,208.342822,NE,13,12,
es12-q205,QUADRUPOLE,0.5,2124.95802,199.7922411,579.9542299,208.7076591,NE,13,12,
es12-dt205.2,DRIFT,0.064,2125.14702,199.8096992,579.9105272,208.8915369,NE,13,12,
es12-ks205,HKICKER,0.2,2125.34702,199.8281721,579.864281,209.0861167,NE,13,12,
es12-cm206,MULTIPOLE,0,2125.73374,199.8638879,579.7748582,209.4623607,NE,13,12,
es12-dt206,MULTIPOLE,0,2125.73374,199.8638879,579.7748582,209.4623607,NE,13,12,
es12-cm206,DRIFT,0.386724641,2125.73374,199.8638879,579.7748582,209.4623607,NE,13,12,
es12-dt206,DRIFT,0.386724641,2125.73374,199.8638879,579.7748582,209.4623607,NE,13,12,
es12-cm208,MULTIPOLE,0,2128.45982,200.1156582,579.1307315,212.1112341,NE,13,12,
es12-dv208,MULTIPOLE,0,2128.45982,200.1156582,579.1307315,212.1112341,NE,13,12,
es12-cm208,SBEND,2.726077105,2128.45982,200.1156582,579.1307315,212.1112341,NE,13,12,
es12-dv208,SBEND,2.726077105,2128.45982,200.1156582,579.1307315,212.1112341,NE,13,12,
es12-cm209,MULTIPOLE,0,2128.71822,200.1395241,579.0683714,212.3619968,NE,13,12,
es12-dt209,MULTIPOLE,0,2128.71822,200.1395241,579.0683714,212.3619968,NE,13,12,
es12-cm209,DRIFT,0.258400373,2128.71822,200.1395241,579.0683714,212.3619968,NE,13,12,
es12-dt209,DRIFT,0.258400373,2128.71822,200.1395241,579.0683714,212.3619968,NE,13,12,
es12-cm210.1,MULTIPOLE,0,2129.60962,200.2218527,578.8517789,213.2266827,NE,13,12,
es12-dv210,MULTIPOLE,0,2129.60962,200.2218527,578.8517789,213.2266827,NE,13,12,
es12-cm210.1,SBEND,0.891400429,2129.60962,200.2218527,578.8517789,213.2266827,NE,13,12,
es12-dv210,SBEND,0.891400429,2129.60962,200.2218527,578.8517789,213.2266827,NE,13,12,
es12-cm210.2,MULTIPOLE,0,2129.86802,200.2457178,578.7885669,213.4772321,NE,13,12,
es12-dt210,MULTIPOLE,0,2129.86802,200.2457178,578.7885669,213.4772321,NE,13,12,
es12-cm210.2,DRIFT,0.258400373,2129.86802,200.2457178,578.7885669,213.4772321,NE,13,12,
es12-dt210,DRIFT,0.258400373,2129.86802,200.2457178,578.7885669,213.4772321,NE,13,12,
es12-cm213,MULTIPOLE,0,2132.5941,200.4975007,578.1079655,216.1169691,NE,13,12,
es12-dv213,MULTIPOLE,0,2132.5941,200.4975007,578.1079655,216.1169691,NE,13,12,
es12-cm213,SBEND,2.726077105,2132.5941,200.4975007,578.1079655,216.1169691,NE,13,12,
es12-dv213,SBEND,2.726077105,2132.5941,200.4975007,578.1079655,216.1169691,NE,13,12,
es12-dt213.1,DRIFT,0.5,2133.0941,200.5436812,577.9806187,216.60048,NE,13,12,
es12-sx213,SEXTUPOLE,0.24,2133.3341,200.5658451,577.9194922,216.8325652,NE,13,12,
es12-dt213.2,DRIFT,0.104,2133.4381,200.575449,577.8930041,216.9331354,NE,13,12,
es12-sx214,SEXTUPOLE,0.24,2133.6781,200.5976104,577.8318776,217.1652207,NE,13,12,
es12-dt214.1,DRIFT,0.156,2133.8341,200.6120144,577.7921454,217.3160761,NE,13,12,
es12-q214,QUADRUPOLE,0.5,2134.2091,200.6466364,577.6966353,217.6787092,NE,13,12,
es12-dt214.2,DRIFT,0.064,2134.3981,200.6640842,577.6484982,217.8614764,NE,13,12,
es12-ks215,VKICKER,0.2,2134.5981,200.6825464,577.5975594,218.0548807,NE,13,12,
es12-cm215,MULTIPOLE,0,2134.98482,200.7182417,577.4990631,218.4288519,NE,13,12,
es12-dt215,MULTIPOLE,0,2134.98482,200.7182417,577.4990631,218.4288519,NE,13,12,
es12-cm215,DRIFT,0.386724641,2134.98482,200.7182417,577.4990631,218.4288519,NE,13,12,
es12-dt215,DRIFT,0.386724641,2134.98482,200.7182417,577.4990631,218.4288519,NE,13,12,
es12-cm218.1,MULTIPOLE,0,2137.7109,200.9698672,576.7910602,221.0613718,NE,13,12,
es12-dv218,MULTIPOLE,0,2137.7109,200.9698672,576.7910602,221.0613718,NE,13,12,
es12-cm218.1,SBEND,2.726077105,2137.7109,200.9698672,576.7910602,221.0613718,NE,13,12,
es12-dv218,SBEND,2.726077105,2137.7109,200.9698672,576.7910602,221.0613718,NE,13,12,
es12-cm218.2,MULTIPOLE,0,2137.9693,200.9937193,576.7226535,221.310553,NE,13,12,
es12-dt218,MULTIPOLE,0,2137.9693,200.9937193,576.7226535,221.310553,NE,13,12,
es12-cm218.2,DRIFT,0.258400373,2137.9693,200.9937193,576.7226535,221.310553,NE,13,12,
es12-dt218,DRIFT,0.258400373,2137.9693,200.9937193,576.7226535,221.310553,NE,13,12,
es12-cm219.1,MULTIPOLE,0,2138.8607,201.0760004,576.4852114,222.1697475,NE,13,12,
es12-dv219,MULTIPOLE,0,2138.8607,201.0760004,576.4852114,222.1697475,NE,13,12,
es12-cm219.1,SBEND,0.891400429,2138.8607,201.0760004,576.4852114,222.1697475,NE,13,12,
es12-dv219,SBEND,0.891400429,2138.8607,201.0760004,576.4852114,222.1697475,NE,13,12,
es12-cm219.2,MULTIPOLE,0,2139.1191,201.0998519,576.4159581,222.4186948,NE,13,12,
es12-dt219,MULTIPOLE,0,2139.1191,201.0998519,576.4159581,222.4186948,NE,13,12,
es12-cm219.2,DRIFT,0.258400373,2139.1191,201.0998519,576.4159581,222.4186948,NE,13,12,
es12-dt219,DRIFT,0.258400373,2139.1191,201.0998519,576.4159581,222.4186948,NE,13,12,
es12-cm222,MULTIPOLE,0,2141.84518,201.351489,575.6717122,225.0411989,NE,13,12,
es12-dv222,MULTIPOLE,0,2141.84518,201.351489,575.6717122,225.0411989,NE,13,12,
es12-cm222,SBEND,2.726077105,2141.84518,201.351489,575.6717122,225.0411989,NE,13,12,
es12-dv222,SBEND,2.726077105,2141.84518,201.351489,575.6717122,225.0411989,NE,13,12,
es12-dt222,DRIFT,0.5,2142.34518,201.3976428,575.5327086,225.5214883,NE,13,12,
es12-dt223.1,DRIFT,0.1721,2142.51728,201.4135274,575.4848635,225.686804,NE,13,12,
es12-sx223,SEXTUPOLE,0.24,2142.75728,201.4356776,575.4181418,225.9173429,NE,13,12,
es12-dt223.2,DRIFT,0.1721,2142.92938,201.4515602,575.3702968,226.0826586,NE,13,12,
es12-dt223.3,DRIFT,0.156,2143.08538,201.4659563,575.3269276,226.2325089,NE,13,12,
es12-q223,QUADRUPOLE,0.5,2143.46038,201.5005595,575.2226749,226.592726,NE,13,12,
es12-dt224.1,DRIFT,0.064,2143.64938,201.517998,575.1701316,226.7742755,NE,13,12,
es12-ks224,HKICKER,0.2,2143.84938,201.5364504,575.1145301,226.9663913,NE,13,12,
es12-cm224,MULTIPOLE,0,2144.2361,201.5721271,575.0070179,227.3378708,NE,13,12,
es12-dt224.2,MULTIPOLE,0,2144.2361,201.5721271,575.0070179,227.3378708,NE,13,12,
es12-cm224,DRIFT,0.386724641,2144.2361,201.5721271,575.0070179,227.3378708,NE,13,12,
es12-dt224.2,DRIFT,0.386724641,2144.2361,201.5721271,575.0070179,227.3378708,NE,13,12,
es12-cm227.1,MULTIPOLE,0,2146.96218,201.8236217,574.235553,229.9524972,NE,13,12,
es12-dv227,MULTIPOLE,0,2146.96218,201.8236217,574.235553,229.9524972,NE,13,12,
es12-cm227.1,SBEND,2.726077105,2146.96218,201.8236217,574.235553,229.9524972,NE,13,12,
es12-dv227,SBEND,2.726077105,2146.96218,201.8236217,574.235553,229.9524972,NE,13,12,
es12-cm227.2,MULTIPOLE,0,2147.22058,201.8474613,574.1611397,230.1999511,NE,13,12,
es12-dt227,MULTIPOLE,0,2147.22058,201.8474613,574.1611397,230.1999511,NE,13,12,
es12-cm227.2,DRIFT,0.258400373,2147.22058,201.8474613,574.1611397,230.1999511,NE,13,12,
es12-dt227,DRIFT,0.258400373,2147.22058,201.8474613,574.1611397,230.1999511,NE,13,12,
es12-cm228.1,MULTIPOLE,0,2148.11198,201.9296994,573.9029868,231.0531516,NE,13,12,
es12-dv228,MULTIPOLE,0,2148.11198,201.9296994,573.9029868,231.0531516,NE,13,12,
es12-cm228.1,SBEND,0.891400429,2148.11198,201.9296994,573.9029868,231.0531516,NE,13,12,
es12-dv228,SBEND,0.891400429,2148.11198,201.9296994,573.9029868,231.0531516,NE,13,12,
es12-cm228.2,MULTIPOLE,0,2148.37038,201.9535384,573.8277329,231.3003511,NE,13,12,
es12-dt228,MULTIPOLE,0,2148.37038,201.9535384,573.8277329,231.3003511,NE,13,12,
es12-cm228.2,DRIFT,0.258400373,2148.37038,201.9535384,573.8277329,231.3003511,NE,13,12,
es12-dt228,DRIFT,0.258400373,2148.37038,201.9535384,573.8277329,231.3003511,NE,13,12,
es12-cm231,MULTIPOLE,0,2151.09646,202.2050436,573.0202777,233.904088,NE,13,12,
es12-dv231,MULTIPOLE,0,2151.09646,202.2050436,573.0202777,233.904088,NE,13,12,
es12-cm231,SBEND,2.726077105,2151.09646,202.2050436,573.0202777,233.904088,NE,13,12,
es12-dv231,SBEND,2.726077105,2151.09646,202.2050436,573.0202777,233.904088,NE,13,12,
es12-dt232.1,DRIFT,0.5,2151.59646,202.2511732,572.8696987,234.3808751,NE,13,12,
es12-sx232.1,SEXTUPOLE,0.24,2151.83646,202.2733132,572.7974208,234.6097329,NE,13,12,
es12-dt232.2,DRIFT,0.104,2151.94046,202.2829068,572.7661003,234.7089046,NE,13,12,
es12-sx232.2,SEXTUPOLE,0.24,2152.18046,202.3050448,572.6938224,234.9377624,NE,13,12,
es12-dt232.3,DRIFT,0.156,2152.33646,202.3194337,572.6468417,235.08652,NE,13,12,
es12-q233,QUADRUPOLE,0.5,2152.71146,202.35402,572.5339074,235.4441103,NE,13,12,
es12-dt233.1,DRIFT,0.064,2152.90046,202.3714501,572.4769885,235.6243359,NE,13,12,
es12-ks233,VKICKER,0.2,2153.10046,202.3898938,572.4167569,235.8150507,NE,13,12,
es12-cm233,MULTIPOLE,0,2153.48718,202.4255539,572.3002917,236.1838214,NE,13,12,
es12-dt233.2,MULTIPOLE,0,2153.48718,202.4255539,572.3002917,236.1838214,NE,13,12,
es12-cm233,DRIFT,0.386724641,2153.48718,202.4255539,572.3002917,236.1838214,NE,13,12,
es12-dt233.2,DRIFT,0.386724641,2153.48718,202.4255539,572.3002917,236.1838214,NE,13,12,
es12-cm236.1,MULTIPOLE,0,2156.21326,202.6769311,571.465816,238.7790246,NE,13,12,
es12-dv236,MULTIPOLE,0,2156.21326,202.6769311,571.465816,238.7790246,NE,13,12,
es12-cm236.1,SBEND,2.726077105,2156.21326,202.6769311,571.465816,238.7790246,NE,13,12,
es12-dv236,SBEND,2.726077105,2156.21326,202.6769311,571.465816,238.7790246,NE,13,12,
es12-cm236.2,MULTIPOLE,0,2156.47166,202.7007595,571.3854397,239.0246064,NE,13,12,
es12-dt236,MULTIPOLE,0,2156.47166,202.7007595,571.3854397,239.0246064,NE,13,12,
es12-cm236.2,DRIFT,0.258400373,2156.47166,202.7007595,571.3854397,239.0246064,NE,13,12,
es12-dt236,DRIFT,0.258400373,2156.47166,202.7007595,571.3854397,239.0246064,NE,13,12,
es12-cm237,MULTIPOLE,0,2157.36306,202.7829591,571.1067271,239.8713137,NE,13,12,
es12-dv237,MULTIPOLE,0,2157.36306,202.7829591,571.1067271,239.8713137,NE,13,12,
es12-cm237,SBEND,0.891400429,2157.36306,202.7829591,571.1067271,239.8713137,NE,13,12,
es12-dv237,SBEND,0.891400429,2157.36306,202.7829591,571.1067271,239.8713137,NE,13,12,
es12-cm238,MULTIPOLE,0,2157.62146,202.8067869,571.0255165,240.1166208,NE,13,12,
es12-dt238,MULTIPOLE,0,2157.62146,202.8067869,571.0255165,240.1166208,NE,13,12,
es12-cm238,DRIFT,0.258400373,2157.62146,202.8067869,571.0255165,240.1166208,NE,13,12,
es12-dt238,DRIFT,0.258400373,2157.62146,202.8067869,571.0255165,240.1166208,NE,13,12,
es12-cm240,MULTIPOLE,0,2160.34754,203.0581737,570.1553246,242.7000672,NE,13,12,
es12-dv240,MULTIPOLE,0,2160.34754,203.0581737,570.1553246,242.7000672,NE,13,12,
es12-cm240,SBEND,2.726077105,2160.34754,203.0581737,570.1553246,242.7000672,NE,13,12,
es12-dv240,SBEND,2.726077105,2160.34754,203.0581737,570.1553246,242.7000672,NE,13,12,
es12-dt241.1,DRIFT,0.5,2160.84754,203.1042816,569.9932582,243.173073,NE,13,12,
es12-dt241.2,DRIFT,0.1721,2161.01964,203.1201507,569.9374749,243.3358816,NE,13,12,
es12-sx241,SEXTUPOLE,0.24,2161.25964,203.1422796,569.8596831,243.5629244,NE,13,12,
es12-dt241.3,DRIFT,0.1721,2161.43174,203.1581471,569.8038998,243.725733,NE,13,12,
es12-dt242.1,DRIFT,0.156,2161.58774,203.1725297,569.7533351,243.8733108,NE,13,12,
es12-q242,QUADRUPOLE,0.5,2161.96274,203.2071009,569.6317853,244.2280652,NE,13,12,
es12-dt242.2,DRIFT,0.064,2162.15174,203.2245236,569.5705242,244.4068614,NE,13,12,
es12-ks242,HKICKER,0.2,2162.35174,203.2429595,569.5056976,244.5960637,NE,13,12,
es12-cm243,MULTIPOLE,0,2162.73846,203.278605,569.3803475,244.9619097,NE,13,12,
es12-dt243,MULTIPOLE,0,2162.73846,203.278605,569.3803475,244.9619097,NE,13,12,
es12-cm243,DRIFT,0.386724641,2162.73846,203.278605,569.3803475,244.9619097,NE,13,12,
es12-dt243,DRIFT,0.386724641,2162.73846,203.278605,569.3803475,244.9619097,NE,13,12,
es12-cm245,MULTIPOLE,0,2165.46454,203.5298782,568.4833493,247.5361715,NE,13,12,
es12-dv245,MULTIPOLE,0,2165.46454,203.5298782,568.4833493,247.5361715,NE,13,12,
es12-cm245,SBEND,2.726077105,2165.46454,203.5298782,568.4833493,247.5361715,NE,13,12,
es12-dv245,SBEND,2.726077105,2165.46454,203.5298782,568.4833493,247.5361715,NE,13,12,
es12-cm246,MULTIPOLE,0,2165.72294,203.5536967,568.3970569,247.7797374,NE,13,12,
es12-dt246,MULTIPOLE,0,2165.72294,203.5536967,568.3970569,247.7797374,NE,13,12,
es12-cm246,DRIFT,0.258400373,2165.72294,203.5536967,568.3970569,247.7797374,NE,13,12,
es12-dt246,DRIFT,0.258400373,2165.72294,203.5536967,568.3970569,247.7797374,NE,13,12,
es12-cm247.1,MULTIPOLE,0,2166.61434,203.6358621,568.0979478,248.6194562,NE,13,12,
es12-dv247,MULTIPOLE,0,2166.61434,203.6358621,568.0979478,248.6194562,NE,13,12,
es12-cm247.1,SBEND,0.891400429,2166.61434,203.6358621,568.0979478,248.6194562,NE,13,12,
es12-dv247,SBEND,0.891400429,2166.61434,203.6358621,568.0979478,248.6194562,NE,13,12,
es12-cm247.2,MULTIPOLE,0,2166.87274,203.6596801,568.010828,248.8627275,NE,13,12,
es12-dt247,MULTIPOLE,0,2166.87274,203.6596801,568.010828,248.8627275,NE,13,12,
es12-cm247.2,DRIFT,0.258400373,2166.87274,203.6596801,568.010828,248.8627275,NE,13,12,
es12-dt247,DRIFT,0.258400373,2166.87274,203.6596801,568.010828,248.8627275,NE,13,12,
es12-cm250,MULTIPOLE,0,2169.59882,203.910962,567.0784083,251.4243721,NE,13,12,
es12-dv250,MULTIPOLE,0,2169.59882,203.910962,567.0784083,251.4243721,NE,13,12,
es12-cm250,SBEND,2.726077105,2169.59882,203.910962,567.0784083,251.4243721,NE,13,12,
es12-dv250,SBEND,2.726077105,2169.59882,203.910962,567.0784083,251.4243721,NE,13,12,
es12-dt250.1,DRIFT,0.5,2170.09882,203.9570506,566.9049494,251.8933198,NE,13,12,
es12-sx250,SEXTUPOLE,0.24,2170.33882,203.9791715,566.8216891,252.1184147,NE,13,12,
es12-dt250.2,DRIFT,0.104,2170.44282,203.9887568,566.7856097,252.2159559,NE,13,12,
es12-sx251,SEXTUPOLE,0.24,2170.68282,204.0108761,566.7023494,252.4410508,NE,13,12,
es12-dt251.1,DRIFT,0.156,2170.83882,204.0252531,566.6482302,252.5873625,NE,13,12,
es12-q251,QUADRUPOLE,0.5,2171.21382,204.0598111,566.518136,252.9390733,NE,13,12,
es12-dt251.2,DRIFT,0.064,2171.40282,204.0772273,566.4525685,253.1163356,NE,13,12,
es12-ks252,VKICKER,0.2,2171.60282,204.0956564,566.3831849,253.3039147,NE,13,12,
es12-cm252,MULTIPOLE,0,2171.98954,204.1312891,566.2490233,253.666622,NE,13,12,
es12-dt252,MULTIPOLE,0,2171.98954,204.1312891,566.2490233,253.666622,NE,13,12,
es12-cm252,DRIFT,0.386724641,2171.98954,204.1312891,566.2490233,253.666622,NE,13,12,
es12-dt252,DRIFT,0.386724641,2171.98954,204.1312891,566.2490233,253.666622,NE,13,12,
es12-cm255.1,MULTIPOLE,0,2174.71562,204.3824718,565.2900273,256.2184363,NE,13,12,
es12-dv255,MULTIPOLE,0,2174.71562,204.3824718,565.2900273,256.2184363,NE,13,12,
es12-cm255.1,SBEND,2.726077105,2174.71562,204.3824718,565.2900273,256.2184363,NE,13,12,
es12-dv255,SBEND,2.726077105,2174.71562,204.3824718,565.2900273,256.2184363,NE,13,12,
es12-cm255.2,MULTIPOLE,0,2174.97402,204.4062816,565.1978694,256.459844,NE,13,12,
es12-dt255,MULTIPOLE,0,2174.97402,204.4062816,565.1978694,256.459844,NE,13,12,
es12-cm255.2,DRIFT,0.258400373,2174.97402,204.4062816,565.1978694,256.459844,NE,13,12,
es12-dt255,DRIFT,0.258400373,2174.97402,204.4062816,565.1978694,256.459844,NE,13,12,
es12-cm256.1,MULTIPOLE,0,2175.86542,204.4884172,564.8785386,257.292083,NE,13,12,
es12-dv256,MULTIPOLE,0,2175.86542,204.4884172,564.8785386,257.292083,NE,13,12,
es12-cm256.1,SBEND,0.891400429,2175.86542,204.4884172,564.8785386,257.292083,NE,13,12,
es12-dv256,SBEND,0.891400429,2175.86542,204.4884172,564.8785386,257.292083,NE,13,12,
es12-cm256.2,MULTIPOLE,0,2176.12382,204.5122266,564.7855606,257.533176,NE,13,12,
es12-dt256,MULTIPOLE,0,2176.12382,204.5122266,564.7855606,257.533176,NE,13,12,
es12-cm256.2,DRIFT,0.258400373,2176.12382,204.5122266,564.7855606,257.533176,NE,13,12,
es12-dt256,DRIFT,0.258400373,2176.12382,204.5122266,564.7855606,257.533176,NE,13,12,
es12-cm259,MULTIPOLE,0,2178.8499,204.7634169,563.7914587,260.0715202,NE,13,12,
es12-dv259,MULTIPOLE,0,2178.8499,204.7634169,563.7914587,260.0715202,NE,13,12,
es12-cm259,SBEND,2.726077105,2178.8499,204.7634169,563.7914587,260.0715202,NE,13,12,
es12-dv259,SBEND,2.726077105,2178.8499,204.7634169,563.7914587,260.0715202,NE,13,12,
es12-dt259,DRIFT,0.5,2179.3499,204.8094887,563.6067087,260.5361355,NE,13,12,
es12-dt260.1,DRIFT,0.1721,2179.522,204.8253457,563.5431178,260.6960561,NE,13,12,
es12-sx260,SEXTUPOLE,0.24,2179.762,204.8474581,563.4544378,260.9190715,NE,13,12,
es12-dt260.2,DRIFT,0.1721,2179.9341,204.8633139,563.3908469,261.0789921,NE,13,12,
es12-dt260.3,DRIFT,0.156,2180.0901,204.877686,563.3332049,261.2239521,NE,13,12,
es12-q260,QUADRUPOLE,0.5,2180.4651,204.9122326,563.1946424,261.5724136,NE,13,12,
es12-dt261.1,DRIFT,0.064,2180.6541,204.9296433,563.1248069,261.7480383,NE,13,12,
es12-ks261,HKICKER,0.2,2180.8541,204.9480666,563.0509069,261.9338844,NE,13,12,
es12-cm261,MULTIPOLE,0,2181.24082,204.9836883,562.9080121,262.2932408,NE,13,12,
es12-dt261.2,MULTIPOLE,0,2181.24082,204.9836883,562.9080121,262.2932408,NE,13,12,
es12-cm261,DRIFT,0.386724641,2181.24082,204.9836883,562.9080121,262.2932408,NE,13,12,
es12-dt261.2,DRIFT,0.386724641,2181.24082,204.9836883,562.9080121,262.2932408,NE,13,12,
es12-cm264.1,MULTIPOLE,0,2183.9669,205.2347938,561.8875795,264.8211148,NE,13,12,
es12-dv264,MULTIPOLE,0,2183.9669,205.2347938,561.8875795,264.8211148,NE,13,12,
es12-cm264.1,SBEND,2.726077105,2183.9669,205.2347938,561.8875795,264.8211148,NE,13,12,
es12-dv264,SBEND,2.726077105,2183.9669,205.2347938,561.8875795,264.8211148,NE,13,12,
es12-cm264.2,MULTIPOLE,0,2184.2253,205.2585962,561.7896099,265.0602229,NE,13,12,
es12-dt264,MULTIPOLE,0,2184.2253,205.2585962,561.7896099,265.0602229,NE,13,12,
es12-cm264.2,DRIFT,0.258400373,2184.2253,205.2585962,561.7896099,265.0602229,NE,13,12,
es12-dt264,DRIFT,0.258400373,2184.2253,205.2585962,561.7896099,265.0602229,NE,13,12,
es12-cm265.1,MULTIPOLE,0,2185.1167,205.3407064,561.4502443,265.8844953,NE,13,12,
es12-dv265,MULTIPOLE,0,2185.1167,205.3407064,561.4502443,265.8844953,NE,13,12,
es12-cm265.1,SBEND,0.891400429,2185.1167,205.3407064,561.4502443,265.8844953,NE,13,12,
es12-dv265,SBEND,0.891400429,2185.1167,205.3407064,561.4502443,265.8844953,NE,13,12,
es12-cm265.2,MULTIPOLE,0,2185.3751,205.3645084,561.3514626,266.1232691,NE,13,12,
es12-dt265,MULTIPOLE,0,2185.3751,205.3645084,561.3514626,266.1232691,NE,13,12,
es12-cm265.2,DRIFT,0.258400373,2185.3751,205.3645084,561.3514626,266.1232691,NE,13,12,
es12-dt265,DRIFT,0.258400373,2185.3751,205.3645084,561.3514626,266.1232691,NE,13,12,
es12-cm268,MULTIPOLE,0,2188.10118,205.6156202,560.29626,268.6368277,NE,13,12,
es12-dv268,MULTIPOLE,0,2188.10118,205.6156202,560.29626,268.6368277,NE,13,12,
es12-cm268,SBEND,2.726077105,2188.10118,205.6156202,560.29626,268.6368277,NE,13,12,
es12-dv268,SBEND,2.726077105,2188.10118,205.6156202,560.29626,268.6368277,NE,13,12,
es12-dt269.1,DRIFT,0.5,2188.60118,205.6616777,560.100327,269.0968389,NE,13,12,
es12-sx269.1,SEXTUPOLE,0.24,2188.84118,205.6837841,560.0062792,269.3176443,NE,13,12,
es12-dt269.2,DRIFT,0.104,2188.94518,205.6933633,559.9655252,269.4133266,NE,13,12,
es12-sx269.2,SEXTUPOLE,0.24,2189.18518,205.7154685,559.8714773,269.6341319,NE,13,12,
es12-dt269.3,DRIFT,0.156,2189.34118,205.7298365,559.8103463,269.7776554,NE,13,12,
es12-q270,QUADRUPOLE,0.5,2189.71618,205.7643736,559.6633965,270.1226638,NE,13,12,
es12-dt270.1,DRIFT,0.064,2189.90518,205.7817796,559.5893339,270.296548,NE,13,12,
es12-ks270,VKICKER,0.2,2190.10518,205.8001981,559.5109607,270.4805525,NE,13,12,
es12-cm270,MULTIPOLE,0,2190.4919,205.8358108,559.3594165,270.8363478,NE,13,12,
es12-dt270.2,MULTIPOLE,0,2190.4919,205.8358108,559.3594165,270.8363478,NE,13,12,
es12-cm270,DRIFT,0.386724641,2190.4919,205.8358108,559.3594165,270.8363478,NE,13,12,
es12-dt270.2,DRIFT,0.386724641,2190.4919,205.8358108,559.3594165,270.8363478,NE,13,12,
es12-cm273.1,MULTIPOLE,0,2193.21798,206.0868521,558.2781441,273.3388025,NE,13,12,
es12-dv273,MULTIPOLE,0,2193.21798,206.0868521,558.2781441,273.3388025,NE,13,12,
es12-cm273.1,SBEND,2.726077105,2193.21798,206.0868521,558.2781441,273.3388025,NE,13,12,
es12-dv273,SBEND,2.726077105,2193.21798,206.0868521,558.2781441,273.3388025,NE,13,12,
es12-cm273.2,MULTIPOLE,0,2193.47638,206.1106484,558.1744202,273.5754713,NE,13,12,
es12-dt273,MULTIPOLE,0,2193.47638,206.1106484,558.1744202,273.5754713,NE,13,12,
es12-cm273.2,DRIFT,0.258400373,2193.47638,206.1106484,558.1744202,273.5754713,NE,13,12,
es12-dt273,DRIFT,0.258400373,2193.47638,206.1106484,558.1744202,273.5754713,NE,13,12,
es12-cm274,MULTIPOLE,0,2194.36778,206.1927374,557.8152183,274.3912948,NE,13,12,
es12-dv274,MULTIPOLE,0,2194.36778,206.1927374,557.8152183,274.3912948,NE,13,12,
es12-cm274,SBEND,0.891400429,2194.36778,206.1927374,557.8152183,274.3912948,NE,13,12,
es12-dv274,SBEND,0.891400429,2194.36778,206.1927374,557.8152183,274.3912948,NE,13,12,
es12-cm275,MULTIPOLE,0,2194.62618,206.2165334,557.7106906,274.6276096,NE,13,12,
es12-dt275,MULTIPOLE,0,2194.62618,206.2165334,557.7106906,274.6276096,NE,13,12,
es12-cm275,DRIFT,0.258400373,2194.62618,206.2165334,557.7106906,274.6276096,NE,13,12,
es12-dt275,DRIFT,0.258400373,2194.62618,206.2165334,557.7106906,274.6276096,NE,13,12,
es12-cm277,MULTIPOLE,0,2197.35226,206.46758,556.5950047,277.1149122,NE,13,12,
es12-dv277,MULTIPOLE,0,2197.35226,206.46758,556.5950047,277.1149122,NE,13,12,
es12-cm277,SBEND,2.726077105,2197.35226,206.46758,556.5950047,277.1149122,NE,13,12,
es12-dv277,SBEND,2.726077105,2197.35226,206.46758,556.5950047,277.1149122,NE,13,12,
es12-dt278.1,DRIFT,0.5,2197.85226,206.5136254,556.3880034,277.5700501,NE,13,12,
es12-dt278.2,DRIFT,0.1721,2198.02436,206.5294737,556.3167535,277.7267085,NE,13,12,
es12-sx278,SEXTUPOLE,0.24,2198.26436,206.5515741,556.2173929,277.9451747,NE,13,12,
es12-dt278.3,DRIFT,0.1721,2198.43646,206.5674216,556.1461431,278.1018332,NE,13,12,
es12-dt279.1,DRIFT,0.156,2198.59246,206.5817863,556.0815587,278.2438362,NE,13,12,
es12-q279,QUADRUPOLE,0.5,2198.96746,206.6163156,555.9263077,278.5851895,NE,13,12,
es12-dt279.2,DRIFT,0.064,2199.15646,206.6337178,555.8480612,278.7572317,NE,13,12,
es12-ks279,HKICKER,0.2,2199.35646,206.6521324,555.7652607,278.9392868,NE,13,12,
es12-cm280,MULTIPOLE,0,2199.74318,206.687738,555.6051557,279.2913128,NE,13,12,
es12-dt280,MULTIPOLE,0,2199.74318,206.687738,555.6051557,279.2913128,NE,13,12,
es12-cm280,DRIFT,0.386724641,2199.74318,206.687738,555.6051557,279.2913128,NE,13,12,
es12-dt280,DRIFT,0.386724641,2199.74318,206.687738,555.6051557,279.2913128,NE,13,12,
es12-cm282,MULTIPOLE,0,2202.46926,206.9387283,554.4636761,281.7668843,NE,13,12,
es12-dv282,MULTIPOLE,0,2202.46926,206.9387283,554.4636761,281.7668843,NE,13,12,
es12-cm282,SBEND,2.726077105,2202.46926,206.9387283,554.4636761,281.7668843,NE,13,12,
es12-dv282,SBEND,2.726077105,2202.46926,206.9387283,554.4636761,281.7668843,NE,13,12,
es12-cm283,MULTIPOLE,0,2202.72766,206.9625196,554.3542586,282.0009752,NE,13,12,
es12-dt283,MULTIPOLE,0,2202.72766,206.9625196,554.3542586,282.0009752,NE,13,12,
es12-cm283,DRIFT,0.258400373,2202.72766,206.9625196,554.3542586,282.0009752,NE,13,12,
es12-dt283,DRIFT,0.258400373,2202.72766,206.9625196,554.3542586,282.0009752,NE,13,12,
es12-cm284.1,MULTIPOLE,0,2203.61906,207.0445918,553.9754306,282.8078725,NE,13,12,
es12-dv284,MULTIPOLE,0,2203.61906,207.0445918,553.9754306,282.8078725,NE,13,12,
es12-cm284.1,SBEND,0.891400429,2203.61906,207.0445918,553.9754306,282.8078725,NE,13,12,
es12-dv284,SBEND,0.891400429,2203.61906,207.0445918,553.9754306,282.8078725,NE,13,12,
es12-cm284.2,MULTIPOLE,0,2203.87746,207.0683829,553.865218,283.0415902,NE,13,12,
es12-dt284,MULTIPOLE,0,2203.87746,207.0683829,553.865218,283.0415902,NE,13,12,
es12-cm284.2,DRIFT,0.258400373,2203.87746,207.0683829,553.865218,283.0415902,NE,13,12,
es12-dt284,DRIFT,0.258400373,2203.87746,207.0683829,553.865218,283.0415902,NE,13,12,
es12-cm287,MULTIPOLE,0,2206.60354,207.3193773,552.6897015,285.5011817,NE,13,12,
es12-dv287,MULTIPOLE,0,2206.60354,207.3193773,552.6897015,285.5011817,NE,13,12,
es12-cm287,SBEND,2.726077105,2206.60354,207.3193773,552.6897015,285.5011817,NE,13,12,
es12-dv287,SBEND,2.726077105,2206.60354,207.3193773,552.6897015,285.5011817,NE,13,12,
es12-dt287.1,DRIFT,0.5,2207.10354,207.3654133,552.4717529,285.9511799,NE,13,12,
es12-sx287,SEXTUPOLE,0.24,2207.34354,207.3875098,552.3671376,286.1671791,NE,13,12,
es12-dt287.2,DRIFT,0.104,2207.44754,207.3970848,552.3218043,286.2607787,NE,13,12,
es12-sx288,SEXTUPOLE,0.24,2207.68754,207.4191807,552.217189,286.4767779,NE,13,12,
es12-dt288.1,DRIFT,0.156,2207.84354,207.4335428,552.1491891,286.6171773,NE,13,12,
es12-q288,QUADRUPOLE,0.5,2208.21854,207.4680662,551.9857277,286.954676,NE,13,12,
es12-dt288.2,DRIFT,0.064,2208.40754,207.4854655,551.9033431,287.1247754,NE,13,12,
es12-ks289,VKICKER,0.2,2208.60754,207.5038772,551.8161637,287.3047747,NE,13,12,
es12-cm289,MULTIPOLE,0,2208.99426,207.5394774,551.6475915,287.6528255,NE,13,12,
es12-dt289,MULTIPOLE,0,2208.99426,207.5394774,551.6475915,287.6528255,NE,13,12,
es12-cm289,DRIFT,0.386724641,2208.99426,207.5394774,551.6475915,287.6528255,NE,13,12,
es12-dt289,DRIFT,0.386724641,2208.99426,207.5394774,551.6475915,287.6528255,NE,13,12,
es12-cm292.1,MULTIPOLE,0,2211.72034,207.7904298,550.4465727,290.1000654,NE,13,12,
es12-dv292,MULTIPOLE,0,2211.72034,207.7904298,550.4465727,290.1000654,NE,13,12,
es12-cm292.1,SBEND,2.726077105,2211.72034,207.7904298,550.4465727,290.1000654,NE,13,12,
es12-dv292,SBEND,2.726077105,2211.72034,207.7904298,550.4465727,290.1000654,NE,13,12,
es12-cm292.2,MULTIPOLE,0,2211.97874,207.8142175,550.3315255,290.3314415,NE,13,12,
es12-dt292,MULTIPOLE,0,2211.97874,207.8142175,550.3315255,290.3314415,NE,13,12,
es12-cm292.2,DRIFT,0.258400373,2211.97874,207.8142175,550.3315255,290.3314415,NE,13,12,
es12-dt292,DRIFT,0.258400373,2211.97874,207.8142175,550.3315255,290.3314415,NE,13,12,
es12-cm293.1,MULTIPOLE,0,2212.87014,207.896277,549.933293,291.1289406,NE,13,12,
es12-dv293,MULTIPOLE,0,2212.87014,207.896277,549.933293,291.1289406,NE,13,12,
es12-cm293.1,SBEND,0.891400429,2212.87014,207.896277,549.933293,291.1289406,NE,13,12,
es12-dv293,SBEND,0.891400429,2212.87014,207.896277,549.933293,291.1289406,NE,13,12,
es12-cm293.2,MULTIPOLE,0,2213.12854,207.9200645,549.81746,291.3599243,NE,13,12,
es12-dt293,MULTIPOLE,0,2213.12854,207.9200645,549.81746,291.3599243,NE,13,12,
es12-cm293.2,DRIFT,0.258400373,2213.12854,207.9200645,549.81746,291.3599243,NE,13,12,
es12-dt293,DRIFT,0.258400373,2213.12854,207.9200645,549.81746,291.3599243,NE,13,12,
es12-cm296,MULTIPOLE,0,2215.85462,208.1710198,548.5828006,293.7903658,NE,13,12,
es12-dv296,MULTIPOLE,0,2215.85462,208.1710198,548.5828006,293.7903658,NE,13,12,
es12-cm296,SBEND,2.726077105,2215.85462,208.1710198,548.5828006,293.7903658,NE,13,12,
es12-dv296,SBEND,2.726077105,2215.85462,208.1710198,548.5828006,293.7903658,NE,13,12,
es12-dt296,DRIFT,0.5,2216.35462,208.2170486,548.3540323,294.2349612,NE,13,12,
es12-dt297.1,DRIFT,0.1721,2216.52672,208.2328913,548.2752902,294.3879909,NE,13,12,
es12-sx297,SEXTUPOLE,0.24,2216.76672,208.2549845,548.1654815,294.6013967,NE,13,12,
es12-dt297.2,DRIFT,0.1721,2216.93882,208.2708269,548.0867394,294.7544264,NE,13,12,
es12-dt297.3,DRIFT,0.156,2217.09482,208.2851871,548.0153637,294.8931402,NE,13,12,
es12-q297,QUADRUPOLE,0.5,2217.46982,208.3197063,547.8437875,295.2265867,NE,13,12,
es12-dt298.1,DRIFT,0.064,2217.65882,208.3371037,547.7573131,295.3946438,NE,13,12,
es12-ks298,HKICKER,0.2,2217.85882,208.3555135,547.6658058,295.572482,NE,13,12,
es12-cm298,MULTIPOLE,0,2218.24554,208.3911102,547.4888651,295.916354,NE,13,12,
es12-dt298.2,MULTIPOLE,0,2218.24554,208.3911102,547.4888651,295.916354,NE,13,12,
es12-cm298,DRIFT,0.386724641,2218.24554,208.3911102,547.4888651,295.916354,NE,13,12,
es12-dt298.2,DRIFT,0.386724641,2218.24554,208.3911102,547.4888651,295.916354,NE,13,12,
es12-cm301.1,MULTIPOLE,0,2220.97162,208.6420377,546.2290095,298.3338306,NE,13,12,
es12-dv301,MULTIPOLE,0,2220.97162,208.6420377,546.2290095,298.3338306,NE,13,12,
es12-cm301.1,SBEND,2.726077105,2220.97162,208.6420377,546.2290095,298.3338306,NE,13,12,
es12-dv301,SBEND,2.726077105,2220.97162,208.6420377,546.2290095,298.3338306,NE,13,12,
es12-cm301.2,MULTIPOLE,0,2221.23002,208.6658228,546.1084,298.5623565,NE,13,12,
es12-dt301,MULTIPOLE,0,2221.23002,208.6658228,546.1084,298.5623565,NE,13,12,
es12-cm301.2,DRIFT,0.258400373,2221.23002,208.6658228,546.1084,298.5623565,NE,13,12,
es12-dt301,DRIFT,0.258400373,2221.23002,208.6658228,546.1084,298.5623565,NE,13,12,
es12-cm302.1,MULTIPOLE,0,2222.12142,208.7478741,545.690996,299.3499909,NE,13,12,
es12-dv302,MULTIPOLE,0,2222.12142,208.7478741,545.690996,299.3499909,NE,13,12,
es12-cm302.1,SBEND,0.891400429,2222.12142,208.7478741,545.690996,299.3499909,NE,13,12,
es12-dv302,SBEND,0.891400429,2222.12142,208.7478741,545.690996,299.3499909,NE,13,12,
es12-cm302.2,MULTIPOLE,0,2222.37982,208.7716591,545.5696104,299.5781055,NE,13,12,
es12-dt302,MULTIPOLE,0,2222.37982,208.7716591,545.5696104,299.5781055,NE,13,12,
es12-cm302.2,DRIFT,0.258400373,2222.37982,208.7716591,545.5696104,299.5781055,NE,13,12,
es12-dt302,DRIFT,0.258400373,2222.37982,208.7716591,545.5696104,299.5781055,NE,13,12,
es12-cm305,MULTIPOLE,0,2225.1059,209.0225883,544.2765304,301.977975,NE,13,12,
es12-dv305,MULTIPOLE,0,2225.1059,209.0225883,544.2765304,301.977975,NE,13,12,
es12-cm305,SBEND,2.726077105,2225.1059,209.0225883,544.2765304,301.977975,NE,13,12,
es12-dv305,SBEND,2.726077105,2225.1059,209.0225883,544.2765304,301.977975,NE,13,12,
es12-dt306.1,DRIFT,0.5,2225.6059,209.0686123,544.0370762,302.4169074,NE,13,12,
es12-sx306.1,SEXTUPOLE,0.24,2225.8459,209.0907036,543.9221382,302.627595,NE,13,12,
es12-dt306.2,DRIFT,0.104,2225.9499,209.1002764,543.8723317,302.718893,NE,13,12,
es12-sx306.2,SEXTUPOLE,0.24,2226.1899,209.1223675,543.7573937,302.9295805,NE,13,12,
es12-dt306.3,DRIFT,0.156,2226.3459,209.1367266,543.682684,303.0665275,NE,13,12,
es12-q307,QUADRUPOLE,0.5,2226.7209,209.1712434,543.5030934,303.3957268,NE,13,12,
es12-dt307.1,DRIFT,0.064,2226.9099,209.1886398,543.4125797,303.5616433,NE,13,12,
es12-ks307,VKICKER,0.2,2227.1099,209.2070485,543.316798,303.7372162,NE,13,12,
es12-cm307,MULTIPOLE,0,2227.49662,209.2426436,543.1315923,304.0767082,NE,13,12,
es12-dt307.2,MULTIPOLE,0,2227.49662,209.2426436,543.1315923,304.0767082,NE,13,12,
es12-cm307,DRIFT,0.386724641,2227.49662,209.2426436,543.1315923,304.0767082,NE,13,12,
es12-dt307.2,DRIFT,0.386724641,2227.49662,209.2426436,543.1315923,304.0767082,NE,13,12,
es12-cm310.1,MULTIPOLE,0,2230.2227,209.4935591,541.8136371,306.4630073,NE,13,12,
es12-dv310,MULTIPOLE,0,2230.2227,209.4935591,541.8136371,306.4630073,NE,13,12,
es12-cm310.1,SBEND,2.726077105,2230.2227,209.4935591,541.8136371,306.4630073,NE,13,12,
es12-dv310,SBEND,2.726077105,2230.2227,209.4935591,541.8136371,306.4630073,NE,13,12,
es12-cm310.2,MULTIPOLE,0,2230.4811,209.5173431,541.6875358,306.6885494,NE,13,12,
es12-dt310,MULTIPOLE,0,2230.4811,209.5173431,541.6875358,306.6885494,NE,13,12,
es12-cm310.2,DRIFT,0.258400373,2230.4811,209.5173431,541.6875358,306.6885494,NE,13,12,
es12-dt310,DRIFT,0.258400373,2230.4811,209.5173431,541.6875358,306.6885494,NE,13,12,
es12-cm311,MULTIPOLE,0,2231.3725,209.5993902,541.2512044,307.4658581,NE,13,12,
es12-dv311,MULTIPOLE,0,2231.3725,209.5993902,541.2512044,307.4658581,NE,13,12,
es12-cm311,SBEND,0.891400429,2231.3725,209.5993902,541.2512044,307.4658581,NE,13,12,
es12-dv311,SBEND,0.891400429,2231.3725,209.5993902,541.2512044,307.4658581,NE,13,12,
es12-cm312,MULTIPOLE,0,2231.6309,209.6231741,541.1243373,307.6909703,NE,13,12,
es12-dt312,MULTIPOLE,0,2231.6309,209.6231741,541.1243373,307.6909703,NE,13,12,
es12-cm312,DRIFT,0.258400373,2231.6309,209.6231741,541.1243373,307.6909703,NE,13,12,
es12-dt312,DRIFT,0.258400373,2231.6309,209.6231741,541.1243373,307.6909703,NE,13,12,
es12-cm314,MULTIPOLE,0,2234.35698,209.8740901,539.7735931,310.0588638,NE,13,12,
es12-dv314,MULTIPOLE,0,2234.35698,209.8740901,539.7735931,310.0588638,NE,13,12,
es12-cm314,SBEND,2.726077105,2234.35698,209.8740901,539.7735931,310.0588638,NE,13,12,
es12-dv314,SBEND,2.726077105,2234.35698,209.8740901,539.7735931,310.0588638,NE,13,12,
es12-dt315.2,DRIFT,0.5,2234.85698,209.9201116,539.5235931,310.4918765,NE,13,12,
es12-dt315.3,DRIFT,0.1721,2235.02908,209.9359522,539.4375431,310.6409195,NE,13,12,
es12-sx315,SEXTUPOLE,0.24,2235.26908,209.9580426,539.3175431,310.8487656,NE,13,12,
es12-dt315.4,DRIFT,0.1721,2235.44118,209.9738833,539.2314931,310.9978086,NE,13,12,
es12-dt316,DRIFT,0.156,2235.59718,209.988242,539.1534931,311.1329085,NE,13,12,
es1-q4,QUADRUPOLE,0.5,2235.97218,210.0227583,538.9659931,311.457668,NE,1,1,
es1-dt4,DRIFT,0.064,2236.16118,210.0401545,538.8714931,311.6213469,NE,1,1,
es1-ks4,HKICKER,0.2,2236.36118,210.0585631,538.7714931,311.7945519,NE,1,1,
es1-cm3,MULTIPOLE,0,2236.7479,210.0941585,538.5781308,312.1294653,NE,1,1,
es1-dt3,MULTIPOLE,0,2236.7479,210.0941585,538.5781308,312.1294653,NE,1,1,
es1-cm3,DRIFT,0.386724641,2236.7479,210.0941585,538.5781308,312.1294653,NE,1,1,
es1-dt3,DRIFT,0.386724641,2236.7479,210.0941585,538.5781308,312.1294653,NE,1,1,
es1-cm1,MULTIPOLE,0,2239.47398,210.3450749,537.2028469,314.4831908,NE,1,1,
es1-dv1,MULTIPOLE,0,2239.47398,210.3450749,537.2028469,314.4831908,NE,1,1,
es1-cm1,SBEND,2.726077105,2239.47398,210.3450749,537.2028469,314.4831908,NE,1,1,
es1-dv1,SBEND,2.726077105,2239.47398,210.3450749,537.2028469,314.4831908,NE,1,1,
es1-cm0,MULTIPOLE,0,2239.73238,210.3688589,537.0713277,314.705617,NE,1,1,
es1-dt0,MULTIPOLE,0,2239.73238,210.3688589,537.0713277,314.705617,NE,1,1,
es1-cm0,DRIFT,0.258400373,2239.73238,210.3688589,537.0713277,314.705617,NE,1,1,
es1-dt0,DRIFT,0.258400373,2239.73238,210.3688589,537.0713277,314.705617,NE,1,1,
es1-cm319.1,MULTIPOLE,0,2240.62378,210.4509061,536.6163242,315.4721455,NE,1,1,
es1-dv319,MULTIPOLE,0,2240.62378,210.4509061,536.6163242,315.4721455,NE,1,1,
es1-cm319.1,SBEND,0.891400429,2240.62378,210.4509061,536.6163242,315.4721455,NE,1,1,
es1-dv319,SBEND,0.891400429,2240.62378,210.4509061,536.6163242,315.4721455,NE,1,1,
es1-cm319.2,MULTIPOLE,0,2240.88218,210.4746901,536.4840497,315.6941234,NE,1,1,
es1-dt319,MULTIPOLE,0,2240.88218,210.4746901,536.4840497,315.6941234,NE,1,1,
es1-cm319.2,DRIFT,0.258400373,2240.88218,210.4746901,536.4840497,315.6941234,NE,1,1,
es1-dt319,DRIFT,0.258400373,2240.88218,210.4746901,536.4840497,315.6941234,NE,1,1,
es1-cm316,MULTIPOLE,0,2243.60826,210.7256059,535.0764317,318.0286557,NE,1,1,
es1-dv316,MULTIPOLE,0,2243.60826,210.7256059,535.0764317,318.0286557,NE,1,1,
es1-cm316,SBEND,2.726077105,2243.60826,210.7256059,535.0764317,318.0286557,NE,1,1,
es1-dv316,SBEND,2.726077105,2243.60826,210.7256059,535.0764317,318.0286557,NE,1,1,
es1-dt316.1,DRIFT,0.5,2244.10826,210.7716274,534.8160321,318.4554953,NE,1,1,
es1-sx316,SEXTUPOLE,0.24,2244.34826,210.793718,534.6910404,318.6603783,NE,1,1,
es1-dt316.2,DRIFT,0.104,2244.45226,210.8032906,534.6368773,318.749161,NE,1,1,
es1-sx315,SEXTUPOLE,0.24,2244.69226,210.8253814,534.5118855,318.954044,NE,1,1,
es1-dt315.1,DRIFT,0.156,2244.84826,210.8397406,534.4306408,319.087218,NE,1,1,
es1-q315,QUADRUPOLE,0.5,2245.22326,210.874258,534.2353411,319.4073477,NE,1,1,
es1-dt315.2,DRIFT,0.064,2245.41226,210.8916549,534.1369101,319.5686931,NE,1,1,
es1-ks314,VKICKER,0.2,2245.61226,210.9100645,534.0327503,319.7394289,NE,1,1,
es1-cm314,MULTIPOLE,0,2245.99898,210.9456619,533.8313444,320.0695677,NE,1,1,
es1-dt314,MULTIPOLE,0,2245.99898,210.9456619,533.8313444,320.0695677,NE,1,1,
es1-cm314,DRIFT,0.386724641,2245.99898,210.9456619,533.8313444,320.0695677,NE,1,1,
es1-dt314,DRIFT,0.386724641,2245.99898,210.9456619,533.8313444,320.0695677,NE,1,1,
es1-cm311.1,MULTIPOLE,0,2248.72506,211.1965923,532.3995365,322.3893426,NE,1,1,
es1-dv311,MULTIPOLE,0,2248.72506,211.1965923,532.3995365,322.3893426,NE,1,1,
es1-cm311.1,SBEND,2.726077105,2248.72506,211.1965923,532.3995365,322.3893426,NE,1,1,
es1-dv311,SBEND,2.726077105,2248.72506,211.1965923,532.3995365,322.3893426,NE,1,1,
es1-cm311.2,MULTIPOLE,0,2248.98346,211.2203774,532.2626762,322.6085229,NE,1,1,
es1-dt311,MULTIPOLE,0,2248.98346,211.2203774,532.2626762,322.6085229,NE,1,1,
es1-cm311.2,DRIFT,0.258400373,2248.98346,211.2203774,532.2626762,322.6085229,NE,1,1,
es1-dt311,DRIFT,0.258400373,2248.98346,211.2203774,532.2626762,322.6085229,NE,1,1,
es1-cm310.1,MULTIPOLE,0,2249.87486,211.302429,531.7892669,323.3638226,NE,1,1,
es1-dv310,MULTIPOLE,0,2249.87486,211.302429,531.7892669,323.3638226,NE,1,1,
es1-cm310.1,SBEND,0.891400429,2249.87486,211.302429,531.7892669,323.3638226,NE,1,1,
es1-dv310,SBEND,0.891400429,2249.87486,211.302429,531.7892669,323.3638226,NE,1,1,
es1-cm310.2,MULTIPOLE,0,2250.13326,211.3262143,531.6516624,323.5825365,NE,1,1,
es1-dt310,MULTIPOLE,0,2250.13326,211.3262143,531.6516624,323.5825365,NE,1,1,
es1-cm310.2,DRIFT,0.258400373,2250.13326,211.3262143,531.6516624,323.5825365,NE,1,1,
es1-dt310,DRIFT,0.258400373,2250.13326,211.3262143,531.6516624,323.5825365,NE,1,1,
es1-cm307,MULTIPOLE,0,2252.85934,211.5771429,530.187994,325.8823417,NE,1,1,
es1-dv307,MULTIPOLE,0,2252.85934,211.5771429,530.187994,325.8823417,NE,1,1,
es1-cm307,SBEND,2.726077105,2252.85934,211.5771429,530.187994,325.8823417,NE,1,1,
es1-dv307,SBEND,2.726077105,2252.85934,211.5771429,530.187994,325.8823417,NE,1,1,
es1-dt307,DRIFT,0.5,2253.35934,211.6231667,529.9173472,326.3027586,NE,1,1,
es1-dt306.1,DRIFT,0.1721,2253.53144,211.6390084,529.8241906,326.4474661,NE,1,1,
es1-sx306,SEXTUPOLE,0.24,2253.77144,211.6611006,529.6942802,326.6492662,NE,1,1,
es1-dt306.2,DRIFT,0.1721,2253.94354,211.6769428,529.6011235,326.7939736,NE,1,1,
es1-dt306.3,DRIFT,0.156,2254.09954,211.691303,529.5166817,326.9251437,NE,1,1,
es1-q306,QUADRUPOLE,0.5,2254.47454,211.7258234,529.3136967,327.2404563,NE,1,1,
es1-dt305.1,DRIFT,0.064,2254.66354,211.743222,529.2113922,327.3993739,NE,1,1,
es1-ks305,HKICKER,0.2,2254.86354,211.7616334,529.1031335,327.5675406,NE,1,1,
es1-cm305,MULTIPOLE,0,2255.25026,211.7972347,528.8938019,327.8927118,NE,1,1,
es1-dt305.2,MULTIPOLE,0,2255.25026,211.7972347,528.8938019,327.8927118,NE,1,1,
es1-cm305,DRIFT,0.386724641,2255.25026,211.7972347,528.8938019,327.8927118,NE,1,1,
es1-dt305.2,DRIFT,0.386724641,2255.25026,211.7972347,528.8938019,327.8927118,NE,1,1,
es1-cm302.1,MULTIPOLE,0,2257.97634,212.0481919,527.4063076,330.1771789,NE,1,1,
es1-dv302,MULTIPOLE,0,2257.97634,212.0481919,527.4063076,330.1771789,NE,1,1,
es1-cm302.1,SBEND,2.726077105,2257.97634,212.0481919,527.4063076,330.1771789,NE,1,1,
es1-dv302,SBEND,2.726077105,2257.97634,212.0481919,527.4063076,330.1771789,NE,1,1,
es1-cm302.2,MULTIPOLE,0,2258.23474,212.0719796,527.2641863,330.392985,NE,1,1,
es1-dt302,MULTIPOLE,0,2258.23474,212.0719796,527.2641863,330.392985,NE,1,1,
es1-cm302.2,DRIFT,0.258400373,2258.23474,212.0719796,527.2641863,330.392985,NE,1,1,
es1-dt302,DRIFT,0.258400373,2258.23474,212.0719796,527.2641863,330.392985,NE,1,1,
es1-cm301.1,MULTIPOLE,0,2259.12614,212.1540398,526.7726481,331.1366141,NE,1,1,
es1-dv301,MULTIPOLE,0,2259.12614,212.1540398,526.7726481,331.1366141,NE,1,1,
es1-cm301.1,SBEND,0.891400429,2259.12614,212.1540398,526.7726481,331.1366141,NE,1,1,
es1-dv301,SBEND,0.891400429,2259.12614,212.1540398,526.7726481,331.1366141,NE,1,1,
es1-cm301.2,MULTIPOLE,0,2259.38454,212.1778276,526.6297941,331.3519359,NE,1,1,
es1-dt301,MULTIPOLE,0,2259.38454,212.1778276,526.6297941,331.3519359,NE,1,1,
es1-cm301.2,DRIFT,0.258400373,2259.38454,212.1778276,526.6297941,331.3519359,NE,1,1,
es1-dt301,DRIFT,0.258400373,2259.38454,212.1778276,526.6297941,331.3519359,NE,1,1,
es1-cm298,MULTIPOLE,0,2262.11062,212.4287819,525.1109316,333.6156687,NE,1,1,
es1-dv298,MULTIPOLE,0,2262.11062,212.4287819,525.1109316,333.6156687,NE,1,1,
es1-cm298,SBEND,2.726077105,2262.11062,212.4287819,525.1109316,333.6156687,NE,1,1,
es1-dv298,SBEND,2.726077105,2262.11062,212.4287819,525.1109316,333.6156687,NE,1,1,
es1-dt297.1,DRIFT,0.5,2262.61062,212.4748104,524.830196,334.0294168,NE,1,1,
es1-sx297.1,SEXTUPOLE,0.24,2262.85062,212.4969049,524.6954429,334.2280159,NE,1,1,
es1-dt297.2,DRIFT,0.104,2262.95462,212.5064793,524.6370499,334.3140755,NE,1,1,
es1-sx297.2,SEXTUPOLE,0.24,2263.19462,212.5285744,524.5022967,334.5126746,NE,1,1,
es1-dt297.3,DRIFT,0.156,2263.35062,212.5429366,524.4147072,334.641764,NE,1,1,
es1-q296,QUADRUPOLE,0.5,2263.72562,212.5774617,524.2041555,334.9520751,NE,1,1,
es1-dt296,DRIFT,0.064,2263.91462,212.5948628,524.0980374,335.1084719,NE,1,1,
es1-ks296,VKICKER,0.2,2264.11462,212.613277,523.9857432,335.2739711,NE,1,1,
es1-cm295,MULTIPOLE,0,2264.50134,212.648884,523.7686084,335.5939843,NE,1,1,
es1-dt295,MULTIPOLE,0,2264.50134,212.648884,523.7686084,335.5939843,NE,1,1,
es1-cm295,DRIFT,0.386724641,2264.50134,212.648884,523.7686084,335.5939843,NE,1,1,
es1-dt295,DRIFT,0.386724641,2264.50134,212.648884,523.7686084,335.5939843,NE,1,1,
es1-cm293.1,MULTIPOLE,0,2267.22742,212.8998812,522.2262979,337.8418072,NE,1,1,
es1-dv293,MULTIPOLE,0,2267.22742,212.8998812,522.2262979,337.8418072,NE,1,1,
es1-cm293.1,SBEND,2.726077105,2267.22742,212.8998812,522.2262979,337.8418072,NE,1,1,
es1-dv293,SBEND,2.726077105,2267.22742,212.8998812,522.2262979,337.8418072,NE,1,1,
es1-cm293.2,MULTIPOLE,0,2267.48582,212.9236725,522.0789988,338.0541129,NE,1,1,
es1-dt293,MULTIPOLE,0,2267.48582,212.9236725,522.0789988,338.0541129,NE,1,1,
es1-cm293.2,DRIFT,0.258400373,2267.48582,212.9236725,522.0789988,338.0541129,NE,1,1,
es1-dt293,DRIFT,0.258400373,2267.48582,212.9236725,522.0789988,338.0541129,NE,1,1,
es1-cm292,MULTIPOLE,0,2268.37722,213.0057456,521.5696192,338.7856363,NE,1,1,
es1-dv292,MULTIPOLE,0,2268.37722,213.0057456,521.5696192,338.7856363,NE,1,1,
es1-cm292,SBEND,0.891400429,2268.37722,213.0057456,521.5696192,338.7856363,NE,1,1,
es1-dv292,SBEND,0.891400429,2268.37722,213.0057456,521.5696192,338.7856363,NE,1,1,
es1-cm291,MULTIPOLE,0,2268.63562,213.0295372,521.4215993,338.9974401,NE,1,1,
es1-dt291,MULTIPOLE,0,2268.63562,213.0295372,521.4215993,338.9974401,NE,1,1,
es1-cm291,DRIFT,0.258400373,2268.63562,213.0295372,521.4215993,338.9974401,NE,1,1,
es1-dt291,DRIFT,0.258400373,2268.63562,213.0295372,521.4215993,338.9974401,NE,1,1,
es1-cm289,MULTIPOLE,0,2271.3617,213.2805302,519.8484313,341.2237761,NE,1,1,
es1-dv289,MULTIPOLE,0,2271.3617,213.2805302,519.8484313,341.2237761,NE,1,1,
es1-cm289,SBEND,2.726077105,2271.3617,213.2805302,519.8484313,341.2237761,NE,1,1,
es1-dv289,SBEND,2.726077105,2271.3617,213.2805302,519.8484313,341.2237761,NE,1,1,
es1-dt288.1,DRIFT,0.5,2271.8617,213.3265658,519.557771,341.6306134,NE,1,1,
es1-dt288.2,DRIFT,0.1721,2272.0338,213.3424119,519.4577258,341.7706468,NE,1,1,
es1-sx288,SEXTUPOLE,0.24,2272.2738,213.3645105,519.3182088,341.9659287,NE,1,1,
es1-dt288.3,DRIFT,0.1721,2272.4459,213.3803574,519.2181635,342.1059621,NE,1,1,
es1-dt287.1,DRIFT,0.156,2272.6019,213.3947221,519.1274775,342.2328954,NE,1,1,
es1-q287,QUADRUPOLE,0.5,2272.9769,213.4292538,518.9094823,342.5380234,NE,1,1,
es1-dt287.2,DRIFT,0.064,2273.1659,213.4466584,518.7996127,342.6918079,NE,1,1,
es1-ks287,HKICKER,0.2,2273.3659,213.4650763,518.6833486,342.8545428,NE,1,1,
es1-cm286,MULTIPOLE,0,2273.75262,213.5006909,518.4585376,343.1692108,NE,1,1,
es1-dt286,MULTIPOLE,0,2273.75262,213.5006909,518.4585376,343.1692108,NE,1,1,
es1-cm286,DRIFT,0.386724641,2273.75262,213.5006909,518.4585376,343.1692108,NE,1,1,
es1-dt286,DRIFT,0.386724641,2273.75262,213.5006909,518.4585376,343.1692108,NE,1,1,
es1-cm284,MULTIPOLE,0,2276.4787,213.751741,516.8623133,345.3790745,NE,1,1,
es1-dv284,MULTIPOLE,0,2276.4787,213.751741,516.8623133,345.3790745,NE,1,1,
es1-cm284,SBEND,2.726077105,2276.4787,213.751741,516.8623133,345.3790745,NE,1,1,
es1-dv284,SBEND,2.726077105,2276.4787,213.751741,516.8623133,345.3790745,NE,1,1,
es1-cm283,MULTIPOLE,0,2276.7371,213.7755373,516.7099225,345.5877556,NE,1,1,
es1-dt283,MULTIPOLE,0,2276.7371,213.7755373,516.7099225,345.5877556,NE,1,1,
es1-cm283,DRIFT,0.258400373,2276.7371,213.7755373,516.7099225,345.5877556,NE,1,1,
es1-dt283,DRIFT,0.258400373,2276.7371,213.7755373,516.7099225,345.5877556,NE,1,1,
es1-cm282.1,MULTIPOLE,0,2277.6285,213.8576275,516.1829996,346.3067453,NE,1,1,
es1-dv282,MULTIPOLE,0,2277.6285,213.8576275,516.1829996,346.3067453,NE,1,1,
es1-cm282.1,SBEND,0.891400429,2277.6285,213.8576275,516.1829996,346.3067453,NE,1,1,
es1-dv282,SBEND,0.891400429,2277.6285,213.8576275,516.1829996,346.3067453,NE,1,1,
es1-cm282.2,MULTIPOLE,0,2277.8869,213.881424,516.0299004,346.5149072,NE,1,1,
es1-dt282,MULTIPOLE,0,2277.8869,213.881424,516.0299004,346.5149072,NE,1,1,
es1-cm282.2,DRIFT,0.258400373,2277.8869,213.881424,516.0299004,346.5149072,NE,1,1,
es1-dt282,DRIFT,0.258400373,2277.8869,213.881424,516.0299004,346.5149072,NE,1,1,
es1-cm279,MULTIPOLE,0,2280.61298,214.1324688,514.4033472,348.7025439,NE,1,1,
es1-dv279,MULTIPOLE,0,2280.61298,214.1324688,514.4033472,348.7025439,NE,1,1,
es1-cm279,SBEND,2.726077105,2280.61298,214.1324688,514.4033472,348.7025439,NE,1,1,
es1-dv279,SBEND,2.726077105,2280.61298,214.1324688,514.4033472,348.7025439,NE,1,1,
es1-dt279.1,DRIFT,0.5,2281.11298,214.1785139,514.1029323,349.1022324,NE,1,1,
es1-sx279,SEXTUPOLE,0.24,2281.35298,214.2006168,513.9587332,349.2940829,NE,1,1,
es1-dt279.2,DRIFT,0.104,2281.45698,214.210195,513.8962469,349.3772181,NE,1,1,
es1-sx278,SEXTUPOLE,0.24,2281.69698,214.2322991,513.7520478,349.5690686,NE,1,1,
es1-dt278.1,DRIFT,0.156,2281.85298,214.2466672,513.6583183,349.6937714,NE,1,1,
es1-q278,QUADRUPOLE,0.5,2282.22798,214.2812072,513.4330072,349.9935378,NE,1,1,
es1-dt278.2,DRIFT,0.064,2282.41698,214.2986161,513.3194503,350.14462,NE,1,1,
es1-ks277,VKICKER,0.2,2282.61698,214.3170388,513.1992844,350.3044954,NE,1,1,
es1-cm277,MULTIPOLE,0,2283.0037,214.3526628,512.9669287,350.6136342,NE,1,1,
es1-dt277,MULTIPOLE,0,2283.0037,214.3526628,512.9669287,350.6136342,NE,1,1,
es1-cm277,DRIFT,0.386724641,2283.0037,214.3526628,512.9669287,350.6136342,NE,1,1,
es1-dt277,DRIFT,0.386724641,2283.0037,214.3526628,512.9669287,350.6136342,NE,1,1,
es1-cm274.1,MULTIPOLE,0,2285.72978,214.6037789,511.3177244,352.7842457,NE,1,1,
es1-dv274,MULTIPOLE,0,2285.72978,214.6037789,511.3177244,352.7842457,NE,1,1,
es1-cm274.1,SBEND,2.726077105,2285.72978,214.6037789,511.3177244,352.7842457,NE,1,1,
es1-dv274,SBEND,2.726077105,2285.72978,214.6037789,511.3177244,352.7842457,NE,1,1,
es1-cm274.2,MULTIPOLE,0,2285.98818,214.6275813,511.1603311,352.9891801,NE,1,1,
es1-dt274,MULTIPOLE,0,2285.98818,214.6275813,511.1603311,352.9891801,NE,1,1,
es1-cm274.2,DRIFT,0.258400373,2285.98818,214.6275813,511.1603311,352.9891801,NE,1,1,
es1-dt274,DRIFT,0.258400373,2285.98818,214.6275813,511.1603311,352.9891801,NE,1,1,
es1-cm273.1,MULTIPOLE,0,2286.87958,214.7096929,510.6161731,353.6952155,NE,1,1,
es1-dv273,MULTIPOLE,0,2286.87958,214.7096929,510.6161731,353.6952155,NE,1,1,
es1-cm273.1,SBEND,0.891400429,2286.87958,214.7096929,510.6161731,353.6952155,NE,1,1,
es1-dv273,SBEND,0.891400429,2286.87958,214.7096929,510.6161731,353.6952155,NE,1,1,
es1-cm273.2,MULTIPOLE,0,2287.13798,214.7334957,510.4580841,353.8996138,NE,1,1,
es1-dt273,MULTIPOLE,0,2287.13798,214.7334957,510.4580841,353.8996138,NE,1,1,
es1-cm273.2,DRIFT,0.258400373,2287.13798,214.7334957,510.4580841,353.8996138,NE,1,1,
es1-dt273,DRIFT,0.258400373,2287.13798,214.7334957,510.4580841,353.8996138,NE,1,1,
es1-cm270,MULTIPOLE,0,2289.86406,214.9846054,508.7790974,356.0472714,NE,1,1,
es1-dv270,MULTIPOLE,0,2289.86406,214.9846054,508.7790974,356.0472714,NE,1,1,
es1-cm270,SBEND,2.726077105,2289.86406,214.9846054,508.7790974,356.0472714,NE,1,1,
es1-dv270,SBEND,2.726077105,2289.86406,214.9846054,508.7790974,356.0472714,NE,1,1,
es1-dt270,DRIFT,0.5,2290.36406,215.0306624,508.4691037,356.4395772,NE,1,1,
es1-dt269.1,DRIFT,0.1721,2290.53616,215.0465162,508.3624038,356.5746089,NE,1,1,
es1-sx269,SEXTUPOLE,0.24,2290.77616,215.0686257,508.2136068,356.7629157,NE,1,1,
es1-dt269.2,DRIFT,0.1721,2290.94826,215.0844807,508.106907,356.8979474,NE,1,1,
es1-dt269.3,DRIFT,0.156,2291.10426,215.0988529,508.010189,357.0203468,NE,1,1,
es1-q269,QUADRUPOLE,0.5,2291.47926,215.1334031,507.7776937,357.3145762,NE,1,1,
es1-dt268.1,DRIFT,0.064,2291.66826,215.1508173,507.660516,357.4628678,NE,1,1,
es1-ks268,HKICKER,0.2,2291.86826,215.1692456,507.5365186,357.6197902,NE,1,1,
es1-cm268,MULTIPOLE,0,2292.25498,215.2048809,507.2967541,357.9232189,NE,1,1,
es1-dt268.2,MULTIPOLE,0,2292.25498,215.2048809,507.2967541,357.9232189,NE,1,1,
es1-cm268,DRIFT,0.386724641,2292.25498,215.2048809,507.2967541,357.9232189,NE,1,1,
es1-dt268.2,DRIFT,0.386724641,2292.25498,215.2048809,507.2967541,357.9232189,NE,1,1,
es1-cm265.1,MULTIPOLE,0,2294.98106,215.4560762,505.5955346,360.0533084,NE,1,1,
es1-dv265,MULTIPOLE,0,2294.98106,215.4560762,505.5955346,360.0533084,NE,1,1,
es1-cm265.1,SBEND,2.726077105,2294.98106,215.4560762,505.5955346,360.0533084,NE,1,1,
es1-dv265,SBEND,2.726077105,2294.98106,215.4560762,505.5955346,360.0533084,NE,1,1,
es1-cm265.2,MULTIPOLE,0,2295.23946,215.4798861,505.4332309,360.2543762,NE,1,1,
es1-dt265,MULTIPOLE,0,2295.23946,215.4798861,505.4332309,360.2543762,NE,1,1,
es1-cm265.2,DRIFT,0.258400373,2295.23946,215.4798861,505.4332309,360.2543762,NE,1,1,
es1-dt265,DRIFT,0.258400373,2295.23946,215.4798861,505.4332309,360.2543762,NE,1,1,
es1-cm264.1,MULTIPOLE,0,2296.13086,215.5620234,504.8721561,360.9470443,NE,1,1,
es1-dv264,MULTIPOLE,0,2296.13086,215.5620234,504.8721561,360.9470443,NE,1,1,
es1-cm264.1,SBEND,0.891400429,2296.13086,215.5620234,504.8721561,360.9470443,NE,1,1,
es1-dv264,SBEND,0.891400429,2296.13086,215.5620234,504.8721561,360.9470443,NE,1,1,
es1-cm264.2,MULTIPOLE,0,2296.38926,215.5858337,504.7091699,361.1475593,NE,1,1,
es1-dt264,MULTIPOLE,0,2296.38926,215.5858337,504.7091699,361.1475593,NE,1,1,
es1-cm264.2,DRIFT,0.258400373,2296.38926,215.5858337,504.7091699,361.1475593,NE,1,1,
es1-dt264,DRIFT,0.258400373,2296.38926,215.5858337,504.7091699,361.1475593,NE,1,1,
es1-cm261,MULTIPOLE,0,2299.11534,215.8370214,502.9787319,363.2539813,NE,1,1,
es1-dv261,MULTIPOLE,0,2299.11534,215.8370214,502.9787319,363.2539813,NE,1,1,
es1-cm261,SBEND,2.726077105,2299.11534,215.8370214,502.9787319,363.2539813,NE,1,1,
es1-dv261,SBEND,2.726077105,2299.11534,215.8370214,502.9787319,363.2539813,NE,1,1,
es1-dt260.1,DRIFT,0.5,2299.61534,215.8830927,502.6593407,363.638675,NE,1,1,
es1-sx260.1,SEXTUPOLE,0.24,2299.85534,215.9052087,502.5060329,363.823328,NE,1,1,
es1-dt260.2,DRIFT,0.104,2299.95934,215.9147926,502.4395995,363.9033443,NE,1,1,
es1-sx260.2,SEXTUPOLE,0.24,2300.19934,215.9369103,502.2862917,364.0879973,NE,1,1,
es1-dt260.3,DRIFT,0.156,2300.35534,215.9512873,502.1866417,364.2080217,NE,1,1,
es1-q259,QUADRUPOLE,0.5,2300.73034,215.9858495,501.9470983,364.496542,NE,1,1,
es1-dt259,DRIFT,0.064,2300.91934,216.0032698,501.8263684,364.6419562,NE,1,1,
es1-ks259,VKICKER,0.2,2301.11934,216.0217048,501.6986119,364.7958337,NE,1,1,
es1-cm258,MULTIPOLE,0,2301.50606,216.0573533,501.451579,365.0933748,NE,1,1,
es1-dt258,MULTIPOLE,0,2301.50606,216.0573533,501.451579,365.0933748,NE,1,1,
es1-cm258,DRIFT,0.386724641,2301.50606,216.0573533,501.451579,365.0933748,NE,1,1,
es1-dt258,DRIFT,0.386724641,2301.50606,216.0573533,501.451579,365.0933748,NE,1,1,
es1-cm256.1,MULTIPOLE,0,2304.23214,216.308641,499.6993396,367.1816962,NE,1,1,
es1-dv256,MULTIPOLE,0,2304.23214,216.308641,499.6993396,367.1816962,NE,1,1,
es1-cm256.1,SBEND,2.726077105,2304.23214,216.308641,499.6993396,367.1816962,NE,1,1,
es1-dv256,SBEND,2.726077105,2304.23214,216.308641,499.6993396,367.1816962,NE,1,1,
es1-cm256.2,MULTIPOLE,0,2304.49054,216.3324595,499.5322204,367.3787798,NE,1,1,
es1-dt256,MULTIPOLE,0,2304.49054,216.3324595,499.5322204,367.3787798,NE,1,1,
es1-cm256.2,DRIFT,0.258400373,2304.49054,216.3324595,499.5322204,367.3787798,NE,1,1,
es1-dt256,DRIFT,0.258400373,2304.49054,216.3324595,499.5322204,367.3787798,NE,1,1,
es1-cm255,MULTIPOLE,0,2305.38194,216.4146268,498.9545571,368.0576753,NE,1,1,
es1-dv255,MULTIPOLE,0,2305.38194,216.4146268,498.9545571,368.0576753,NE,1,1,
es1-cm255,SBEND,0.891400429,2305.38194,216.4146268,498.9545571,368.0576753,NE,1,1,
es1-dv255,SBEND,0.891400429,2305.38194,216.4146268,498.9545571,368.0576753,NE,1,1,
es1-cm254,MULTIPOLE,0,2305.64034,216.4384459,498.786769,368.2541897,NE,1,1,
es1-dt254,MULTIPOLE,0,2305.64034,216.4384459,498.786769,368.2541897,NE,1,1,
es1-cm254,DRIFT,0.258400373,2305.64034,216.4384459,498.786769,368.2541897,NE,1,1,
es1-dt254,DRIFT,0.258400373,2305.64034,216.4384459,498.786769,368.2541897,NE,1,1,
es1-cm252,MULTIPOLE,0,2308.36642,216.6897249,497.005892,370.3181438,NE,1,1,
es1-dv252,MULTIPOLE,0,2308.36642,216.6897249,497.005892,370.3181438,NE,1,1,
es1-cm252,SBEND,2.726077105,2308.36642,216.6897249,497.005892,370.3181438,NE,1,1,
es1-dv252,SBEND,2.726077105,2308.36642,216.6897249,497.005892,370.3181438,NE,1,1,
es1-dt251.1,DRIFT,0.5,2308.86642,216.735813,496.6772902,370.6950003,NE,1,1,
es1-dt251.2,DRIFT,0.1721,2309.03852,216.7516778,496.5641854,370.8247143,NE,1,1,
es1-sx251,SEXTUPOLE,0.24,2309.27852,216.773803,496.4064565,371.0056054,NE,1,1,
es1-dt251.3,DRIFT,0.1721,2309.45062,216.7896694,496.2933518,371.1353194,NE,1,1,
es1-dt250.1,DRIFT,0.156,2309.60662,216.8040521,496.190828,371.2528987,NE,1,1,
es1-q250,QUADRUPOLE,0.5,2309.98162,216.8386281,495.9443766,371.5355411,NE,1,1,
es1-dt250.2,DRIFT,0.064,2310.17062,216.8560555,495.8201651,371.6779928,NE,1,1,
es1-ks250,HKICKER,0.2,2310.37062,216.8744981,495.6887244,371.8287354,NE,1,1,
es1-cm249,MULTIPOLE,0,2310.75734,216.9101617,495.4345675,372.1202148,NE,1,1,
es1-dt249,MULTIPOLE,0,2310.75734,216.9101617,495.4345675,372.1202148,NE,1,1,
es1-cm249,DRIFT,0.386724641,2310.75734,216.9101617,495.4345675,372.1202148,NE,1,1,
es1-dt249,DRIFT,0.386724641,2310.75734,216.9101617,495.4345675,372.1202148,NE,1,1,
es1-cm247,MULTIPOLE,0,2313.48342,217.1615551,493.6323333,374.1655464,NE,1,1,
es1-dv247,MULTIPOLE,0,2313.48342,217.1615551,493.6323333,374.1655464,NE,1,1,
es1-cm247,SBEND,2.726077105,2313.48342,217.1615551,493.6323333,374.1655464,NE,1,1,
es1-dv247,SBEND,2.726077105,2313.48342,217.1615551,493.6323333,374.1655464,NE,1,1,
es1-cm246,MULTIPOLE,0,2313.74182,217.1853836,493.4604964,374.3585304,NE,1,1,
es1-dt246,MULTIPOLE,0,2313.74182,217.1853836,493.4604964,374.3585304,NE,1,1,
es1-cm246,DRIFT,0.258400373,2313.74182,217.1853836,493.4604964,374.3585304,NE,1,1,
es1-dt246,DRIFT,0.258400373,2313.74182,217.1853836,493.4604964,374.3585304,NE,1,1,
es1-cm245.1,MULTIPOLE,0,2314.63322,217.2675853,492.8665826,375.0232562,NE,1,1,
es1-dv245,MULTIPOLE,0,2314.63322,217.2675853,492.8665826,375.0232562,NE,1,1,
es1-cm245.1,SBEND,0.891400429,2314.63322,217.2675853,492.8665826,375.0232562,NE,1,1,
es1-dv245,SBEND,0.891400429,2314.63322,217.2675853,492.8665826,375.0232562,NE,1,1,
es1-cm245.2,MULTIPOLE,0,2314.89162,217.2914144,492.6940907,375.215655,NE,1,1,
es1-dt245,MULTIPOLE,0,2314.89162,217.2914144,492.6940907,375.215655,NE,1,1,
es1-cm245.2,DRIFT,0.258400373,2314.89162,217.2914144,492.6940907,375.215655,NE,1,1,
es1-dt245,DRIFT,0.258400373,2314.89162,217.2914144,492.6940907,375.215655,NE,1,1,
es1-cm242,MULTIPOLE,0,2317.6177,217.5427981,490.8638166,377.2359338,NE,1,1,
es1-dv242,MULTIPOLE,0,2317.6177,217.5427981,490.8638166,377.2359338,NE,1,1,
es1-cm242,SBEND,2.726077105,2317.6177,217.5427981,490.8638166,377.2359338,NE,1,1,
es1-dv242,SBEND,2.726077105,2317.6177,217.5427981,490.8638166,377.2359338,NE,1,1,
es1-dt242.1,DRIFT,0.5,2318.1177,217.5889054,490.5261964,377.6047326,NE,1,1,
es1-sx242,SEXTUPOLE,0.24,2318.3577,217.6110392,490.3641387,377.781756,NE,1,1,
es1-dt242.2,DRIFT,0.104,2318.4617,217.6206309,490.2939137,377.8584662,NE,1,1,
es1-sx241,SEXTUPOLE,0.24,2318.7017,217.6427667,490.131856,378.0354896,NE,1,1,
es1-dt241.1,DRIFT,0.156,2318.8577,217.6571558,490.0265184,378.1505549,NE,1,1,
es1-q241,QUADRUPOLE,0.5,2319.2327,217.6917474,489.7733033,378.427154,NE,1,1,
es1-dt241.2,DRIFT,0.064,2319.4217,217.7091829,489.6456828,378.5665599,NE,1,1,
es1-ks240,VKICKER,0.2,2319.6217,217.7276341,489.5106347,378.7140795,NE,1,1,
es1-cm240,MULTIPOLE,0,2320.00842,217.7633146,489.2495026,378.9993267,NE,1,1,
es1-dt240,MULTIPOLE,0,2320.00842,217.7633146,489.2495026,378.9993267,NE,1,1,
es1-cm240,DRIFT,0.386724641,2320.00842,217.7633146,489.2495026,378.9993267,NE,1,1,
es1-dt240,DRIFT,0.386724641,2320.00842,217.7633146,489.2495026,378.9993267,NE,1,1,
es1-cm237.1,MULTIPOLE,0,2322.7345,218.0148273,487.3983279,381.0004718,NE,1,1,
es1-dv237,MULTIPOLE,0,2322.7345,218.0148273,487.3983279,381.0004718,NE,1,1,
es1-cm237.1,SBEND,2.726077105,2322.7345,218.0148273,487.3983279,381.0004718,NE,1,1,
es1-dv237,SBEND,2.726077105,2322.7345,218.0148273,487.3983279,381.0004718,NE,1,1,
es1-cm237.2,MULTIPOLE,0,2322.9929,218.038667,487.2218738,381.1892433,NE,1,1,
es1-dt237,MULTIPOLE,0,2322.9929,218.038667,487.2218738,381.1892433,NE,1,1,
es1-cm237.2,DRIFT,0.258400373,2322.9929,218.038667,487.2218738,381.1892433,NE,1,1,
es1-dt237,DRIFT,0.258400373,2322.9929,218.038667,487.2218738,381.1892433,NE,1,1,
es1-cm236.1,MULTIPOLE,0,2323.8843,218.1209075,486.612057,381.8394105,NE,1,1,
es1-dv236,MULTIPOLE,0,2323.8843,218.1209075,486.612057,381.8394105,NE,1,1,
es1-cm236.1,SBEND,0.891400429,2323.8843,218.1209075,486.612057,381.8394105,NE,1,1,
es1-dv236,SBEND,0.891400429,2323.8843,218.1209075,486.612057,381.8394105,NE,1,1,
es1-cm236.2,MULTIPOLE,0,2324.1427,218.1447478,486.4349623,382.0275813,NE,1,1,
es1-dt236,MULTIPOLE,0,2324.1427,218.1447478,486.4349623,382.0275813,NE,1,1,
es1-cm236.2,DRIFT,0.258400373,2324.1427,218.1447478,486.4349623,382.0275813,NE,1,1,
es1-dt236,DRIFT,0.258400373,2324.1427,218.1447478,486.4349623,382.0275813,NE,1,1,
es1-cm233,MULTIPOLE,0,2326.86878,218.3962498,484.5563618,384.0030027,NE,1,1,
es1-dv233,MULTIPOLE,0,2326.86878,218.3962498,484.5563618,384.0030027,NE,1,1,
es1-cm233,SBEND,2.726077105,2326.86878,218.3962498,484.5563618,384.0030027,NE,1,1,
es1-dv233,SBEND,2.726077105,2326.86878,218.3962498,484.5563618,384.0030027,NE,1,1,
es1-dt233,DRIFT,0.5,2327.36878,218.4423787,484.2099207,384.3635281,NE,1,1,
es1-dt232.1,DRIFT,0.1721,2327.54088,218.458258,484.0906757,384.4876209,NE,1,1,
es1-sx232,SEXTUPOLE,0.24,2327.78088,218.4804035,483.924384,384.6606731,NE,1,1,
es1-dt232.2,DRIFT,0.1721,2327.95298,218.4962848,483.805139,384.784766,NE,1,1,
es1-dt232.3,DRIFT,0.156,2328.10898,218.510681,483.6970493,384.8972499,NE,1,1,
es1-q232,QUADRUPOLE,0.5,2328.48398,218.5452901,483.4372185,385.1676439,NE,1,1,
es1-dt231.1,DRIFT,0.064,2328.67298,218.5627345,483.3062638,385.3039225,NE,1,1,
es1-ks231,HKICKER,0.2,2328.87298,218.5811954,483.1676873,385.4481327,NE,1,1,
es1-cm231,MULTIPOLE,0,2329.2597,218.6168947,482.8997327,385.7269808,NE,1,1,
es1-dt231.2,MULTIPOLE,0,2329.2597,218.6168947,482.8997327,385.7269808,NE,1,1,
es1-cm231,DRIFT,0.386724641,2329.2597,218.6168947,482.8997327,385.7269808,NE,1,1,
es1-dt231.2,DRIFT,0.386724641,2329.2597,218.6168947,482.8997327,385.7269808,NE,1,1,
es1-cm228.1,MULTIPOLE,0,2331.98578,218.8685402,481.0007005,387.6827687,NE,1,1,
es1-dv228,MULTIPOLE,0,2331.98578,218.8685402,481.0007005,387.6827687,NE,1,1,
es1-cm228.1,SBEND,2.726077105,2331.98578,218.8685402,481.0007005,387.6827687,NE,1,1,
es1-dv228,SBEND,2.726077105,2331.98578,218.8685402,481.0007005,387.6827687,NE,1,1,
es1-cm228.2,MULTIPOLE,0,2332.24418,218.8923924,480.8197325,387.8672174,NE,1,1,
es1-dt228,MULTIPOLE,0,2332.24418,218.8923924,480.8197325,387.8672174,NE,1,1,
es1-cm228.2,DRIFT,0.258400373,2332.24418,218.8923924,480.8197325,387.8672174,NE,1,1,
es1-dt228,DRIFT,0.258400373,2332.24418,218.8923924,480.8197325,387.8672174,NE,1,1,
es1-cm227.1,MULTIPOLE,0,2333.13558,218.9746762,480.1943693,388.5024456,NE,1,1,
es1-dv227,MULTIPOLE,0,2333.13558,218.9746762,480.1943693,388.5024456,NE,1,1,
es1-cm227.1,SBEND,0.891400429,2333.13558,218.9746762,480.1943693,388.5024456,NE,1,1,
es1-dv227,SBEND,0.891400429,2333.13558,218.9746762,480.1943693,388.5024456,NE,1,1,
es1-cm227.2,MULTIPOLE,0,2333.39398,218.9985291,480.0127754,388.6862782,NE,1,1,
es1-dt227,MULTIPOLE,0,2333.39398,218.9985291,480.0127754,388.6862782,NE,1,1,
es1-cm227.2,DRIFT,0.258400373,2333.39398,218.9985291,480.0127754,388.6862782,NE,1,1,
es1-dt227,DRIFT,0.258400373,2333.39398,218.9985291,480.0127754,388.6862782,NE,1,1,
es1-cm224,MULTIPOLE,0,2336.12006,219.2501629,478.0869477,390.6156866,NE,1,1,
es1-dv224,MULTIPOLE,0,2336.12006,219.2501629,478.0869477,390.6156866,NE,1,1,
es1-cm224,SBEND,2.726077105,2336.12006,219.2501629,478.0869477,390.6156866,NE,1,1,
es1-dv224,SBEND,2.726077105,2336.12006,219.2501629,478.0869477,390.6156866,NE,1,1,
es1-dt223.1,DRIFT,0.5,2336.62006,219.296316,477.7318884,390.9677277,NE,1,1,
es1-sx223.1,SEXTUPOLE,0.24,2336.86006,219.3184723,477.5614599,391.1367074,NE,1,1,
es1-dt223.2,DRIFT,0.104,2336.96406,219.3280739,477.4876076,391.2099319,NE,1,1,
es1-sx223.2,SEXTUPOLE,0.24,2337.20406,219.3502327,477.3171791,391.3789116,NE,1,1,
es1-dt223.3,DRIFT,0.156,2337.36006,219.3646369,477.2064006,391.4887484,NE,1,1,
es1-q222,QUADRUPOLE,0.5,2337.73506,219.3992654,476.9401062,391.7527792,NE,1,1,
es1-dt222,DRIFT,0.064,2337.92406,219.4167198,476.8058938,391.8858507,NE,1,1,
es1-ks222,VKICKER,0.2,2338.12406,219.4351912,476.66387,392.0266671,NE,1,1,
es1-cm221,MULTIPOLE,0,2338.51078,219.4709114,476.3892497,392.298953,NE,1,1,
es1-dt221,MULTIPOLE,0,2338.51078,219.4709114,476.3892497,392.298953,NE,1,1,
es1-cm221,DRIFT,0.386724641,2338.51078,219.4709114,476.3892497,392.298953,NE,1,1,
es1-dt221,DRIFT,0.386724641,2338.51078,219.4709114,476.3892497,392.298953,NE,1,1,
es1-cm219.1,MULTIPOLE,0,2341.23686,219.7227034,474.443471,394.2082395,NE,1,1,
es1-dv219,MULTIPOLE,0,2341.23686,219.7227034,474.443471,394.2082395,NE,1,1,
es1-cm219.1,SBEND,2.726077105,2341.23686,219.7227034,474.443471,394.2082395,NE,1,1,
es1-dv219,SBEND,2.726077105,2341.23686,219.7227034,474.443471,394.2082395,NE,1,1,
es1-cm219.2,MULTIPOLE,0,2341.49526,219.7465694,474.258095,394.3882575,NE,1,1,
es1-dt219,MULTIPOLE,0,2341.49526,219.7465694,474.258095,394.3882575,NE,1,1,
es1-cm219.2,DRIFT,0.258400373,2341.49526,219.7465694,474.258095,394.3882575,NE,1,1,
es1-dt219,DRIFT,0.258400373,2341.49526,219.7465694,474.258095,394.3882575,NE,1,1,
es1-cm218,MULTIPOLE,0,2342.38666,219.8289009,473.6175513,395.008175,NE,1,1,
es1-dv218,MULTIPOLE,0,2342.38666,219.8289009,473.6175513,395.008175,NE,1,1,
es1-cm218,SBEND,0.891400429,2342.38666,219.8289009,473.6175513,395.008175,NE,1,1,
es1-dv218,SBEND,0.891400429,2342.38666,219.8289009,473.6175513,395.008175,NE,1,1,
es1-cm217,MULTIPOLE,0,2342.64506,219.8527677,473.4315644,395.1875618,NE,1,1,
es1-dt217,MULTIPOLE,0,2342.64506,219.8527677,473.4315644,395.1875618,NE,1,1,
es1-cm217,DRIFT,0.258400373,2342.64506,219.8527677,473.4315644,395.1875618,NE,1,1,
es1-dt217,DRIFT,0.258400373,2342.64506,219.8527677,473.4315644,395.1875618,NE,1,1,
es1-cm215,MULTIPOLE,0,2345.37114,220.1045471,471.4596361,397.0698286,NE,1,1,
es1-dv215,MULTIPOLE,0,2345.37114,220.1045471,471.4596361,397.0698286,NE,1,1,
es1-cm215,SBEND,2.726077105,2345.37114,220.1045471,471.4596361,397.0698286,NE,1,1,
es1-dv215,SBEND,2.726077105,2345.37114,220.1045471,471.4596361,397.0698286,NE,1,1,
es1-dt214.1,DRIFT,0.5,2345.87114,220.1507269,471.0961663,397.4131793,NE,1,1,
es1-dt214.2,DRIFT,0.1721,2346.04324,220.166624,470.97106,397.5313606,NE,1,1,
es1-sx214,SEXTUPOLE,0.24,2346.28324,220.1887947,470.7965945,397.696169,NE,1,1,
es1-dt214.3,DRIFT,0.1721,2346.45534,220.2046942,470.6714882,397.8143503,NE,1,1,
es1-dt213.1,DRIFT,0.156,2346.61134,220.2191071,470.5580857,397.9214757,NE,1,1,
es1-q213,QUADRUPOLE,0.5,2346.98634,220.2537569,470.2854833,398.1789888,NE,1,1,
es1-dt213.2,DRIFT,0.064,2347.17534,220.2712222,470.1480917,398.3087754,NE,1,1,
es1-ks213,HKICKER,0.2,2347.37534,220.2897052,470.0027038,398.4461157,NE,1,1,
es1-cm212,MULTIPOLE,0,2347.76206,220.3254482,469.7215784,398.71168,NE,1,1,
es1-dt212,MULTIPOLE,0,2347.76206,220.3254482,469.7215784,398.71168,NE,1,1,
es1-cm212,DRIFT,0.386724641,2347.76206,220.3254482,469.7215784,398.71168,NE,1,1,
es1-dt212,DRIFT,0.386724641,2347.76206,220.3254482,469.7215784,398.71168,NE,1,1,
es1-cm210,MULTIPOLE,0,2350.48814,220.5774006,467.7301917,400.5733482,NE,1,1,
es1-dv210,MULTIPOLE,0,2350.48814,220.5774006,467.7301917,400.5733482,NE,1,1,
es1-cm210,SBEND,2.726077105,2350.48814,220.5774006,467.7301917,400.5733482,NE,1,1,
es1-dv210,SBEND,2.726077105,2350.48814,220.5774006,467.7301917,400.5733482,NE,1,1,
es1-cm209,MULTIPOLE,0,2350.74654,220.6012817,467.5405159,400.74883,NE,1,1,
es1-dt209,MULTIPOLE,0,2350.74654,220.6012817,467.5405159,400.74883,NE,1,1,
es1-cm209,DRIFT,0.258400373,2350.74654,220.6012817,467.5405159,400.74883,NE,1,1,
es1-dt209,DRIFT,0.258400373,2350.74654,220.6012817,467.5405159,400.74883,NE,1,1,
es1-cm208.1,MULTIPOLE,0,2351.63794,220.6836655,466.8851666,401.3530743,NE,1,1,
es1-dv208,MULTIPOLE,0,2351.63794,220.6836655,466.8851666,401.3530743,NE,1,1,
es1-cm208.1,SBEND,0.891400429,2351.63794,220.6836655,466.8851666,401.3530743,NE,1,1,
es1-dv208,SBEND,0.891400429,2351.63794,220.6836655,466.8851666,401.3530743,NE,1,1,
es1-cm208.2,MULTIPOLE,0,2351.89634,220.7075475,466.6948955,401.5279104,NE,1,1,
es1-dt208,MULTIPOLE,0,2351.89634,220.7075475,466.6948955,401.5279104,NE,1,1,
es1-cm208.2,DRIFT,0.258400373,2351.89634,220.7075475,466.6948955,401.5279104,NE,1,1,
es1-dt208,DRIFT,0.258400373,2351.89634,220.7075475,466.6948955,401.5279104,NE,1,1,
es1-cm205,MULTIPOLE,0,2354.62242,220.9594864,464.6780202,403.3619343,NE,1,1,
es1-dv205,MULTIPOLE,0,2354.62242,220.9594864,464.6780202,403.3619343,NE,1,1,
es1-cm205,SBEND,2.726077105,2354.62242,220.9594864,464.6780202,403.3619343,NE,1,1,
es1-dv205,SBEND,2.726077105,2354.62242,220.9594864,464.6780202,403.3619343,NE,1,1,
es1-dt205.1,DRIFT,0.5,2355.12242,221.0056955,464.3063526,403.6963938,NE,1,1,
es1-sx205,SEXTUPOLE,0.24,2355.36242,221.0278792,464.1279521,403.8569344,NE,1,1,
es1-dt205.2,DRIFT,0.104,2355.46642,221.0374928,464.0506452,403.926502,NE,1,1,
es1-sx204,SEXTUPOLE,0.24,2355.70642,221.0596794,463.8722448,404.0870426,NE,1,1,
es1-dt204.1,DRIFT,0.156,2355.86242,221.0741019,463.7562845,404.1913939,NE,1,1,
es1-q204,QUADRUPOLE,0.5,2356.23742,221.1087749,463.4775338,404.4422386,NE,1,1,
es1-dt204.2,DRIFT,0.064,2356.42642,221.126252,463.3370434,404.5686643,NE,1,1,
es1-ks203,VKICKER,0.2,2356.62642,221.1447477,463.1883764,404.7024481,NE,1,1,
es1-cm203,MULTIPOLE,0,2357.01314,221.1805155,462.9009104,404.9611356,NE,1,1,
es1-dt203,MULTIPOLE,0,2357.01314,221.1805155,462.9009104,404.9611356,NE,1,1,
es1-cm203,DRIFT,0.386724641,2357.01314,221.1805155,462.9009104,404.9611356,NE,1,1,
es1-dt203,DRIFT,0.386724641,2357.01314,221.1805155,462.9009104,404.9611356,NE,1,1,
es1-cm200.1,MULTIPOLE,0,2359.73922,221.4326423,460.8650805,406.7740963,NE,1,1,
es1-dv200,MULTIPOLE,0,2359.73922,221.4326423,460.8650805,406.7740963,NE,1,1,
es1-cm200.1,SBEND,2.726077105,2359.73922,221.4326423,460.8650805,406.7740963,NE,1,1,
es1-dv200,SBEND,2.726077105,2359.73922,221.4326423,460.8650805,406.7740963,NE,1,1,
es1-cm200.2,MULTIPOLE,0,2359.99762,221.4565398,460.6712161,406.9449394,NE,1,1,
es1-dt200,MULTIPOLE,0,2359.99762,221.4565398,460.6712161,406.9449394,NE,1,1,
es1-cm200.2,DRIFT,0.258400373,2359.99762,221.4565398,460.6712161,406.9449394,NE,1,1,
es1-dt200,DRIFT,0.258400373,2359.99762,221.4565398,460.6712161,406.9449394,NE,1,1,
es1-cm199.1,MULTIPOLE,0,2360.88902,221.5389806,460.0014444,407.5331568,NE,1,1,
es1-dv199,MULTIPOLE,0,2360.88902,221.5389806,460.0014444,407.5331568,NE,1,1,
es1-cm199.1,SBEND,0.891400429,2360.88902,221.5389806,460.0014444,407.5331568,NE,1,1,
es1-dv199,SBEND,0.891400429,2360.88902,221.5389806,460.0014444,407.5331568,NE,1,1,
es1-cm199.2,MULTIPOLE,0,2361.14742,221.5628791,459.8070005,407.70334,NE,1,1,
es1-dt199,MULTIPOLE,0,2361.14742,221.5628791,459.8070005,407.70334,NE,1,1,
es1-cm199.2,DRIFT,0.258400373,2361.14742,221.5628791,459.8070005,407.70334,NE,1,1,
es1-dt199,DRIFT,0.258400373,2361.14742,221.5628791,459.8070005,407.70334,NE,1,1,
es1-cm196,MULTIPOLE,0,2363.8735,221.8149916,457.7463581,409.488048,NE,1,1,
es1-dv196,MULTIPOLE,0,2363.8735,221.8149916,457.7463581,409.488048,NE,1,1,
es1-cm196,SBEND,2.726077105,2363.8735,221.8149916,457.7463581,409.488048,NE,1,1,
es1-dv196,SBEND,2.726077105,2363.8735,221.8149916,457.7463581,409.488048,NE,1,1,
es1-dt196,DRIFT,0.5,2364.3735,221.8612326,457.3667101,409.8134207,NE,1,1,
es1-dt195.1,DRIFT,0.1721,2364.5456,221.8771511,457.2360353,409.9254139,NE,1,1,
es1-sx195,SEXTUPOLE,0.24,2364.7856,221.8993519,457.0538042,410.0815928,NE,1,1,
es1-dt195.2,DRIFT,0.1721,2364.9577,221.9152732,456.9231294,410.1935861,NE,1,1,
es1-dt195.3,DRIFT,0.156,2365.1137,221.929706,456.8046792,410.2951024,NE,1,1,
es1-q195,QUADRUPOLE,0.5,2365.4887,221.9644041,456.5199432,410.5391319,NE,1,1,
es1-dt194.1,DRIFT,0.064,2365.6777,221.9818941,456.3764363,410.6621228,NE,1,1,
es1-ks194,HKICKER,0.2,2365.8777,222.0004035,456.2245771,410.7922719,NE,1,1,
es1-cm194,MULTIPOLE,0,2366.26442,222.0361981,455.9309386,411.0439312,NE,1,1,
es1-dt194.2,MULTIPOLE,0,2366.26442,222.0361981,455.9309386,411.0439312,NE,1,1,
es1-cm194,DRIFT,0.386724641,2366.26442,222.0361981,455.9309386,411.0439312,NE,1,1,
es1-dt194.2,DRIFT,0.386724641,2366.26442,222.0361981,455.9309386,411.0439312,NE,1,1,
es1-cm191.1,MULTIPOLE,0,2368.9905,222.2885135,453.8518567,412.8071237,NE,1,1,
es1-dv191,MULTIPOLE,0,2368.9905,222.2885135,453.8518567,412.8071237,NE,1,1,
es1-cm191.1,SBEND,2.726077105,2368.9905,222.2885135,453.8518567,412.8071237,NE,1,1,
es1-dv191,SBEND,2.726077105,2368.9905,222.2885135,453.8518567,412.8071237,NE,1,1,
es1-cm191.2,MULTIPOLE,0,2369.2489,222.3124289,453.653917,412.9732281,NE,1,1,
es1-dt191,MULTIPOLE,0,2369.2489,222.3124289,453.653917,412.9732281,NE,1,1,
es1-cm191.2,DRIFT,0.258400373,2369.2489,222.3124289,453.653917,412.9732281,NE,1,1,
es1-dt191,DRIFT,0.258400373,2369.2489,222.3124289,453.653917,412.9732281,NE,1,1,
es1-cm190.1,MULTIPOLE,0,2370.1403,222.3949313,452.9701148,413.5450746,NE,1,1,
es1-dv190,MULTIPOLE,0,2370.1403,222.3949313,452.9701148,413.5450746,NE,1,1,
es1-cm190.1,SBEND,0.891400429,2370.1403,222.3949313,452.9701148,413.5450746,NE,1,1,
es1-dv190,SBEND,0.891400429,2370.1403,222.3949313,452.9701148,413.5450746,NE,1,1,
es1-cm190.2,MULTIPOLE,0,2370.3987,222.4188477,452.7716118,413.7105053,NE,1,1,
es1-dt190,MULTIPOLE,0,2370.3987,222.4188477,452.7716118,413.7105053,NE,1,1,
es1-cm190.2,DRIFT,0.258400373,2370.3987,222.4188477,452.7716118,413.7105053,NE,1,1,
es1-dt190,DRIFT,0.258400373,2370.3987,222.4188477,452.7716118,413.7105053,NE,1,1,
es1-cm187,MULTIPOLE,0,2373.12478,222.6711481,450.6684079,415.4448532,NE,1,1,
es1-dv187,MULTIPOLE,0,2373.12478,222.6711481,450.6684079,415.4448532,NE,1,1,
es1-cm187,SBEND,2.726077105,2373.12478,222.6711481,450.6684079,415.4448532,NE,1,1,
es1-dv187,SBEND,2.726077105,2373.12478,222.6711481,450.6684079,415.4448532,NE,1,1,
es1-dt186.1,DRIFT,0.5,2373.62478,222.7174236,450.2810016,415.7609487,NE,1,1,
es1-sx186.1,SEXTUPOLE,0.24,2373.86478,222.7396397,450.0950466,415.9126746,NE,1,1,
es1-dt186.2,DRIFT,0.104,2373.96878,222.7492674,450.0144661,415.9784224,NE,1,1,
es1-sx186.2,SEXTUPOLE,0.24,2374.20878,222.7714869,449.8285111,416.1301483,NE,1,1,
es1-dt186.3,DRIFT,0.156,2374.36478,222.7859309,449.7076403,416.2287701,NE,1,1,
es1-q185,QUADRUPOLE,0.5,2374.73978,222.8206562,449.4170856,416.4658417,NE,1,1,
es1-dt185,DRIFT,0.064,2374.92878,222.83816,449.270646,416.5853258,NE,1,1,
es1-ks185,VKICKER,0.2,2375.12878,222.8566841,449.1156835,416.711764,NE,1,1,
es1-cm184,MULTIPOLE,0,2375.5155,222.8925076,448.8160444,416.9562478,NE,1,1,
es1-dt184,MULTIPOLE,0,2375.5155,222.8925076,448.8160444,416.9562478,NE,1,1,
es1-cm184,DRIFT,0.386724641,2375.5155,222.8925076,448.8160444,416.9562478,NE,1,1,
es1-dt184,DRIFT,0.386724641,2375.5155,222.8925076,448.8160444,416.9562478,NE,1,1,
es1-cm182.1,MULTIPOLE,0,2378.24158,223.1450261,446.6949267,418.6686407,NE,1,1,
es1-dv182,MULTIPOLE,0,2378.24158,223.1450261,446.6949267,418.6686407,NE,1,1,
es1-cm182.1,SBEND,2.726077105,2378.24158,223.1450261,446.6949267,418.6686407,NE,1,1,
es1-dv182,SBEND,2.726077105,2378.24158,223.1450261,446.6949267,418.6686407,NE,1,1,
es1-cm182.2,MULTIPOLE,0,2378.49998,223.1689607,446.4930276,418.8299092,NE,1,1,
es1-dt182,MULTIPOLE,0,2378.49998,223.1689607,446.4930276,418.8299092,NE,1,1,
es1-cm182.2,DRIFT,0.258400373,2378.49998,223.1689607,446.4930276,418.8299092,NE,1,1,
es1-dt182,DRIFT,0.258400373,2378.49998,223.1689607,446.4930276,418.8299092,NE,1,1,
es1-cm181,MULTIPOLE,0,2379.39138,223.2515293,445.795595,419.3850503,NE,1,1,
es1-dv181,MULTIPOLE,0,2379.39138,223.2515293,445.795595,419.3850503,NE,1,1,
es1-cm181,SBEND,0.891400429,2379.39138,223.2515293,445.795595,419.3850503,NE,1,1,
es1-dv181,SBEND,0.891400429,2379.39138,223.2515293,445.795595,419.3850503,NE,1,1,
es1-cm180,MULTIPOLE,0,2379.64978,223.275465,445.593149,419.5456316,NE,1,1,
es1-dt180,MULTIPOLE,0,2379.64978,223.275465,445.593149,419.5456316,NE,1,1,
es1-cm180,DRIFT,0.258400373,2379.64978,223.275465,445.593149,419.5456316,NE,1,1,
es1-dt180,DRIFT,0.258400373,2379.64978,223.275465,445.593149,419.5456316,NE,1,1,
es1-cm178,MULTIPOLE,0,2382.37586,223.5279679,443.448614,421.2286049,NE,1,1,
es1-dv178,MULTIPOLE,0,2382.37586,223.5279679,443.448614,421.2286049,NE,1,1,
es1-cm178,SBEND,2.726077105,2382.37586,223.5279679,443.448614,421.2286049,NE,1,1,
es1-dv178,SBEND,2.726077105,2382.37586,223.5279679,443.448614,421.2286049,NE,1,1,
es1-dt177.1,DRIFT,0.5,2382.87586,223.5742806,443.0536761,421.5352383,NE,1,1,
es1-dt177.2,DRIFT,0.1721,2383.04796,223.5902241,442.9177384,421.6407815,NE,1,1,
es1-sx177,SEXTUPOLE,0.24,2383.28796,223.61246,442.7281682,421.7879655,NE,1,1,
es1-dt177.3,DRIFT,0.1721,2383.46006,223.6284067,442.5922306,421.8935087,NE,1,1,
es1-dt176.1,DRIFT,0.156,2383.61606,223.6428627,442.4690099,421.9891784,NE,1,1,
es1-mark176,MARKER,0,2383.86606,223.6660316,442.271541,422.142495,NE,1,1,
es1-q176,QUADRUPOLE,0.5,2383.99106,223.6776172,442.1728065,422.2191534,NE,1,1,
es1-dt176.2,DRIFT,0.064,2384.18006,223.6951358,442.0235199,422.3350608,NE,1,1,
es1-ks176,HKICKER,0.2,2384.38006,223.7136758,441.8655448,422.4577141,NE,1,1,
es1-dt174,DRIFT,1.536680026,2385.91674,223.8561851,440.6517583,423.4001089,NE,1,1,
es1-dh171,RBEND,2.726014716,2388.64275,224.109036,438.4890771,425.0595926,NE,1,1,
es1-dt171,DRIFT,0.2584,2388.90115,224.1330008,438.2831826,425.2157273,NE,1,1,
es1-dh168,RBEND,2.726014716,2391.62717,224.385785,436.1017527,426.850487,NE,1,1,
es1-dt167.1,DRIFT,1.24,2392.86717,224.5007842,435.1052502,427.5884454,NE,1,1,
es1-q167,QUADRUPOLE,0.5,2393.24217,224.5355766,434.8038885,427.8116183,NE,1,1,
es1-dt167.2,DRIFT,0.064,2393.43117,224.5531145,434.6520022,427.9240975,NE,1,1,
es1-ks166,VKICKER,0.2,2393.63117,224.571675,434.491276,428.043123,NE,1,1,
es1-dt165,DRIFT,1.536680026,2395.16785,224.7143449,433.2563521,428.957644,NE,1,1,
es1-dh162,RBEND,2.726014716,2397.89386,224.9674836,431.0564561,430.5674681,NE,1,1,
es1-dt162,DRIFT,0.2584,2398.15226,224.9914754,430.8470609,430.7188755,NE,1,1,
es1-dh159,RBEND,2.726014716,2400.87828,225.2445443,428.6289839,432.3035554,NE,1,1,
es1-dt159,DRIFT,0.5,2401.37828,225.2909582,428.2204989,432.5918955,NE,1,1,
es1-sx158.1,SEXTUPOLE,0.24,2401.61828,225.3132413,428.0244262,432.7302988,NE,1,1,
es1-dt158.1,DRIFT,0.104,2401.72228,225.3228983,427.9394613,432.7902735,NE,1,1,
es1-sx158.2,SEXTUPOLE,0.24,2401.96228,225.3451855,427.7433885,432.9286768,NE,1,1,
es1-dt158.2,DRIFT,0.156,2402.11828,225.3596738,427.6159412,433.018639,NE,1,1,
es1-q158,QUADRUPOLE,0.5,2402.49328,225.3945064,427.3095775,433.2348941,NE,1,1,
es1-dt155,DRIFT,2.15422,2404.7725,225.6063656,425.4475234,434.5492754,NE,1,1,
es1-mark155,MARKER,0,2405.1725,225.6435729,425.1207354,434.7799475,NE,1,1,
es1-q155,QUADRUPOLE,0.8,2405.3725,225.6621795,424.9573415,434.8952836,NE,1,1,
es1-dt152,DRIFT,2.15422,2407.72672,225.8813442,423.0340146,436.2529159,NE,1,1,
es1-mark152,MARKER,0,2408.12672,225.9186082,422.7072266,436.4835881,NE,1,1,
es1-q152,QUADRUPOLE,0.8,2408.32672,225.9372431,422.5438327,436.5989241,NE,1,1,
es1-dt149,DRIFT,2.15422,2410.68094,226.1567367,420.6205058,437.9565565,NE,1,1,
es1-mark149,MARKER,0,2411.08094,226.1940559,420.2937178,438.1872286,NE,1,1,
es1-q149,QUADRUPOLE,0.8,2411.28094,226.2127182,420.1303239,438.3025647,NE,1,1,
es1-dt146,DRIFT,2.15422,2413.63516,226.4325314,418.206997,439.660197,NE,1,1,
es1-mark146,MARKER,0,2414.03516,226.4699041,417.880209,439.8908692,NE,1,1,
es1-q146,QUADRUPOLE,0.8,2414.23516,226.4885932,417.7168151,440.0062052,NE,1,1,
es1-dt143,DRIFT,2.15422,2416.58938,226.7087163,415.7934882,441.3638376,NE,1,1,
es1-mark143,MARKER,0,2416.98938,226.746141,415.4667002,441.5945097,NE,1,1,
es1-q143,QUADRUPOLE,0.8,2417.18938,226.7648559,415.3033063,441.7098458,NE,1,1,
es1-dt142,DRIFT,0.535,2417.92438,226.833648,414.7028334,442.1337058,NE,1,1,
es1-dh139,RBEND,2.726014716,2420.65039,227.0887865,412.4668627,443.6930361,NE,1,1,
es1-dt139,DRIFT,0.2584,2420.90879,227.1129684,412.2540752,443.8396378,NE,1,1,
es1-dh136,RBEND,2.726014716,2423.63481,227.3680459,410.0005006,445.3734165,NE,1,1,
es1-dt136,DRIFT,0.535,2424.16981,227.418104,409.5565119,445.6719112,NE,1,1,
es1-mark135,MARKER,0,2424.56981,227.4555393,409.2245578,445.8950849,NE,1,1,
es1-q135,QUADRUPOLE,0.8,2424.76981,227.4742598,409.0585807,446.0066717,NE,1,1,
es1-dt134,DRIFT,0.535,2425.50481,227.5430734,408.4486151,446.4167532,NE,1,1,
es1-dh132,RBEND,2.726014716,2428.23082,227.7982916,406.1777284,447.9247816,NE,1,1,
es1-dt132,DRIFT,0.2584,2428.48922,227.8224808,405.9616589,448.0665016,NE,1,1,
es1-dh129,RBEND,2.726014716,2431.21524,228.0776336,403.6737545,449.5485843,NE,1,1,
es1-dt128,DRIFT,0.535,2431.75024,228.1277063,403.2230862,449.8368951,NE,1,1,
es1-mark128,MARKER,0,2432.15024,228.1651532,402.886138,450.0524546,NE,1,1,
es1-q128,QUADRUPOLE,0.8,2432.35024,228.1838796,402.7176638,450.1602343,NE,1,1,
es1-dt121,DRIFT,6.00508,2438.55532,228.7658418,397.4906868,453.5041434,NE,1,1,
es1-mark121,MARKER,0,2438.95532,228.80342,397.1537385,453.7197029,NE,1,1,
es1-q121,QUADRUPOLE,0.8,2439.15532,228.8222118,396.9852644,453.8274826,NE,1,1,
es1-dt115,DRIFT,6.00508,2445.3604,229.4061408,391.7582873,457.1713918,NE,1,1,
es1-mark114,MARKER,0,2445.7604,229.4438415,391.4213391,457.3869512,NE,1,1,
es1-q114,QUADRUPOLE,0.8,2445.9604,229.4626944,391.2528649,457.4947309,NE,1,1,
es1-dt108,DRIFT,6.00508,2452.16548,230.0484535,386.0258878,460.8386401,NE,1,1,
es1-mark107,MARKER,0,2452.56548,230.0862679,385.6889396,461.0541995,NE,1,1,
es1-q107,QUADRUPOLE,0.8,2452.76548,230.1051774,385.5204655,461.1619793,NE,1,1,
es1-dt106,DRIFT,0.535,2453.50048,230.1746837,384.9013231,461.5580698,NE,1,1,
es1-dh104,RBEND,2.726014716,2456.22649,230.4324732,382.5966973,463.0140148,NE,1,1,
es1-dt104,DRIFT,0.2584,2456.48489,230.4569068,382.3774578,463.1507796,NE,1,1,
es1-dh101,RBEND,2.726014716,2459.21091,230.7146436,380.0564092,464.5803983,NE,1,1,
es1-dt100,DRIFT,0.535,2459.74591,230.7652242,379.5992949,464.8583757,NE,1,1,
es1-mark100,MARKER,0,2460.14591,230.8030497,379.2575271,465.0662093,NE,1,1,
es1-q100,QUADRUPOLE,0.8,2460.34591,230.821965,379.0866432,465.1701261,NE,1,1,
es1-dt99,DRIFT,0.535,2461.08091,230.8914936,378.458645,465.5520203,NE,1,1,
es1-dh96,RBEND,2.726014716,2463.80692,231.1493658,376.1214744,466.9551274,NE,1,1,
es1-dt96,DRIFT,0.2584,2464.06532,231.173807,375.8991785,467.0868662,NE,1,1,
es1-dh93,RBEND,2.726014716,2466.79134,231.4316226,373.5461887,468.46328,NE,1,1,
es1-dt93,DRIFT,0.400002,2467.19134,231.4694503,373.1997768,468.663281,NE,1,1,
es1-mark92,MARKER,0,2467.59134,231.5072852,372.8533666,468.863281,NE,1,1,
es1-q92,QUADRUPOLE,0.8,2467.79134,231.5262055,372.6801615,468.963281,NE,1,1,
es1-dt80,DRIFT,12.36,2480.35134,232.7179686,361.8028825,475.243281,NE,1,1,
es1-sx79,SEXTUPOLE,0.24,2480.59134,232.7408063,361.5950364,475.363281,NE,1,1,
es1-dt79,DRIFT,0.2,2480.79134,232.7598395,361.4218313,475.463281,NE,1,1,
es1-mark79,MARKER,0,2481.19134,232.7979107,361.0754211,475.663281,NE,1,1,
es1-q79,QUADRUPOLE,0.8,2481.39134,232.8169487,360.902216,475.763281,NE,1,1,
es1-dt66.1,DRIFT,12.36,2493.95134,234.0155626,350.024937,482.043281,NE,1,1,
es1-sx66,SEXTUPOLE,0.24,2494.19134,234.0385207,349.8170909,482.163281,NE,1,1,
es1-dt66.2,DRIFT,0.2,2494.39134,234.057654,349.6438858,482.263281,NE,1,1,
es1-mark65.1,MARKER,0,2494.79134,234.0959244,349.2974756,482.463281,NE,1,1,
es1-q65,QUADRUPOLE,0.8,2494.99134,234.1150616,349.1242705,482.563281,NE,1,1,
es1-mark65.2,MARKER,0,2495.19134,234.1342001,348.9510655,482.663281,NE,1,1,
es1-dt52.1,DRIFT,12.36,2507.55134,235.3193462,338.2469915,488.843281,NE,1,1,
es1-sx52,SEXTUPOLE,0.24,2507.79134,235.3424019,338.0391454,488.963281,NE,1,1,
es1-dt52.2,DRIFT,0.2,2507.99134,235.3616161,337.8659403,489.063281,NE,1,1,
es1-mark52,MARKER,0,2508.39134,235.4000476,337.5195301,489.263281,NE,1,1,
es1-q51,QUADRUPOLE,0.8,2508.59134,235.4192649,337.3463251,489.363281,NE,1,1,
es1-dt39,MARKER,0,2521.15134,236.6280053,326.469046,495.643281,NE,1,1,
es1-mark39,MARKER,0,2521.15134,236.6280053,326.469046,495.643281,NE,1,1,
es1-dt39,DRIFT,12.36,2521.15134,236.6280053,326.469046,495.643281,NE,1,1,
es1-mark39,DRIFT,12.36,2521.15134,236.6280053,326.469046,495.643281,NE,1,1,
es1-sx39,SEXTUPOLE,0.24,2521.39134,236.651135,326.2611999,495.763281,NE,1,1,
es1-dt38,DRIFT,0.2,2521.59134,236.6704106,326.0879948,495.863281,NE,1,1,
es1-mark38,MARKER,0,2521.99134,236.708964,325.7415846,496.063281,NE,1,1,
es1-q38,QUADRUPOLE,0.8,2522.19134,236.7282418,325.5683796,496.163281,NE,1,1,
es1-dt25.1,DRIFT,12.36,2534.75134,237.9401956,314.6911005,502.443281,NE,1,1,
es1-sx25,SEXTUPOLE,0.24,2534.99134,237.9633754,314.4832544,502.563281,NE,1,1,
es1-dt25.2,DRIFT,0.2,2535.19134,237.9826923,314.3100493,502.663281,NE,1,1,
es1-mark24,MARKER,0,2535.59134,238.0213277,313.9636392,502.863281,NE,1,1,
es1-q24,QUADRUPOLE,0.8,2535.79134,238.0406461,313.7904341,502.963281,NE,1,1,
es1-dt12,MARKER,0,2548.35134,239.2545507,302.913155,509.243281,NE,1,1,
es1-mark12,MARKER,0,2548.35134,239.2545507,302.913155,509.243281,NE,1,1,
es1-dt12,DRIFT,12.36,2548.35134,239.2545507,302.913155,509.243281,NE,1,1,
es1-mark12,DRIFT,12.36,2548.35134,239.2545507,302.913155,509.243281,NE,1,1,
es1-sx11,SEXTUPOLE,0.24,2548.59134,239.2777563,302.7053089,509.363281,NE,1,1,
es1-dt11,DRIFT,0.2,2548.79134,239.2970945,302.5321038,509.463281,NE,1,1,
es1-mark11,MARKER,0,2549.19134,239.3357714,302.1856937,509.663281,NE,1,1,
es1-q11,QUADRUPOLE,0.8,2549.39134,239.3551101,302.0124886,509.763281,NE,1,1,
es2-dt316.1,MARKER,0,2556.06354,240.0003243,296.2341939,513.099381,NE,3,2,
es2-mark316,MARKER,0,2556.06354,240.0003243,296.2341939,513.099381,NE,3,2,
es2-dt316.1,DRIFT,6.4722,2556.06354,240.0003243,296.2341939,513.099381,NE,3,2,
es2-mark316,DRIFT,6.4722,2556.06354,240.0003243,296.2341939,513.099381,NE,3,2,
es2-dt2,DRIFT,6.3278,2562.39134,240.6122369,290.7541583,516.263281,NE,3,2,
es2-mark3,MARKER,0,2562.79134,240.6509145,290.4077482,516.463281,NE,3,2,
es2-q3,QUADRUPOLE,0.8,2562.99134,240.6702532,290.2345431,516.563281,NE,3,2,
es2-dt3,DRIFT,0.2,2563.39134,240.7089299,289.8881329,516.763281,NE,3,2,
es2-sx4,SEXTUPOLE,0.24,2563.63134,240.7321357,289.6802868,516.883281,NE,3,2,
es2-dt16,DRIFT,12.36,2575.99134,241.9267345,278.9762128,523.063281,NE,3,2,
es2-mark16,MARKER,0,2576.39134,241.9653723,278.6298027,523.263281,NE,3,2,
es2-q17,QUADRUPOLE,0.8,2576.59134,241.9846905,278.4565976,523.363281,NE,3,2,
es2-dt17,DRIFT,0.2,2576.99134,242.0233255,278.1101874,523.563281,NE,3,2,
es2-sx17,SEXTUPOLE,0.24,2577.23134,242.0465057,277.9023413,523.683281,NE,3,2,
es2-dt30,DRIFT,12.36,2589.59134,243.2392065,267.1982673,529.863281,NE,3,2,
es2-mark30,MARKER,0,2589.99134,243.2777639,266.8518572,530.063281,NE,3,2,
es2-q30,QUADRUPOLE,0.8,2590.19134,243.2970415,266.6786521,530.163281,NE,3,2,
es2-dt31,DRIFT,0.2,2590.59134,243.3355945,266.3322419,530.363281,NE,3,2,
es2-sx31,SEXTUPOLE,0.24,2590.83134,243.3587248,266.1243958,530.483281,NE,3,2,
es2-dt43,DRIFT,12.36,2603.19134,244.548285,255.4203219,536.663281,NE,3,2,
es2-mark44.1,MARKER,0,2603.59134,244.586722,255.0739117,536.863281,NE,3,2,
es2-q44,QUADRUPOLE,0.8,2603.79134,244.605939,254.9007066,536.963281,NE,3,2,
es2-dt44,DRIFT,0.2,2604.19134,244.6443699,254.5542965,537.163281,NE,3,2,
es2-mark44.2,MARKER,0,2604.43134,244.6674264,254.3464504,537.283281,NE,3,2,
es2-sx44,MARKER,0,2604.43134,244.6674264,254.3464504,537.283281,NE,3,2,
es2-mark44.2,SEXTUPOLE,0.24,2604.43134,244.6674264,254.3464504,537.283281,NE,3,2,
es2-sx44,SEXTUPOLE,0.24,2604.43134,244.6674264,254.3464504,537.283281,NE,3,2,
es2-dt57,DRIFT,12.36,2616.79134,245.8526228,243.6423764,543.463281,NE,3,2,
es2-mark57,MARKER,0,2617.19134,245.8909004,243.2959662,543.663281,NE,3,2,
es2-q57,QUADRUPOLE,0.8,2617.39134,245.9100372,243.1227611,543.763281,NE,3,2,
es2-dt58,DRIFT,0.2,2617.79134,245.9483068,242.776351,543.963281,NE,3,2,
es2-sx58,SEXTUPOLE,0.24,2618.03134,245.971266,242.5685049,544.083281,NE,3,2,
es2-dt70,DRIFT,12.36,2630.39134,247.1509027,231.8644309,550.263281,NE,3,2,
es2-mark71,MARKER,0,2630.79134,247.1889824,231.5180207,550.463281,NE,3,2,
es2-q71,QUADRUPOLE,0.8,2630.99134,247.2080199,231.3448156,550.563281,NE,3,2,
es2-dt71,DRIFT,0.2,2631.39134,247.2460901,230.9984055,550.763281,NE,3,2,
es2-sx72,SEXTUPOLE,0.24,2631.63134,247.2689292,230.7905594,550.883281,NE,3,2,
es2-dt84,DRIFT,12.36,2643.99134,248.441844,220.0864854,557.063281,NE,3,2,
es2-mark84,MARKER,0,2644.39134,248.479689,219.7400752,557.263281,NE,3,2,
es2-q85,QUADRUPOLE,0.8,2644.59134,248.4986087,219.5668701,557.363281,NE,3,2,
es2-dt85,DRIFT,0.400002,2645.19134,248.5553567,219.0472532,557.663282,NE,3,2,
es2-dh88,RBEND,2.726014716,2647.91735,248.8131899,216.678749,559.0128241,NE,3,2,
es2-dt88,DRIFT,0.2584,2648.17575,248.8376327,216.4535119,559.1394685,NE,3,2,
es2-dh91,RBEND,2.726014716,2650.90177,249.0955224,214.0698002,560.4619641,NE,3,2,
es2-dt91,DRIFT,0.535,2651.43677,249.1461374,213.6005075,560.718848,NE,3,2,
es2-mark92,MARKER,0,2651.83677,249.1839723,213.2496344,560.9109108,NE,3,2,
es2-q92,QUADRUPOLE,0.8,2652.03677,249.2028872,213.0741979,561.0069422,NE,3,2,
es2-dt93,DRIFT,0.535,2652.77177,249.2723844,212.4294687,561.3598575,NE,3,2,
es2-dh95,RBEND,2.726014716,2655.49778,249.5301389,210.0308583,562.6551352,NE,3,2,
es2-dt96,DRIFT,0.2584,2655.75618,249.5545741,209.8027968,562.7766198,NE,3,2,
es2-dh98,RBEND,2.726014716,2658.4822,249.8123811,207.3895985,564.0445117,NE,3,2,
es2-dt99,DRIFT,0.535,2659.0172,249.8629797,206.9145799,564.2906465,NE,3,2,
es2-mark99,MARKER,0,2659.4172,249.900803,206.5594258,564.4746725,NE,3,2,
es2-q100,QUADRUPOLE,0.8,2659.6172,249.9197122,206.3818488,564.5666855,NE,3,2,
es2-dt106,DRIFT,6.1596,2665.9768,250.5201328,200.735254,567.4925152,NE,3,2,
es2-mark106,MARKER,0,2666.3768,250.5578405,200.3800999,567.6765412,NE,3,2,
es2-q107,QUADRUPOLE,0.8,2666.5768,250.5766917,200.2025228,567.7685542,NE,3,2,
es2-dt113,DRIFT,6.1596,2672.9364,251.1751978,194.555928,570.6943838,NE,3,2,
es2-mark113,MARKER,0,2673.3364,251.2127806,194.2007739,570.8784098,NE,3,2,
es2-q114,QUADRUPOLE,0.8,2673.5364,251.2315692,194.0231969,570.9704228,NE,3,2,
es2-dt120,DRIFT,6.1596,2679.896,251.8280144,188.376602,573.8962524,NE,3,2,
es2-mark120,MARKER,0,2680.296,251.8654631,188.0214479,574.0802785,NE,3,2,
es2-q120,QUADRUPOLE,0.8,2680.496,251.8841845,187.8438709,574.1722915,NE,3,2,
es2-dt121,DRIFT,0.535,2681.231,251.9529683,187.1912753,574.5104393,NE,3,2,
es2-dh124,RBEND,2.726014716,2683.95701,252.2080793,184.7638017,575.7507813,NE,3,2,
es2-dt124,DRIFT,0.2584,2684.21541,252.2322645,184.5330339,575.8670429,NE,3,2,
es2-dh127,RBEND,2.726014716,2686.94143,252.4874411,182.0915996,577.0796742,NE,3,2,
es2-dt127,DRIFT,0.535,2687.47643,252.5375242,181.6111013,577.3149323,NE,3,2,
es2-mark128,MARKER,0,2687.87643,252.5749609,181.2518502,577.4908262,NE,3,2,
es2-q128,QUADRUPOLE,0.8,2688.07643,252.5936764,181.0722247,577.5787732,NE,3,2,
es2-dt129,DRIFT,0.535,2688.81143,252.6624399,180.4121008,577.9019782,NE,3,2,
es2-dh132,RBEND,2.726014716,2691.53744,252.9174754,177.9570222,579.0867417,NE,3,2,
es2-dt132,DRIFT,0.2584,2691.79584,252.9416533,177.7236676,579.1977202,NE,3,2,
es2-dh135,RBEND,2.726014716,2694.52186,253.1967501,175.2552626,580.3544625,NE,3,2,
es2-dt135,DRIFT,0.535,2695.05686,253.2468174,174.7695336,580.5787219,NE,3,2,
es2-mark135,MARKER,0,2695.45686,253.2842428,174.4063717,580.7463926,NE,3,2,
es2-q136,QUADRUPOLE,0.8,2695.65686,253.3029529,174.2247907,580.8302279,NE,3,2,
es2-dt138,DRIFT,2.0814,2697.93826,253.5162554,172.1534968,581.7865372,NE,3,2,
es2-mark138,MARKER,0,2698.33826,253.5536303,171.7903349,581.9542078,NE,3,2,
es2-q139,QUADRUPOLE,0.8,2698.53826,253.572315,171.608754,582.0380431,NE,3,2,
es2-dt141,DRIFT,2.0814,2700.81966,253.7853244,169.5374601,582.9943524,NE,3,2,
es2-mark141,MARKER,0,2701.21966,253.8226471,169.1742982,583.162023,NE,3,2,
es2-q141,QUADRUPOLE,0.8,2701.41966,253.8413057,168.9927172,583.2458583,NE,3,2,
es2-dt144,DRIFT,2.0814,2703.70106,254.0540131,166.9214233,584.2021676,NE,3,2,
es2-mark144,MARKER,0,2704.10106,254.0912821,166.5582614,584.3698382,NE,3,2,
es2-q144,QUADRUPOLE,0.8,2704.30106,254.1099138,166.3766804,584.4536735,NE,3,2,
es2-dt147,DRIFT,2.0814,2706.58246,254.3223106,164.3053865,585.4099828,NE,3,2,
es2-mark147,MARKER,0,2706.98246,254.3595245,163.9422246,585.5776535,NE,3,2,
es2-q147,QUADRUPOLE,0.8,2707.18246,254.3781285,163.7606437,585.6614888,NE,3,2,
es2-dt149,DRIFT,2.0814,2709.46386,254.590206,161.6893498,586.6177981,NE,3,2,
es2-q150,QUADRUPOLE,0.5,2709.83886,254.6250412,161.3488855,586.7749893,NE,3,2,
es2-dt150.1,DRIFT,0.156,2710.11986,254.6511397,161.0937642,586.8927779,NE,3,2,
es2-sx150,SEXTUPOLE,0.24,2710.35986,254.6734271,160.8758671,586.9933802,NE,3,2,
es2-dt150.2,DRIFT,0.104,2710.46386,254.6830841,160.781445,587.0369746,NE,3,2,
es2-sx151,SEXTUPOLE,0.24,2710.70386,254.7053674,160.5635479,587.137577,NE,3,2,
es2-dt151,DRIFT,0.5,2711.20386,254.7517816,160.1095955,587.3471652,NE,3,2,
es2-dh154,RBEND,2.726014716,2713.92987,255.0048523,157.628184,588.4757363,NE,3,2,
es2-dt154,DRIFT,0.2584,2714.18827,255.0288444,157.3923637,588.5813742,NE,3,2,
es2-dh157,RBEND,2.726014716,2716.91429,255.2819848,154.8982671,589.6816279,NE,3,2,
es2-dt158,DRIFT,1.536638598,2718.45092,255.4246519,153.4888448,590.2938264,NE,3,2,
es2-ks159,HKICKER,0.2,2718.65092,255.4432125,153.3054026,590.3735067,NE,3,2,
es2-dt159,DRIFT,0.064,2718.71492,255.4491515,153.246701,590.3990043,NE,3,2,
es2-q159,QUADRUPOLE,0.5,2719.08992,255.4839463,152.9027468,590.5484047,NE,3,2,
es2-dt160,DRIFT,1.24,2720.45492,255.6105432,151.6507534,591.0922222,NE,3,2,
es2-dh163,RBEND,2.726014716,2723.18094,255.8633294,149.1442949,592.164016,NE,3,2,
es2-dt163,DRIFT,0.2584,2723.43934,255.8872944,148.9061311,592.2642585,NE,3,2,
es2-dh166,RBEND,2.726014716,2726.16535,256.1401472,146.3876355,593.3074536,NE,3,2,
es2-dt168.1,DRIFT,1.536638598,2727.70199,256.2826537,144.9646428,593.8874105,NE,3,2,
es2-ks168,HKICKER,0.2,2727.90199,256.3011939,144.7794343,593.9628943,NE,3,2,
es2-dt168.2,DRIFT,0.064,2727.96599,256.3071263,144.7201676,593.9870491,NE,3,2,
es2-mark168,MARKER,0,2728.21599,256.3302983,144.4886569,594.0814039,NE,3,2,
es2-q168,QUADRUPOLE,0.5,2728.34099,256.3418832,144.3729016,594.1285813,NE,3,2,
es2-dt169.1,DRIFT,0.156,2728.62199,256.3679235,144.1126837,594.2346361,NE,3,2,
es2-dt169.2,DRIFT,0.1721,2728.79409,256.3838703,143.9533118,594.29959,NE,3,2,
es2-sx169,SEXTUPOLE,0.24,2729.03409,256.4061064,143.7310616,594.3901706,NE,3,2,
es2-dt169.3,DRIFT,0.1721,2729.20619,256.42205,143.5716896,594.4551244,NE,3,2,
es2-cm170,MULTIPOLE,0,2729.70619,256.4683631,143.1086684,594.643834,NE,3,2,
es2-dt170,MULTIPOLE,0,2729.70619,256.4683631,143.1086684,594.643834,NE,3,2,
es2-cm170,DRIFT,0.5,2729.70619,256.4683631,143.1086684,594.643834,NE,3,2,
es2-dt170,DRIFT,0.5,2729.70619,256.4683631,143.1086684,594.643834,NE,3,2,
es2-cm172,MULTIPOLE,0,2732.43227,256.720868,140.5789032,595.6595691,NE,3,2,
es2-dv172,MULTIPOLE,0,2732.43227,256.720868,140.5789032,595.6595691,NE,3,2,
es2-cm172,SBEND,2.726077105,2732.43227,256.720868,140.5789032,595.6595691,NE,3,2,
es2-dv172,SBEND,2.726077105,2732.43227,256.720868,140.5789032,595.6595691,NE,3,2,
es2-cm173,MULTIPOLE,0,2732.69067,256.7448039,140.3386127,595.7546018,NE,3,2,
es2-dt173,MULTIPOLE,0,2732.69067,256.7448039,140.3386127,595.7546018,NE,3,2,
es2-cm173,DRIFT,0.258400373,2732.69067,256.7448039,140.3386127,595.7546018,NE,3,2,
es2-dt173,DRIFT,0.258400373,2732.69067,256.7448039,140.3386127,595.7546018,NE,3,2,
es2-cm174.1,MULTIPOLE,0,2733.58207,256.8273732,139.5091301,596.0810257,NE,3,2,
es2-dv174,MULTIPOLE,0,2733.58207,256.8273732,139.5091301,596.0810257,NE,3,2,
es2-cm174.1,SBEND,0.891400429,2733.58207,256.8273732,139.5091301,596.0810257,NE,3,2,
es2-dv174,SBEND,0.891400429,2733.58207,256.8273732,139.5091301,596.0810257,NE,3,2,
es2-cm174.2,MULTIPOLE,0,2733.84047,256.851308,139.268518,596.1752411,NE,3,2,
es2-dt174,MULTIPOLE,0,2733.84047,256.851308,139.268518,596.1752411,NE,3,2,
es2-cm174.2,DRIFT,0.258400373,2733.84047,256.851308,139.268518,596.1752411,NE,3,2,
es2-dt174,DRIFT,0.258400373,2733.84047,256.851308,139.268518,596.1752411,NE,3,2,
es2-cm177,MULTIPOLE,0,2736.56655,257.1038286,136.7249834,597.1559865,NE,3,2,
es2-dv177,MULTIPOLE,0,2736.56655,257.1038286,136.7249834,597.1559865,NE,3,2,
es2-cm177,SBEND,2.726077105,2736.56655,257.1038286,136.7249834,597.1559865,NE,3,2,
es2-dv177,SBEND,2.726077105,2736.56655,257.1038286,136.7249834,597.1559865,NE,3,2,
es2-dt177.1,DRIFT,0.386683214,2736.95323,257.1396485,136.3634734,597.293225,NE,3,2,
es2-ks177,VKICKER,0.2,2737.15323,257.1581728,136.1764934,597.3642074,NE,3,2,
es2-dt177.2,DRIFT,0.064,2737.21723,257.1641002,136.1166598,597.3869217,NE,3,2,
es2-q178,QUADRUPOLE,0.5,2737.59223,257.1988278,135.7660724,597.5200137,NE,3,2,
es2-dt178.1,DRIFT,0.156,2737.87323,257.2248464,135.5033656,597.6197439,NE,3,2,
es2-sx178.1,SEXTUPOLE,0.24,2738.11323,257.2470661,135.2789897,597.7049228,NE,3,2,
es2-dt178.2,DRIFT,0.104,2738.21723,257.2566939,135.1817601,597.7418336,NE,3,2,
es2-sx178.2,SEXTUPOLE,0.24,2738.45723,257.2789101,134.9573841,597.8270125,NE,3,2,
es2-cm179,MULTIPOLE,0,2738.95723,257.325186,134.4899343,598.0044684,NE,3,2,
es2-dt179,MULTIPOLE,0,2738.95723,257.325186,134.4899343,598.0044684,NE,3,2,
es2-cm179,DRIFT,0.5,2738.95723,257.325186,134.4899343,598.0044684,NE,3,2,
es2-dt179,DRIFT,0.5,2738.95723,257.325186,134.4899343,598.0044684,NE,3,2,
es2-cm182.1,MULTIPOLE,0,2741.68331,257.5774886,131.9363429,598.9587224,NE,3,2,
es2-dv182,MULTIPOLE,0,2741.68331,257.5774886,131.9363429,598.9587224,NE,3,2,
es2-cm182.1,SBEND,2.726077105,2741.68331,257.5774886,131.9363429,598.9587224,NE,3,2,
es2-dv182,SBEND,2.726077105,2741.68331,257.5774886,131.9363429,598.9587224,NE,3,2,
es2-cm182.2,MULTIPOLE,0,2741.94171,257.6014052,131.6938243,599.0479158,NE,3,2,
es2-dt182,MULTIPOLE,0,2741.94171,257.6014052,131.6938243,599.0479158,NE,3,2,
es2-cm182.2,DRIFT,0.258400373,2741.94171,257.6014052,131.6938243,599.0479158,NE,3,2,
es2-dt182,DRIFT,0.258400373,2741.94171,257.6014052,131.6938243,599.0479158,NE,3,2,
es2-cm183.1,MULTIPOLE,0,2742.83311,257.6839082,130.8566895,599.3541826,NE,3,2,
es2-dv183,MULTIPOLE,0,2742.83311,257.6839082,130.8566895,599.3541826,NE,3,2,
es2-cm183.1,SBEND,0.891400429,2742.83311,257.6839082,130.8566895,599.3541826,NE,3,2,
es2-dv183,SBEND,0.891400429,2742.83311,257.6839082,130.8566895,599.3541826,NE,3,2,
es2-cm183.2,MULTIPOLE,0,2743.09151,257.7078238,130.6138691,599.4425511,NE,3,2,
es2-dt183,MULTIPOLE,0,2743.09151,257.7078238,130.6138691,599.4425511,NE,3,2,
es2-cm183.2,DRIFT,0.258400373,2743.09151,257.7078238,130.6138691,599.4425511,NE,3,2,
es2-dt183,DRIFT,0.258400373,2743.09151,257.7078238,130.6138691,599.4425511,NE,3,2,
es2-cm186,MULTIPOLE,0,2745.81759,257.9601414,128.0473586,600.3614926,NE,3,2,
es2-dv186,MULTIPOLE,0,2745.81759,257.9601414,128.0473586,600.3614926,NE,3,2,
es2-cm186,SBEND,2.726077105,2745.81759,257.9601414,128.0473586,600.3614926,NE,3,2,
es2-dv186,SBEND,2.726077105,2745.81759,257.9601414,128.0473586,600.3614926,NE,3,2,
es2-dt186.1,DRIFT,0.386683214,2746.20427,257.9959325,127.6826351,600.4899476,NE,3,2,
es2-ks186,HKICKER,0.2,2746.40427,258.014442,127.4939931,600.556387,NE,3,2,
es2-dt186.2,DRIFT,0.064,2746.46827,258.0203648,127.4336277,600.5776476,NE,3,2,
es2-q187,QUADRUPOLE,0.5,2746.84327,258.055065,127.0799239,600.7022214,NE,3,2,
es2-dt187.1,DRIFT,0.156,2747.12427,258.0810635,126.8148819,600.7955688,NE,3,2,
es2-dt187.2,DRIFT,0.1721,2747.29637,258.0969849,126.6525554,600.8527399,NE,3,2,
es2-sx188,SEXTUPOLE,0.24,2747.53637,258.1191859,126.426185,600.9324671,NE,3,2,
es2-dt188.1,DRIFT,0.1721,2747.70847,258.1351045,126.2638586,600.9896382,NE,3,2,
es2-cm188,MULTIPOLE,0,2748.20847,258.1813459,125.7922535,601.1557367,NE,3,2,
es2-dt188.2,MULTIPOLE,0,2748.20847,258.1813459,125.7922535,601.1557367,NE,3,2,
es2-cm188,DRIFT,0.5,2748.20847,258.1813459,125.7922535,601.1557367,NE,3,2,
es2-dt188.2,DRIFT,0.5,2748.20847,258.1813459,125.7922535,601.1557367,NE,3,2,
es2-cm191.1,MULTIPOLE,0,2750.93455,258.4334607,123.2163299,602.0479514,NE,3,2,
es2-dv191,MULTIPOLE,0,2750.93455,258.4334607,123.2163299,602.0479514,NE,3,2,
es2-cm191.1,SBEND,2.726077105,2750.93455,258.4334607,123.2163299,602.0479514,NE,3,2,
es2-dv191,SBEND,2.726077105,2750.93455,258.4334607,123.2163299,602.0479514,NE,3,2,
es2-cm191.2,MULTIPOLE,0,2751.19295,258.4573594,122.971725,602.1312532,NE,3,2,
es2-dt191,MULTIPOLE,0,2751.19295,258.4573594,122.971725,602.1312532,NE,3,2,
es2-cm191.2,DRIFT,0.258400373,2751.19295,258.4573594,122.971725,602.1312532,NE,3,2,
es2-dt191,DRIFT,0.258400373,2751.19295,258.4573594,122.971725,602.1312532,NE,3,2,
es2-cm192.1,MULTIPOLE,0,2752.08435,258.5398009,122.1274279,602.4171837,NE,3,2,
es2-dv192,MULTIPOLE,0,2752.08435,258.5398009,122.1274279,602.4171837,NE,3,2,
es2-cm192.1,SBEND,0.891400429,2752.08435,258.5398009,122.1274279,602.4171837,NE,3,2,
es2-dv192,SBEND,0.891400429,2752.08435,258.5398009,122.1274279,602.4171837,NE,3,2,
es2-cm192.2,MULTIPOLE,0,2752.34275,258.5636987,121.8825412,602.4996537,NE,3,2,
es2-dt192,MULTIPOLE,0,2752.34275,258.5636987,121.8825412,602.4996537,NE,3,2,
es2-cm192.2,DRIFT,0.258400373,2752.34275,258.5636987,121.8825412,602.4996537,NE,3,2,
es2-dt192,DRIFT,0.258400373,2752.34275,258.5636987,121.8825412,602.4996537,NE,3,2,
es2-cm195,MULTIPOLE,0,2755.06883,258.8158276,119.2945563,603.3562537,NE,3,2,
es2-dv195,MULTIPOLE,0,2755.06883,258.8158276,119.2945563,603.3562537,NE,3,2,
es2-cm195,SBEND,2.726077105,2755.06883,258.8158276,119.2945563,603.3562537,NE,3,2,
es2-dv195,SBEND,2.726077105,2755.06883,258.8158276,119.2945563,603.3562537,NE,3,2,
es2-dt195,DRIFT,0.386683214,2755.45551,258.8515919,118.9268328,603.47585,NE,3,2,
es2-ks196,VKICKER,0.2,2755.65551,258.8700878,118.7366391,603.5377076,NE,3,2,
es2-dt196.1,DRIFT,0.064,2755.71951,258.8760062,118.6757771,603.557502,NE,3,2,
es2-q196,QUADRUPOLE,0.5,2756.09451,258.9106812,118.3191639,603.6734848,NE,3,2,
es2-dt196.2,DRIFT,0.156,2756.37551,258.936661,118.0519417,603.7603947,NE,3,2,
es2-sx197.1,SEXTUPOLE,0.24,2756.61551,258.9588478,117.8237093,603.8346237,NE,3,2,
es2-dt197.1,DRIFT,0.104,2756.71951,258.9684615,117.7248085,603.8667896,NE,3,2,
es2-sx197.2,SEXTUPOLE,0.24,2756.95951,258.9906453,117.4965761,603.9410186,NE,3,2,
es2-cm197,MULTIPOLE,0,2757.45951,259.0368549,117.0210918,604.0956624,NE,3,2,
es2-dt197.2,MULTIPOLE,0,2757.45951,259.0368549,117.0210918,604.0956624,NE,3,2,
es2-cm197,DRIFT,0.5,2757.45951,259.0368549,117.0210918,604.0956624,NE,3,2,
es2-dt197.2,DRIFT,0.5,2757.45951,259.0368549,117.0210918,604.0956624,NE,3,2,
es2-cm200.1,MULTIPOLE,0,2760.18559,259.2887961,114.4243429,604.9253158,NE,3,2,
es2-dv200,MULTIPOLE,0,2760.18559,259.2887961,114.4243429,604.9253158,NE,3,2,
es2-cm200.1,SBEND,2.726077105,2760.18559,259.2887961,114.4243429,604.9253158,NE,3,2,
es2-dv200,SBEND,2.726077105,2760.18559,259.2887961,114.4243429,604.9253158,NE,3,2,
es2-cm200.2,MULTIPOLE,0,2760.44399,259.3126783,114.1777949,605.0026773,NE,3,2,
es2-dt200,MULTIPOLE,0,2760.44399,259.3126783,114.1777949,605.0026773,NE,3,2,
es2-cm200.2,DRIFT,0.258400373,2760.44399,259.3126783,114.1777949,605.0026773,NE,3,2,
es2-dt200,DRIFT,0.258400373,2760.44399,259.3126783,114.1777949,605.0026773,NE,3,2,
es2-cm201,MULTIPOLE,0,2761.33539,259.3950629,113.3268293,605.2681044,NE,3,2,
es2-dv201,MULTIPOLE,0,2761.33539,259.3950629,113.3268293,605.2681044,NE,3,2,
es2-cm201,SBEND,0.891400429,2761.33539,259.3950629,113.3268293,605.2681044,NE,3,2,
es2-dv201,SBEND,0.891400429,2761.33539,259.3950629,113.3268293,605.2681044,NE,3,2,
es2-cm202,MULTIPOLE,0,2761.59379,259.4189443,113.0800197,605.3446275,NE,3,2,
es2-dt202,MULTIPOLE,0,2761.59379,259.4189443,113.0800197,605.3446275,NE,3,2,
es2-cm202,DRIFT,0.258400373,2761.59379,259.4189443,113.0800197,605.3446275,NE,3,2,
es2-dt202,DRIFT,0.258400373,2761.59379,259.4189443,113.0800197,605.3446275,NE,3,2,
es2-cm204,MULTIPOLE,0,2764.31986,259.6708989,110.4720744,606.1383849,NE,3,2,
es2-dv204,MULTIPOLE,0,2764.31986,259.6708989,110.4720744,606.1383849,NE,3,2,
es2-cm204,SBEND,2.726077105,2764.31986,259.6708989,110.4720744,606.1383849,NE,3,2,
es2-dv204,SBEND,2.726077105,2764.31986,259.6708989,110.4720744,606.1383849,NE,3,2,
es2-dt205.1,DRIFT,0.386683214,2764.70655,259.7066384,110.1015659,606.2490526,NE,3,2,
es2-ks205,HKICKER,0.2,2764.90655,259.7251216,109.9099318,606.3062921,NE,3,2,
es2-dt205.2,DRIFT,0.064,2764.97055,259.731036,109.8486088,606.3246087,NE,3,2,
es2-q205,QUADRUPOLE,0.5,2765.34555,259.7656876,109.4892948,606.4319327,NE,3,2,
es2-dt206.1,DRIFT,0.156,2765.62655,259.7916502,109.2200489,606.5123542,NE,3,2,
es2-dt206.2,DRIFT,0.1721,2765.79865,259.8075498,109.0551477,606.5616088,NE,3,2,
es2-sx206,SEXTUPOLE,0.24,2766.03865,259.8297208,108.8251867,606.6302961,NE,3,2,
es2-dt206.3,DRIFT,0.1721,2766.21075,259.845618,108.6602855,606.6795507,NE,3,2,
es2-cm207,MULTIPOLE,0,2766.71075,259.8917983,108.1812002,606.8226494,NE,3,2,
es2-dt207,MULTIPOLE,0,2766.71075,259.8917983,108.1812002,606.8226494,NE,3,2,
es2-cm207,DRIFT,0.5,2766.71075,259.8917983,108.1812002,606.8226494,NE,3,2,
es2-dt207,DRIFT,0.5,2766.71075,259.8917983,108.1812002,606.8226494,NE,3,2,
es2-cm209,MULTIPOLE,0,2769.43682,260.14358,105.5651452,607.5892561,NE,3,2,
es2-dv209,MULTIPOLE,0,2769.43682,260.14358,105.5651452,607.5892561,NE,3,2,
es2-cm209,SBEND,2.726077105,2769.43682,260.14358,105.5651452,607.5892561,NE,3,2,
es2-dv209,SBEND,2.726077105,2769.43682,260.14358,105.5651452,607.5892561,NE,3,2,
es2-cm210,MULTIPOLE,0,2769.69522,260.1674471,105.3167982,607.660632,NE,3,2,
es2-dt210,MULTIPOLE,0,2769.69522,260.1674471,105.3167982,607.660632,NE,3,2,
es2-cm210,DRIFT,0.258400373,2769.69522,260.1674471,105.3167982,607.660632,NE,3,2,
es2-dt210,DRIFT,0.258400373,2769.69522,260.1674471,105.3167982,607.660632,NE,3,2,
es2-cm211.1,MULTIPOLE,0,2770.58663,260.2497794,104.4596621,607.9054003,NE,3,2,
es2-dv211,MULTIPOLE,0,2770.58663,260.2497794,104.4596621,607.9054003,NE,3,2,
es2-cm211.1,SBEND,0.891400429,2770.58663,260.2497794,104.4596621,607.9054003,NE,3,2,
es2-dv211,SBEND,0.891400429,2770.58663,260.2497794,104.4596621,607.9054003,NE,3,2,
es2-cm211.2,MULTIPOLE,0,2770.84503,260.2736456,104.2110739,607.9759318,NE,3,2,
es2-dt211,MULTIPOLE,0,2770.84503,260.2736456,104.2110739,607.9759318,NE,3,2,
es2-cm211.2,DRIFT,0.258400373,2770.84503,260.2736456,104.2110739,607.9759318,NE,3,2,
es2-dt211,DRIFT,0.258400373,2770.84503,260.2736456,104.2110739,607.9759318,NE,3,2,
es2-cm214,MULTIPOLE,0,2773.5711,260.5254399,101.584694,608.7063822,NE,3,2,
es2-dv214,MULTIPOLE,0,2773.5711,260.5254399,101.584694,608.7063822,NE,3,2,
es2-cm214,SBEND,2.726077105,2773.5711,260.5254399,101.584694,608.7063822,NE,3,2,
es2-dv214,SBEND,2.726077105,2773.5711,260.5254399,101.584694,608.7063822,NE,3,2,
es2-dt214.1,DRIFT,0.386683214,2773.95779,260.5611567,101.2116173,608.8080566,NE,3,2,
es2-ks214,VKICKER,0.2,2774.15779,260.5796283,101.0186548,608.8606446,NE,3,2,
es2-dt214.2,DRIFT,0.064,2774.22179,260.5855389,100.9569068,608.8774727,NE,3,2,
es2-q215,QUADRUPOLE,0.5,2774.59679,260.6201692,100.5951022,608.9760751,NE,3,2,
es2-dt215.1,DRIFT,0.156,2774.87779,260.646116,100.32399,609.0499611,NE,3,2,
es2-sx215.1,SEXTUPOLE,0.24,2775.11779,260.668275,100.092435,609.1130667,NE,3,2,
es2-dt215.2,DRIFT,0.104,2775.22179,260.6778767,99.99209455,609.1404124,NE,3,2,
es2-sx215.2,SEXTUPOLE,0.24,2775.46179,260.7000332,99.7605396,609.2035179,NE,3,2,
es2-cm216,MULTIPOLE,0,2775.96179,260.7461868,99.27813347,609.3349878,NE,3,2,
es2-dt216,MULTIPOLE,0,2775.96179,260.7461868,99.27813347,609.3349878,NE,3,2,
es2-cm216,DRIFT,0.5,2775.96179,260.7461868,99.27813347,609.3349878,NE,3,2,
es2-dt216,DRIFT,0.5,2775.96179,260.7461868,99.27813347,609.3349878,NE,3,2,
es2-cm219.1,MULTIPOLE,0,2778.68786,260.9978231,96.64430285,610.0380993,NE,3,2,
es2-dv219,MULTIPOLE,0,2778.68786,260.9978231,96.64430285,610.0380993,NE,3,2,
es2-cm219.1,SBEND,2.726077105,2778.68786,260.9978231,96.64430285,610.0380993,NE,3,2,
es2-dv219,SBEND,2.726077105,2778.68786,260.9978231,96.64430285,610.0380993,NE,3,2,
es2-cm219.2,MULTIPOLE,0,2778.94626,261.0216762,96.39430224,610.1034479,NE,3,2,
es2-dt219,MULTIPOLE,0,2778.94626,261.0216762,96.39430224,610.1034479,NE,3,2,
es2-cm219.2,DRIFT,0.258400373,2778.94626,261.0216762,96.39430224,610.1034479,NE,3,2,
es2-dt219,DRIFT,0.258400373,2778.94626,261.0216762,96.39430224,610.1034479,NE,3,2,
es2-cm220.1,MULTIPOLE,0,2779.83766,261.1039608,95.5314969,610.3274142,NE,3,2,
es2-dv220,MULTIPOLE,0,2779.83766,261.1039608,95.5314969,610.3274142,NE,3,2,
es2-cm220.1,SBEND,0.891400429,2779.83766,261.1039608,95.5314969,610.3274142,NE,3,2,
es2-dv220,SBEND,0.891400429,2779.83766,261.1039608,95.5314969,610.3274142,NE,3,2,
es2-cm220.2,MULTIPOLE,0,2780.09606,261.1278132,95.28127562,610.3919128,NE,3,2,
es2-dt220,MULTIPOLE,0,2780.09606,261.1278132,95.28127562,610.3919128,NE,3,2,
es2-cm220.2,DRIFT,0.258400373,2780.09606,261.1278132,95.28127562,610.3919128,NE,3,2,
es2-dt220,DRIFT,0.258400373,2780.09606,261.1278132,95.28127562,610.3919128,NE,3,2,
es2-cm223,MULTIPOLE,0,2782.82214,261.3794612,92.63799754,611.0586289,NE,3,2,
es2-dv223,MULTIPOLE,0,2782.82214,261.3794612,92.63799754,611.0586289,NE,3,2,
es2-cm223,SBEND,2.726077105,2782.82214,261.3794612,92.63799754,611.0586289,NE,3,2,
es2-dv223,SBEND,2.726077105,2782.82214,261.3794612,92.63799754,611.0586289,NE,3,2,
es2-dt223.1,DRIFT,0.386683214,2783.20882,261.4151571,92.2625709,611.1512505,NE,3,2,
es2-ks223,HKICKER,0.2,2783.40882,261.4336181,92.06839302,611.1991561,NE,3,2,
es2-dt223.2,DRIFT,0.064,2783.47282,261.4395254,92.0062561,611.2144859,NE,3,2,
es2-q224,QUADRUPOLE,0.5,2783.84782,261.4741361,91.64217257,611.304309,NE,3,2,
es2-dt224.1,DRIFT,0.156,2784.12882,261.5000685,91.36935264,611.3716164,NE,3,2,
es2-dt224.2,DRIFT,0.1721,2784.30092,261.5159499,91.20226258,611.4128392,NE,3,2,
es2-sx225,SEXTUPOLE,0.24,2784.54092,261.5380957,90.96924912,611.470326,NE,3,2,
es2-dt225.1,DRIFT,0.1721,2784.71302,261.5539751,90.80215905,611.5115488,NE,3,2,
es2-cm225,MULTIPOLE,0,2785.21302,261.6001045,90.31671435,611.6313129,NE,3,2,
es2-dt225.2,MULTIPOLE,0,2785.21302,261.6001045,90.31671435,611.6313129,NE,3,2,
es2-cm225,DRIFT,0.5,2785.21302,261.6001045,90.31671435,611.6313129,NE,3,2,
es2-dt225.2,DRIFT,0.5,2785.21302,261.6001045,90.31671435,611.6313129,NE,3,2,
es2-cm228.1,MULTIPOLE,0,2787.9391,261.851609,87.66664898,612.2705179,NE,3,2,
es2-dv228,MULTIPOLE,0,2787.9391,261.851609,87.66664898,612.2705179,NE,3,2,
es2-cm228.1,SBEND,2.726077105,2787.9391,261.851609,87.66664898,612.2705179,NE,3,2,
es2-dv228,SBEND,2.726077105,2787.9391,261.851609,87.66664898,612.2705179,NE,3,2,
es2-cm228.2,MULTIPOLE,0,2788.1975,261.8754496,87.41514099,612.329801,NE,3,2,
es2-dt228,MULTIPOLE,0,2788.1975,261.8754496,87.41514099,612.329801,NE,3,2,
es2-cm228.2,DRIFT,0.258400373,2788.1975,261.8754496,87.41514099,612.329801,NE,3,2,
es2-dt228,DRIFT,0.258400373,2788.1975,261.8754496,87.41514099,612.329801,NE,3,2,
es2-cm229.1,MULTIPOLE,0,2789.0889,261.957691,86.54717128,612.5328343,NE,3,2,
es2-dv229,MULTIPOLE,0,2789.0889,261.957691,86.54717128,612.5328343,NE,3,2,
es2-cm229.1,SBEND,0.891400429,2789.0889,261.957691,86.54717128,612.5328343,NE,3,2,
es2-dv229,SBEND,0.891400429,2789.0889,261.957691,86.54717128,612.5328343,NE,3,2,
es2-cm229.2,MULTIPOLE,0,2789.3473,261.9815309,86.29546325,612.5912622,NE,3,2,
es2-dt229,MULTIPOLE,0,2789.3473,261.9815309,86.29546325,612.5912622,NE,3,2,
es2-cm229.2,DRIFT,0.258400373,2789.3473,261.9815309,86.29546325,612.5912622,NE,3,2,
es2-dt229,DRIFT,0.258400373,2789.3473,261.9815309,86.29546325,612.5912622,NE,3,2,
es2-cm232,MULTIPOLE,0,2792.07338,262.2330462,83.63683341,613.193854,NE,3,2,
es2-dv232,MULTIPOLE,0,2792.07338,262.2330462,83.63683341,613.193854,NE,3,2,
es2-cm232,SBEND,2.726077105,2792.07338,262.2330462,83.63683341,613.193854,NE,3,2,
es2-dv232,SBEND,2.726077105,2792.07338,262.2330462,83.63683341,613.193854,NE,3,2,
es2-dt232,DRIFT,0.386683214,2792.46006,262.2687232,83.25927648,613.2773685,NE,3,2,
es2-ks233,VKICKER,0.2,2792.66006,262.2871746,83.06399677,613.3205638,NE,3,2,
es2-dt233.1,DRIFT,0.064,2792.72406,262.2930788,83.00150727,613.3343863,NE,3,2,
es2-q233,QUADRUPOLE,0.5,2793.09906,262.3276719,82.63535781,613.4153775,NE,3,2,
es2-dt233.2,DRIFT,0.156,2793.38006,262.3535914,82.36098982,613.4760669,NE,3,2,
es2-sx234.1,SEXTUPOLE,0.24,2793.62006,262.3757275,82.12665417,613.5279013,NE,3,2,
es2-dt234.1,DRIFT,0.104,2793.72406,262.3853193,82.02510872,613.5503629,NE,3,2,
es2-sx234.2,SEXTUPOLE,0.24,2793.96406,262.4074533,81.79077307,613.6021972,NE,3,2,
es2-cm234,MULTIPOLE,0,2794.46406,262.4535611,81.30257379,613.7101855,NE,3,2,
es2-dt234.2,MULTIPOLE,0,2794.46406,262.4535611,81.30257379,613.7101855,NE,3,2,
es2-cm234,DRIFT,0.5,2794.46406,262.4535611,81.30257379,613.7101855,NE,3,2,
es2-dt234.2,DRIFT,0.5,2794.46406,262.4535611,81.30257379,613.7101855,NE,3,2,
es2-cm237.1,MULTIPOLE,0,2797.19014,262.7049475,78.63782403,614.28511,NE,3,2,
es2-dv237,MULTIPOLE,0,2797.19014,262.7049475,78.63782403,614.28511,NE,3,2,
es2-cm237.1,SBEND,2.726077105,2797.19014,262.7049475,78.63782403,614.28511,NE,3,2,
es2-dv237,SBEND,2.726077105,2797.19014,262.7049475,78.63782403,614.28511,NE,3,2,
es2-cm237.2,MULTIPOLE,0,2797.44854,262.7287768,78.38495582,614.3382929,NE,3,2,
es2-dt237,MULTIPOLE,0,2797.44854,262.7287768,78.38495582,614.3382929,NE,3,2,
es2-cm237.2,DRIFT,0.258400373,2797.44854,262.7287768,78.38495582,614.3382929,NE,3,2,
es2-dt237,DRIFT,0.258400373,2797.44854,262.7287768,78.38495582,614.3382929,NE,3,2,
es2-cm238,MULTIPOLE,0,2798.33994,262.8109794,77.51232951,614.5202745,NE,3,2,
es2-dv238,MULTIPOLE,0,2798.33994,262.8109794,77.51232951,614.5202745,NE,3,2,
es2-cm238,SBEND,0.891400429,2798.33994,262.8109794,77.51232951,614.5202745,NE,3,2,
es2-dv238,SBEND,0.891400429,2798.33994,262.8109794,77.51232951,614.5202745,NE,3,2,
es2-cm239,MULTIPOLE,0,2798.59834,262.8348081,77.25928199,614.5725976,NE,3,2,
es2-dt239,MULTIPOLE,0,2798.59834,262.8348081,77.25928199,614.5725976,NE,3,2,
es2-cm239,DRIFT,0.258400373,2798.59834,262.8348081,77.25928199,614.5725976,NE,3,2,
es2-dt239,DRIFT,0.258400373,2798.59834,262.8348081,77.25928199,614.5725976,NE,3,2,
es2-cm241,MULTIPOLE,0,2801.32442,263.0862042,74.58685578,615.1107125,NE,3,2,
es2-dv241,MULTIPOLE,0,2801.32442,263.0862042,74.58685578,615.1107125,NE,3,2,
es2-cm241,SBEND,2.726077105,2801.32442,263.0862042,74.58685578,615.1107125,NE,3,2,
es2-dv241,SBEND,2.726077105,2801.32442,263.0862042,74.58685578,615.1107125,NE,3,2,
es2-dt242.1,DRIFT,0.386683214,2801.7111,263.1218643,74.20738945,615.1850711,NE,3,2,
es2-ks242,HKICKER,0.2,2801.9111,263.1403071,74.01112215,615.2235308,NE,3,2,
es2-dt242.2,DRIFT,0.064,2801.9751,263.1462086,73.94831662,615.2358379,NE,3,2,
es2-q242,QUADRUPOLE,0.5,2802.3501,263.180786,73.58031544,615.3079499,NE,3,2,
es2-dt243.1,DRIFT,0.156,2802.6311,263.2066939,73.3045599,615.3619858,NE,3,2,
es2-dt243.2,DRIFT,0.1721,2802.8032,263.2225605,73.13567189,615.3950804,NE,3,2,
es2-sx243,SEXTUPOLE,0.24,2803.0432,263.2446859,72.90015114,615.441232,NE,3,2,
es2-dt243.3,DRIFT,0.1721,2803.2153,263.2605509,72.73126313,615.4743266,NE,3,2,
es2-cm244,MULTIPOLE,0,2803.7153,263.3066395,72.2405949,615.5704759,NE,3,2,
es2-dt244,MULTIPOLE,0,2803.7153,263.3066395,72.2405949,615.5704759,NE,3,2,
es2-cm244,DRIFT,0.5,2803.7153,263.3066395,72.2405949,615.5704759,NE,3,2,
es2-dt244,DRIFT,0.5,2803.7153,263.3066395,72.2405949,615.5704759,NE,3,2,
es2-cm246,MULTIPOLE,0,2806.44138,263.5579213,69.56271971,616.0807836,NE,3,2,
es2-dv246,MULTIPOLE,0,2806.44138,263.5579213,69.56271971,616.0807836,NE,3,2,
es2-cm246,SBEND,2.726077105,2806.44138,263.5579213,69.56271971,616.0807836,NE,3,2,
es2-dv246,SBEND,2.726077105,2806.44138,263.5579213,69.56271971,616.0807836,NE,3,2,
es2-cm247,MULTIPOLE,0,2806.69978,263.5817406,69.3086392,616.1278351,NE,3,2,
es2-dt247,MULTIPOLE,0,2806.69978,263.5817406,69.3086392,616.1278351,NE,3,2,
es2-cm247,DRIFT,0.258400373,2806.69978,263.5817406,69.3086392,616.1278351,NE,3,2,
es2-dt247,DRIFT,0.258400373,2806.69978,263.5817406,69.3086392,616.1278351,NE,3,2,
es2-cm248.1,MULTIPOLE,0,2807.59118,263.6639088,68.43186681,616.2886584,NE,3,2,
es2-dv248,MULTIPOLE,0,2807.59118,263.6639088,68.43186681,616.2886584,NE,3,2,
es2-cm248.1,SBEND,0.891400429,2807.59118,263.6639088,68.43186681,616.2886584,NE,3,2,
es2-dv248,SBEND,0.891400429,2807.59118,263.6639088,68.43186681,616.2886584,NE,3,2,
es2-cm248.2,MULTIPOLE,0,2807.84958,263.6877276,68.17762785,616.3348461,NE,3,2,
es2-dt248,MULTIPOLE,0,2807.84958,263.6877276,68.17762785,616.3348461,NE,3,2,
es2-cm248.2,DRIFT,0.258400373,2807.84958,263.6877276,68.17762785,616.3348461,NE,3,2,
es2-dt248,DRIFT,0.258400373,2807.84958,263.6877276,68.17762785,616.3348461,NE,3,2,
es2-cm251,MULTIPOLE,0,2810.57566,263.939018,65.49296872,616.8081693,NE,3,2,
es2-dv251,MULTIPOLE,0,2810.57566,263.939018,65.49296872,616.8081693,NE,3,2,
es2-cm251,SBEND,2.726077105,2810.57566,263.939018,65.49296872,616.8081693,NE,3,2,
es2-dv251,SBEND,2.726077105,2810.57566,263.939018,65.49296872,616.8081693,NE,3,2,
es2-dt251.1,DRIFT,0.386683214,2810.96234,263.9746631,65.11181497,616.8733285,NE,3,2,
es2-ks251,VKICKER,0.2,2811.16234,263.9930983,64.91467491,616.9070301,NE,3,2,
es2-dt251.2,DRIFT,0.064,2811.22634,263.9989974,64.8515901,616.9178147,NE,3,2,
es2-q252,QUADRUPOLE,0.5,2811.60134,264.0335608,64.48195249,616.9810052,NE,3,2,
es2-dt252.1,DRIFT,0.156,2811.88234,264.0594585,64.20497072,617.028356,NE,3,2,
es2-sx252.1,SEXTUPOLE,0.24,2812.12234,264.0815764,63.96840265,617.0687979,NE,3,2,
es2-dt252.2,DRIFT,0.104,2812.22634,264.0911605,63.86588982,617.0863227,NE,3,2,
es2-sx252.2,SEXTUPOLE,0.24,2812.46634,264.1132767,63.62932176,617.1267647,NE,3,2,
es2-cm253,MULTIPOLE,0,2812.96634,264.1593485,63.13647162,617.2110187,NE,3,2,
es2-dt253,MULTIPOLE,0,2812.96634,264.1593485,63.13647162,617.2110187,NE,3,2,
es2-cm253,DRIFT,0.5,2812.96634,264.1593485,63.13647162,617.2110187,NE,3,2,
es2-dt253,DRIFT,0.5,2812.96634,264.1593485,63.13647162,617.2110187,NE,3,2,
es2-cm256.1,MULTIPOLE,0,2815.69242,264.4105391,60.44703764,617.656411,NE,3,2,
es2-dv256,MULTIPOLE,0,2815.69242,264.4105391,60.44703764,617.656411,NE,3,2,
es2-cm256.1,SBEND,2.726077105,2815.69242,264.4105391,60.44703764,617.656411,NE,3,2,
es2-dv256,SBEND,2.726077105,2815.69242,264.4105391,60.44703764,617.656411,NE,3,2,
es2-cm256.2,MULTIPOLE,0,2815.95082,264.4343496,60.19189348,617.6973037,NE,3,2,
es2-dt256,MULTIPOLE,0,2815.95082,264.4343496,60.19189348,617.6973037,NE,3,2,
es2-cm256.2,DRIFT,0.258400373,2815.95082,264.4343496,60.19189348,617.6973037,NE,3,2,
es2-dt256,DRIFT,0.258400373,2815.95082,264.4343496,60.19189348,617.6973037,NE,3,2,
es2-cm257.1,MULTIPOLE,0,2816.84222,264.5164878,59.31148795,617.8368747,NE,3,2,
es2-dv257,MULTIPOLE,0,2816.84222,264.5164878,59.31148795,617.8368747,NE,3,2,
es2-cm257.1,SBEND,0.891400429,2816.84222,264.5164878,59.31148795,617.8368747,NE,3,2,
es2-dv257,SBEND,0.891400429,2816.84222,264.5164878,59.31148795,617.8368747,NE,3,2,
es2-cm257.2,MULTIPOLE,0,2817.10062,264.540298,59.05620627,617.8768999,NE,3,2,
es2-dt257,MULTIPOLE,0,2817.10062,264.540298,59.05620627,617.8768999,NE,3,2,
es2-cm257.2,DRIFT,0.258400373,2817.10062,264.540298,59.05620627,617.8768999,NE,3,2,
es2-dt257,DRIFT,0.258400373,2817.10062,264.540298,59.05620627,617.8768999,NE,3,2,
es2-cm260,MULTIPOLE,0,2819.8267,264.7914961,56.36088483,618.2851545,NE,3,2,
es2-dv260,MULTIPOLE,0,2819.8267,264.7914961,56.36088483,618.2851545,NE,3,2,
es2-cm260,SBEND,2.726077105,2819.8267,264.7914961,56.36088483,618.2851545,NE,3,2,
es2-dv260,SBEND,2.726077105,2819.8267,264.7914961,56.36088483,618.2851545,NE,3,2,
es2-dt260.1,DRIFT,0.386683214,2820.21338,264.827128,55.97826666,618.3410762,NE,3,2,
es2-ks260,HKICKER,0.2,2820.41338,264.8455565,55.78036917,618.37,NE,3,2,
es2-dt260.2,DRIFT,0.064,2820.47738,264.8514535,55.71704198,618.3792556,NE,3,2,
es2-q261,QUADRUPOLE,0.5,2820.85238,264.8860049,55.3459842,618.4334878,NE,3,2,
es2-dt261.1,DRIFT,0.156,2821.13338,264.9118938,55.06793824,618.4741257,NE,3,2,
es2-dt261.2,DRIFT,0.1721,2821.30548,264.927749,54.89764745,618.4990146,NE,3,2,
es2-sx262,SEXTUPOLE,0.24,2821.54548,264.9498588,54.66017047,618.5337232,NE,3,2,
es2-dt262.1,DRIFT,0.1721,2821.71758,264.9657128,54.48987969,618.5586121,NE,3,2,
es2-cm262,MULTIPOLE,0,2822.21758,265.0117703,53.99513598,618.6309216,NE,3,2,
es2-dt262.2,MULTIPOLE,0,2822.21758,265.0117703,53.99513598,618.6309216,NE,3,2,
es2-cm262,DRIFT,0.5,2822.21758,265.0117703,53.99513598,618.6309216,NE,3,2,
es2-dt262.2,DRIFT,0.5,2822.21758,265.0117703,53.99513598,618.6309216,NE,3,2,
es2-cm265.1,MULTIPOLE,0,2824.94366,265.2628829,51.2957166,619.011138,NE,3,2,
es2-dv265,MULTIPOLE,0,2824.94366,265.2628829,51.2957166,619.011138,NE,3,2,
es2-cm265.1,SBEND,2.726077105,2824.94366,265.2628829,51.2957166,619.011138,NE,3,2,
es2-dv265,SBEND,2.726077105,2824.94366,265.2628829,51.2957166,619.011138,NE,3,2,
es2-cm265.2,MULTIPOLE,0,2825.20206,265.286686,51.03965807,619.0458479,NE,3,2,
es2-dt265,MULTIPOLE,0,2825.20206,265.286686,51.03965807,619.0458479,NE,3,2,
es2-cm265.2,DRIFT,0.258400373,2825.20206,265.286686,51.03965807,619.0458479,NE,3,2,
es2-dt265,DRIFT,0.258400373,2825.20206,265.286686,51.03965807,619.0458479,NE,3,2,
es2-cm266.1,MULTIPOLE,0,2826.09346,265.3687985,50.15613445,619.1640849,NE,3,2,
es2-dv266,MULTIPOLE,0,2826.09346,265.3687985,50.15613445,619.1640849,NE,3,2,
es2-cm266.1,SBEND,0.891400429,2826.09346,265.3687985,50.15613445,619.1640849,NE,3,2,
es2-dv266,SBEND,0.891400429,2826.09346,265.3687985,50.15613445,619.1640849,NE,3,2,
es2-cm266.2,MULTIPOLE,0,2826.35186,265.3926012,49.89995942,619.1979243,NE,3,2,
es2-dt266,MULTIPOLE,0,2826.35186,265.3926012,49.89995942,619.1979243,NE,3,2,
es2-cm266.2,DRIFT,0.258400373,2826.35186,265.3926012,49.89995942,619.1979243,NE,3,2,
es2-dt266,DRIFT,0.258400373,2826.35186,265.3926012,49.89995942,619.1979243,NE,3,2,
es2-cm269,MULTIPOLE,0,2829.07793,265.6437203,47.1955525,619.5408714,NE,3,2,
es2-dv269,MULTIPOLE,0,2829.07793,265.6437203,47.1955525,619.5408714,NE,3,2,
es2-cm269,SBEND,2.726077105,2829.07793,265.6437203,47.1955525,619.5408714,NE,3,2,
es2-dv269,SBEND,2.726077105,2829.07793,265.6437203,47.1955525,619.5408714,NE,3,2,
es2-dt269,DRIFT,0.386683214,2829.46462,265.6793409,46.81169375,619.5875229,NE,3,2,
es2-ks270,VKICKER,0.2,2829.66462,265.6977637,46.61315461,619.611652,NE,3,2,
es2-dt270.1,DRIFT,0.064,2829.72862,265.7036589,46.54962209,619.6193733,NE,3,2,
es2-q270,QUADRUPOLE,0.5,2830.10362,265.7382,46.17736121,619.6646153,NE,3,2,
es2-dt270.2,DRIFT,0.156,2830.38462,265.7640815,45.89841373,619.6985166,NE,3,2,
es2-sx271.1,SEXTUPOLE,0.24,2830.62462,265.7861859,45.66016676,619.7274715,NE,3,2,
es2-dt271.1,DRIFT,0.104,2830.72862,265.7957642,45.55692641,619.7400186,NE,3,2,
es2-sx271.2,SEXTUPOLE,0.24,2830.96862,265.8178673,45.31867945,619.7689735,NE,3,2,
es2-cm271,MULTIPOLE,0,2831.46862,265.863913,44.82233161,619.8292962,NE,3,2,
es2-dt271.2,MULTIPOLE,0,2831.46862,265.863913,44.82233161,619.8292962,NE,3,2,
es2-cm271,DRIFT,0.5,2831.46862,265.863913,44.82233161,619.8292962,NE,3,2,
es2-dt271.2,DRIFT,0.5,2831.46862,265.863913,44.82233161,619.8292962,NE,3,2,
es2-cm274.1,MULTIPOLE,0,2834.19469,266.1149608,42.11450609,620.1441142,NE,3,2,
es2-dv274,MULTIPOLE,0,2834.19469,266.1149608,42.11450609,620.1441142,NE,3,2,
es2-cm274.1,SBEND,2.726077105,2834.19469,266.1149608,42.11450609,620.1441142,NE,3,2,
es2-dv274,SBEND,2.726077105,2834.19469,266.1149608,42.11450609,620.1441142,NE,3,2,
es2-cm274.2,MULTIPOLE,0,2834.45309,266.1387576,41.85768297,620.172621,NE,3,2,
es2-dt274,MULTIPOLE,0,2834.45309,266.1387576,41.85768297,620.172621,NE,3,2,
es2-cm274.2,DRIFT,0.258400373,2834.45309,266.1387576,41.85768297,620.172621,NE,3,2,
es2-dt274,DRIFT,0.258400373,2834.45309,266.1387576,41.85768297,620.172621,NE,3,2,
es2-cm275,MULTIPOLE,0,2835.3445,266.2208488,40.97155816,620.2694548,NE,3,2,
es2-dv275,MULTIPOLE,0,2835.3445,266.2208488,40.97155816,620.2694548,NE,3,2,
es2-cm275,SBEND,0.891400429,2835.3445,266.2208488,40.97155816,620.2694548,NE,3,2,
es2-dv275,SBEND,0.891400429,2835.3445,266.2208488,40.97155816,620.2694548,NE,3,2,
es2-cm276,MULTIPOLE,0,2835.6029,266.2446453,40.71463964,620.2970885,NE,3,2,
es2-dt276,MULTIPOLE,0,2835.6029,266.2446453,40.71463964,620.2970885,NE,3,2,
es2-cm276,DRIFT,0.258400373,2835.6029,266.2446453,40.71463964,620.2970885,NE,3,2,
es2-dt276,DRIFT,0.258400373,2835.6029,266.2446453,40.71463964,620.2970885,NE,3,2,
es2-cm278,MULTIPOLE,0,2838.32897,266.4956984,38.00272941,620.5745275,NE,3,2,
es2-dv278,MULTIPOLE,0,2838.32897,266.4956984,38.00272941,620.5745275,NE,3,2,
es2-cm278,SBEND,2.726077105,2838.32897,266.4956984,38.00272941,620.5745275,NE,3,2,
es2-dv278,SBEND,2.726077105,2838.32897,266.4956984,38.00272941,620.5745275,NE,3,2,
es2-dt279.1,DRIFT,0.386683214,2838.71566,266.5313096,37.61785464,620.6118815,NE,3,2,
es2-ks279,HKICKER,0.2,2838.91566,266.5497278,37.41879001,620.6312018,NE,3,2,
es2-dt279.2,DRIFT,0.064,2838.97966,266.5556215,37.35508932,620.6373842,NE,3,2,
es2-q279,QUADRUPOLE,0.5,2839.35466,266.5901541,36.98184313,620.6736096,NE,3,2,
es2-dt280.1,DRIFT,0.156,2839.63566,266.6160295,36.70215732,620.7007545,NE,3,2,
es2-dt280.2,DRIFT,0.1721,2839.80776,266.6318767,36.5308622,620.7173796,NE,3,2,
es2-sx280,SEXTUPOLE,0.24,2840.04776,266.6539755,36.29198463,620.7405638,NE,3,2,
es2-dt280.3,DRIFT,0.1721,2840.21986,266.6698218,36.12068952,620.7571889,NE,3,2,
es2-cm281,MULTIPOLE,0,2840.71986,266.715858,35.62302793,620.8054894,NE,3,2,
es2-dt281,MULTIPOLE,0,2840.71986,266.715858,35.62302793,620.8054894,NE,3,2,
es2-cm281,DRIFT,0.5,2840.71986,266.715858,35.62302793,620.8054894,NE,3,2,
es2-dt281,DRIFT,0.5,2840.71986,266.715858,35.62302793,620.8054894,NE,3,2,
es2-cm283,MULTIPOLE,0,2843.44593,266.9668541,32.90838041,621.0547249,NE,3,2,
es2-dv283,MULTIPOLE,0,2843.44593,266.9668541,32.90838041,621.0547249,NE,3,2,
es2-cm283,SBEND,2.726077105,2843.44593,266.9668541,32.90838041,621.0547249,NE,3,2,
es2-dv283,SBEND,2.726077105,2843.44593,266.9668541,32.90838041,621.0547249,NE,3,2,
es2-cm284,MULTIPOLE,0,2843.70433,266.9906459,32.65094296,621.0770119,NE,3,2,
es2-dt284,MULTIPOLE,0,2843.70433,266.9906459,32.65094296,621.0770119,NE,3,2,
es2-cm284,DRIFT,0.258400373,2843.70433,266.9906459,32.65094296,621.0770119,NE,3,2,
es2-dt284,DRIFT,0.258400373,2843.70433,266.9906459,32.65094296,621.0770119,NE,3,2,
es2-cm285.1,MULTIPOLE,0,2844.59573,267.07272,31.76273537,621.1523859,NE,3,2,
es2-dv285,MULTIPOLE,0,2844.59573,267.07272,31.76273537,621.1523859,NE,3,2,
es2-cm285.1,SBEND,0.891400429,2844.59573,267.07272,31.76273537,621.1523859,NE,3,2,
es2-dv285,SBEND,0.891400429,2844.59573,267.07272,31.76273537,621.1523859,NE,3,2,
es2-cm285.2,MULTIPOLE,0,2844.85413,267.0965116,31.50522366,621.1737978,NE,3,2,
es2-dt285,MULTIPOLE,0,2844.85413,267.0965116,31.50522366,621.1737978,NE,3,2,
es2-cm285.2,DRIFT,0.258400373,2844.85413,267.0965116,31.50522366,621.1737978,NE,3,2,
es2-dt285,DRIFT,0.258400373,2844.85413,267.0965116,31.50522366,621.1737978,NE,3,2,
es2-cm288,MULTIPOLE,0,2847.58021,267.3475119,28.78739667,621.3855664,NE,3,2,
es2-dv288,MULTIPOLE,0,2847.58021,267.3475119,28.78739667,621.3855664,NE,3,2,
es2-cm288,SBEND,2.726077105,2847.58021,267.3475119,28.78739667,621.3855664,NE,3,2,
es2-dv288,SBEND,2.726077105,2847.58021,267.3475119,28.78739667,621.3855664,NE,3,2,
es2-dt288.1,DRIFT,0.386683214,2847.96689,267.3831155,28.40173105,621.4136011,NE,3,2,
es2-ks288,VKICKER,0.2,2848.16689,267.4015299,28.20225737,621.4281011,NE,3,2,
es2-dt288.2,DRIFT,0.064,2848.23089,267.4074225,28.1384258,621.4327411,NE,3,2,
es2-q289,QUADRUPOLE,0.5,2848.60589,267.4419484,27.76441265,621.4599288,NE,3,2,
es2-dt289.1,DRIFT,0.156,2848.88689,267.4678191,27.48415213,621.4803013,NE,3,2,
es2-sx289.1,SEXTUPOLE,0.24,2849.12689,267.4899146,27.24478372,621.4977014,NE,3,2,
es2-dt289.2,DRIFT,0.104,2849.23089,267.4994891,27.14105741,621.5052414,NE,3,2,
es2-sx289.2,SEXTUPOLE,0.24,2849.47089,267.5215838,26.90168899,621.5226415,NE,3,2,
es2-cm290,MULTIPOLE,0,2849.97089,267.5676129,26.4030048,621.5588917,NE,3,2,
es2-dt290,MULTIPOLE,0,2849.97089,267.5676129,26.4030048,621.5588917,NE,3,2,
es2-cm290,DRIFT,0.5,2849.97089,267.5676129,26.4030048,621.5588917,NE,3,2,
es2-dt290,DRIFT,0.5,2849.97089,267.5676129,26.4030048,621.5588917,NE,3,2,
es2-cm293.1,MULTIPOLE,0,2852.69697,267.8185704,23.68312344,621.7423988,NE,3,2,
es2-dv293,MULTIPOLE,0,2852.69697,267.8185704,23.68312344,621.7423988,NE,3,2,
es2-cm293.1,SBEND,2.726077105,2852.69697,267.8185704,23.68312344,621.7423988,NE,3,2,
es2-dv293,SBEND,2.726077105,2852.69697,267.8185704,23.68312344,621.7423988,NE,3,2,
es2-cm293.2,MULTIPOLE,0,2852.95537,267.8423585,23.42522227,621.758453,NE,3,2,
es2-dt293,MULTIPOLE,0,2852.95537,267.8423585,23.42522227,621.758453,NE,3,2,
es2-cm293.2,DRIFT,0.258400373,2852.95537,267.8423585,23.42522227,621.758453,NE,3,2,
es2-dt293,DRIFT,0.258400373,2852.95537,267.8423585,23.42522227,621.758453,NE,3,2,
es2-cm294.1,MULTIPOLE,0,2853.84677,267.9244197,22.53545152,621.8123231,NE,3,2,
es2-dv294,MULTIPOLE,0,2853.84677,267.9244197,22.53545152,621.8123231,NE,3,2,
es2-cm294.1,SBEND,0.891400429,2853.84677,267.9244197,22.53545152,621.8123231,NE,3,2,
es2-dv294,SBEND,0.891400429,2853.84677,267.9244197,22.53545152,621.8123231,NE,3,2,
es2-cm294.2,MULTIPOLE,0,2854.10517,267.9482077,22.27749728,621.8275007,NE,3,2,
es2-dt294,MULTIPOLE,0,2854.10517,267.9482077,22.27749728,621.8275007,NE,3,2,
es2-cm294.2,DRIFT,0.258400373,2854.10517,267.9482077,22.27749728,621.8275007,NE,3,2,
es2-dt294,DRIFT,0.258400373,2854.10517,267.9482077,22.27749728,621.8275007,NE,3,2,
es2-cm297,MULTIPOLE,0,2856.83125,268.1991681,19.55534354,621.973475,NE,3,2,
es2-dv297,MULTIPOLE,0,2856.83125,268.1991681,19.55534354,621.973475,NE,3,2,
es2-cm297,SBEND,2.726077105,2856.83125,268.1991681,19.55534354,621.973475,NE,3,2,
es2-dv297,SBEND,2.726077105,2856.83125,268.1991681,19.55534354,621.973475,NE,3,2,
es2-dt297.1,DRIFT,0.386683214,2857.21793,268.234766,19.1691127,621.9921738,NE,3,2,
es2-ks297,HKICKER,0.2,2857.41793,268.2531776,18.96934668,622.0018453,NE,3,2,
es2-dt297.2,DRIFT,0.064,2857.48193,268.2590693,18.90542155,622.0049401,NE,3,2,
es2-q298,QUADRUPOLE,0.5,2857.85693,268.2935904,18.53086026,622.023074,NE,3,2,
es2-dt298.1,DRIFT,0.156,2858.13793,268.3194577,18.250189,622.0366624,NE,3,2,
es2-dt298.2,DRIFT,0.1721,2858.31003,268.3353,18.07829034,622.0449846,NE,3,2,
es2-sx299,SEXTUPOLE,0.24,2858.55003,268.3573925,17.83857111,622.0565903,NE,3,2,
es2-dt299.1,DRIFT,0.1721,2858.72213,268.3732345,17.66667245,622.0649126,NE,3,2,
es2-cm299,MULTIPOLE,0,2859.22213,268.4192589,17.16725739,622.0890912,NE,3,2,
es2-dt299.2,MULTIPOLE,0,2859.22213,268.4192589,17.16725739,622.0890912,NE,3,2,
es2-cm299,DRIFT,0.5,2859.22213,268.4192589,17.16725739,622.0890912,NE,3,2,
es2-dt299.2,DRIFT,0.5,2859.22213,268.4192589,17.16725739,622.0890912,NE,3,2,
es2-cm302.1,MULTIPOLE,0,2861.94821,268.6701907,14.4437334,622.2067625,NE,3,2,
es2-dv302,MULTIPOLE,0,2861.94821,268.6701907,14.4437334,622.2067625,NE,3,2,
es2-cm302.1,SBEND,2.726077105,2861.94821,268.6701907,14.4437334,622.2067625,NE,3,2,
es2-dv302,SBEND,2.726077105,2861.94821,268.6701907,14.4437334,622.2067625,NE,3,2,
es2-cm302.2,MULTIPOLE,0,2862.20661,268.6939763,14.18551939,622.2165746,NE,3,2,
es2-dt302,MULTIPOLE,0,2862.20661,268.6939763,14.18551939,622.2165746,NE,3,2,
es2-cm302.2,DRIFT,0.258400373,2862.20661,268.6939763,14.18551939,622.2165746,NE,3,2,
es2-dt302,DRIFT,0.258400373,2862.20661,268.6939763,14.18551939,622.2165746,NE,3,2,
es2-cm303.1,MULTIPOLE,0,2863.09801,268.7760289,13.29470604,622.2489093,NE,3,2,
es2-dv303,MULTIPOLE,0,2863.09801,268.7760289,13.29470604,622.2489093,NE,3,2,
es2-cm303.1,SBEND,0.891400429,2863.09801,268.7760289,13.29470604,622.2489093,NE,3,2,
es2-dv303,SBEND,0.891400429,2863.09801,268.7760289,13.29470604,622.2489093,NE,3,2,
es2-cm303.2,MULTIPOLE,0,2863.35641,268.7998144,13.03646017,622.2578436,NE,3,2,
es2-dt303,MULTIPOLE,0,2863.35641,268.7998144,13.03646017,622.2578436,NE,3,2,
es2-cm303.2,DRIFT,0.258400373,2863.35641,268.7998144,13.03646017,622.2578436,NE,3,2,
es2-dt303,DRIFT,0.258400373,2863.35641,268.7998144,13.03646017,622.2578436,NE,3,2,
es2-cm306,MULTIPOLE,0,2866.08249,269.050748,10.31157222,622.3379382,NE,3,2,
es2-dv306,MULTIPOLE,0,2866.08249,269.050748,10.31157222,622.3379382,NE,3,2,
es2-cm306,SBEND,2.726077105,2866.08249,269.050748,10.31157222,622.3379382,NE,3,2,
es2-dv306,SBEND,2.726077105,2866.08249,269.050748,10.31157222,622.3379382,NE,3,2,
es2-dt306,DRIFT,0.386683214,2866.46917,269.0863421,9.925002117,622.3472904,NE,3,2,
es2-ks307,VKICKER,0.2,2866.66917,269.1047519,9.72506062,622.3521275,NE,3,2,
es2-dt307.1,DRIFT,0.064,2866.73317,269.110643,9.661079341,622.3536754,NE,3,2,
es2-q307,QUADRUPOLE,0.5,2867.10817,269.145161,9.286189034,622.362745,NE,3,2,
es2-dt307.2,DRIFT,0.156,2867.38917,269.1710262,9.005271231,622.3695412,NE,3,2,
es2-sx308.1,SEXTUPOLE,0.24,2867.62917,269.1931173,8.765341435,622.3753457,NE,3,2,
es2-dt308.1,DRIFT,0.104,2867.73317,269.2026901,8.661371856,622.377861,NE,3,2,
es2-sx308.2,SEXTUPOLE,0.24,2867.97317,269.224781,8.42144206,622.3836656,NE,3,2,
es2-cm308,MULTIPOLE,0,2868.47317,269.2708031,7.921588318,622.3957584,NE,3,2,
es2-dt308.2,MULTIPOLE,0,2868.47317,269.2708031,7.921588318,622.3957584,NE,3,2,
es2-cm308,DRIFT,0.5,2868.47317,269.2708031,7.921588318,622.3957584,NE,3,2,
es2-dt308.2,DRIFT,0.5,2868.47317,269.2708031,7.921588318,622.3957584,NE,3,2,
es2-cm311.1,MULTIPOLE,0,2871.19925,269.5217222,5.196015045,622.4475252,NE,3,2,
es2-dv311,MULTIPOLE,0,2871.19925,269.5217222,5.196015045,622.4475252,NE,3,2,
es2-cm311.1,SBEND,2.726077105,2871.19925,269.5217222,5.196015045,622.4475252,NE,3,2,
es2-dv311,SBEND,2.726077105,2871.19925,269.5217222,5.196015045,622.4475252,NE,3,2,
es2-cm311.2,MULTIPOLE,0,2871.45765,269.5455065,4.937639253,622.4510893,NE,3,2,
es2-dt311,MULTIPOLE,0,2871.45765,269.5455065,4.937639253,622.4510893,NE,3,2,
es2-cm311.2,DRIFT,0.258400373,2871.45765,269.5455065,4.937639253,622.4510893,NE,3,2,
es2-dt311,DRIFT,0.258400373,2871.45765,269.5455065,4.937639253,622.4510893,NE,3,2,
es2-cm312,MULTIPOLE,0,2872.34905,269.6275549,4.046304442,622.4618696,NE,3,2,
es2-dv312,MULTIPOLE,0,2872.34905,269.6275549,4.046304442,622.4618696,NE,3,2,
es2-cm312,SBEND,0.891400429,2872.34905,269.6275549,4.046304442,622.4618696,NE,3,2,
es2-dv312,SBEND,0.891400429,2872.34905,269.6275549,4.046304442,622.4618696,NE,3,2,
es2-cm313,MULTIPOLE,0,2872.60745,269.6513391,3.787918028,622.4645555,NE,3,2,
es2-dt313,MULTIPOLE,0,2872.60745,269.6513391,3.787918028,622.4645555,NE,3,2,
es2-cm313,DRIFT,0.258400373,2872.60745,269.6513391,3.787918028,622.4645555,NE,3,2,
es2-dt313,DRIFT,0.258400373,2872.60745,269.6513391,3.787918028,622.4645555,NE,3,2,
es2-cm315,MULTIPOLE,0,2875.33353,269.9022589,1.061890014,622.4787236,NE,3,2,
es2-dv315,MULTIPOLE,0,2875.33353,269.9022589,1.061890014,622.4787236,NE,3,2,
es2-cm315,SBEND,2.726077105,2875.33353,269.9022589,1.061890014,622.4787236,NE,3,2,
es2-dv315,SBEND,2.726077105,2875.33353,269.9022589,1.061890014,622.4787236,NE,3,2,
es2-dt316.2,DRIFT,0.386683214,2875.72021,269.9378509,0.6752068,622.4787236,NE,3,2,
es2-ks316,HKICKER,0.2,2875.92021,269.9562598,0.4752068,622.4787236,NE,3,2,
es2-dt316.3,DRIFT,0.064,2875.98421,269.9621507,0.4112068,622.4787236,NE,3,2,
es2-q316,QUADRUPOLE,0.5,2876.35921,269.9966674,0.0362068,622.4787236,NE,3,2,
es3-dt3.1,DRIFT,0.156,2876.64021,270.0225319,-0.2447932,622.4787236,SE,3,3,
es3-dt3.2,DRIFT,0.1721,2876.81231,270.0383727,-0.4168932,622.4787236,SE,3,3,
es3-sx3,SEXTUPOLE,0.24,2877.05231,270.0604634,-0.6568932,622.4787236,SE,3,3,
es3-dt3.3,DRIFT,0.1721,2877.22441,270.0763043,-0.8289932,622.4787236,SE,3,3,
es3-cm2,MULTIPOLE,0,2877.72441,270.1223264,-1.3289932,622.4787236,SE,3,3,
es3-dt2,MULTIPOLE,0,2877.72441,270.1223264,-1.3289932,622.4787236,SE,3,3,
es3-cm2,DRIFT,0.5,2877.72441,270.1223264,-1.3289932,622.4787236,SE,3,3,
es3-dt2,DRIFT,0.5,2877.72441,270.1223264,-1.3289932,622.4787236,SE,3,3,
es3-cm320,MULTIPOLE,0,2880.45049,270.3732459,-4.055021214,622.4645555,SE,3,3,
es3-dv320,MULTIPOLE,0,2880.45049,270.3732459,-4.055021214,622.4645555,SE,3,3,
es3-cm320,SBEND,2.726077105,2880.45049,270.3732459,-4.055021214,622.4645555,SE,3,3,
es3-dv320,SBEND,2.726077105,2880.45049,270.3732459,-4.055021214,622.4645555,SE,3,3,
es3-cm319,MULTIPOLE,0,2880.70889,270.3970301,-4.313407628,622.4618696,SE,3,3,
es3-dt319,MULTIPOLE,0,2880.70889,270.3970301,-4.313407628,622.4618696,SE,3,3,
es3-cm319,DRIFT,0.258400373,2880.70889,270.3970301,-4.313407628,622.4618696,SE,3,3,
es3-dt319,DRIFT,0.258400373,2880.70889,270.3970301,-4.313407628,622.4618696,SE,3,3,
es3-cm318.1,MULTIPOLE,0,2881.60029,270.4790783,-5.204742438,622.4510893,SE,3,3,
es3-dv318,MULTIPOLE,0,2881.60029,270.4790783,-5.204742438,622.4510893,SE,3,3,
es3-cm318.1,SBEND,0.891400429,2881.60029,270.4790783,-5.204742438,622.4510893,SE,3,3,
es3-dv318,SBEND,0.891400429,2881.60029,270.4790783,-5.204742438,622.4510893,SE,3,3,
es3-cm318.2,MULTIPOLE,0,2881.85869,270.5028626,-5.46311823,622.4475252,SE,3,3,
es3-dt318,MULTIPOLE,0,2881.85869,270.5028626,-5.46311823,622.4475252,SE,3,3,
es3-cm318.2,DRIFT,0.258400373,2881.85869,270.5028626,-5.46311823,622.4475252,SE,3,3,
es3-dt318,DRIFT,0.258400373,2881.85869,270.5028626,-5.46311823,622.4475252,SE,3,3,
es3-cm315,MULTIPOLE,0,2884.58477,270.7537815,-8.188691503,622.3957584,SE,3,3,
es3-dv315,MULTIPOLE,0,2884.58477,270.7537815,-8.188691503,622.3957584,SE,3,3,
es3-cm315,SBEND,2.726077105,2884.58477,270.7537815,-8.188691503,622.3957584,SE,3,3,
es3-dv315,SBEND,2.726077105,2884.58477,270.7537815,-8.188691503,622.3957584,SE,3,3,
es3-dt315.1,DRIFT,0.386683214,2884.97145,270.7893733,-8.575261606,622.3864062,SE,3,3,
es3-ks315,VKICKER,0.2,2885.17145,270.8077823,-8.775203103,622.3815691,SE,3,3,
es3-dt315.2,DRIFT,0.064,2885.23545,270.8136732,-8.839184382,622.3800212,SE,3,3,
es3-q314,QUADRUPOLE,0.5,2885.61045,270.8481903,-9.214074689,622.3709516,SE,3,3,
es3-dt314.1,DRIFT,0.156,2885.89145,270.8740555,-9.494992492,622.3641554,SE,3,3,
es3-sx314.1,SEXTUPOLE,0.24,2886.13145,270.8961469,-9.734922289,622.3583509,SE,3,3,
es3-dt314.2,DRIFT,0.104,2886.23545,270.9057198,-9.838891867,622.3558356,SE,3,3,
es3-sx314.2,SEXTUPOLE,0.24,2886.47545,270.9278114,-10.07882166,622.350031,SE,3,3,
es3-cm313,MULTIPOLE,0,2886.97545,270.973836,-10.57867541,622.3379382,SE,3,3,
es3-dt313,MULTIPOLE,0,2886.97545,270.973836,-10.57867541,622.3379382,SE,3,3,
es3-cm313,DRIFT,0.5,2886.97545,270.973836,-10.57867541,622.3379382,SE,3,3,
es3-dt313,DRIFT,0.5,2886.97545,270.973836,-10.57867541,622.3379382,SE,3,3,
es3-cm310.1,MULTIPOLE,0,2889.70153,271.2247687,-13.30356335,622.2578436,SE,3,3,
es3-dv310,MULTIPOLE,0,2889.70153,271.2247687,-13.30356335,622.2578436,SE,3,3,
es3-cm310.1,SBEND,2.726077105,2889.70153,271.2247687,-13.30356335,622.2578436,SE,3,3,
es3-dv310,SBEND,2.726077105,2889.70153,271.2247687,-13.30356335,622.2578436,SE,3,3,
es3-cm310.2,MULTIPOLE,0,2889.95993,271.2485541,-13.56180922,622.2489093,SE,3,3,
es3-dt310,MULTIPOLE,0,2889.95993,271.2485541,-13.56180922,622.2489093,SE,3,3,
es3-cm310.2,DRIFT,0.258400373,2889.95993,271.2485541,-13.56180922,622.2489093,SE,3,3,
es3-dt310,DRIFT,0.258400373,2889.95993,271.2485541,-13.56180922,622.2489093,SE,3,3,
es3-cm309.1,MULTIPOLE,0,2890.85133,271.3306065,-14.45262258,622.2165746,SE,3,3,
es3-dv309,MULTIPOLE,0,2890.85133,271.3306065,-14.45262258,622.2165746,SE,3,3,
es3-cm309.1,SBEND,0.891400429,2890.85133,271.3306065,-14.45262258,622.2165746,SE,3,3,
es3-dv309,SBEND,0.891400429,2890.85133,271.3306065,-14.45262258,622.2165746,SE,3,3,
es3-cm309.2,MULTIPOLE,0,2891.10973,271.354392,-14.71083659,622.2067625,SE,3,3,
es3-dt309,MULTIPOLE,0,2891.10973,271.354392,-14.71083659,622.2067625,SE,3,3,
es3-cm309.2,DRIFT,0.258400373,2891.10973,271.354392,-14.71083659,622.2067625,SE,3,3,
es3-dt309,DRIFT,0.258400373,2891.10973,271.354392,-14.71083659,622.2067625,SE,3,3,
es3-cm306,MULTIPOLE,0,2893.8358,271.6053229,-17.43436058,622.0890912,SE,3,3,
es3-dv306,MULTIPOLE,0,2893.8358,271.6053229,-17.43436058,622.0890912,SE,3,3,
es3-cm306,SBEND,2.726077105,2893.8358,271.6053229,-17.43436058,622.0890912,SE,3,3,
es3-dv306,SBEND,2.726077105,2893.8358,271.6053229,-17.43436058,622.0890912,SE,3,3,
es3-dt306.1,DRIFT,0.386683214,2894.22249,271.6409164,-17.82059142,622.0703923,SE,3,3,
es3-ks306,HKICKER,0.2,2894.42249,271.6593264,-18.02035744,622.0607209,SE,3,3,
es3-dt306.2,DRIFT,0.064,2894.48649,271.6652176,-18.08428257,622.057626,SE,3,3,
es3-q305,QUADRUPOLE,0.5,2894.86149,271.699737,-18.45884386,622.0394921,SE,3,3,
es3-dt305.1,DRIFT,0.156,2895.14249,271.7256041,-18.73951512,622.0259037,SE,3,3,
es3-dt305.2,DRIFT,0.1721,2895.31459,271.7414468,-18.91141378,622.0175815,SE,3,3,
es3-sx304,SEXTUPOLE,0.24,2895.55459,271.7635402,-19.15113301,622.0059758,SE,3,3,
es3-dt304.1,DRIFT,0.1721,2895.72669,271.7793832,-19.32303167,621.9976535,SE,3,3,
es3-cm304,MULTIPOLE,0,2896.22669,271.8254126,-19.82244672,621.973475,SE,3,3,
es3-dt304.2,MULTIPOLE,0,2896.22669,271.8254126,-19.82244672,621.973475,SE,3,3,
es3-cm304,DRIFT,0.5,2896.22669,271.8254126,-19.82244672,621.973475,SE,3,3,
es3-dt304.2,DRIFT,0.5,2896.22669,271.8254126,-19.82244672,621.973475,SE,3,3,
es3-cm301.1,MULTIPOLE,0,2898.95276,272.0763716,-22.54460046,621.8275007,SE,3,3,
es3-dv301,MULTIPOLE,0,2898.95276,272.0763716,-22.54460046,621.8275007,SE,3,3,
es3-cm301.1,SBEND,2.726077105,2898.95276,272.0763716,-22.54460046,621.8275007,SE,3,3,
es3-dv301,SBEND,2.726077105,2898.95276,272.0763716,-22.54460046,621.8275007,SE,3,3,
es3-cm301.2,MULTIPOLE,0,2899.21117,272.1001594,-22.80255471,621.8123231,SE,3,3,
es3-dt301,MULTIPOLE,0,2899.21117,272.1001594,-22.80255471,621.8123231,SE,3,3,
es3-cm301.2,DRIFT,0.258400373,2899.21117,272.1001594,-22.80255471,621.8123231,SE,3,3,
es3-dt301,DRIFT,0.258400373,2899.21117,272.1001594,-22.80255471,621.8123231,SE,3,3,
es3-cm300.1,MULTIPOLE,0,2900.10257,272.1822201,-23.69232545,621.758453,SE,3,3,
es3-dv300,MULTIPOLE,0,2900.10257,272.1822201,-23.69232545,621.758453,SE,3,3,
es3-cm300.1,SBEND,0.891400429,2900.10257,272.1822201,-23.69232545,621.758453,SE,3,3,
es3-dv300,SBEND,0.891400429,2900.10257,272.1822201,-23.69232545,621.758453,SE,3,3,
es3-cm300.2,MULTIPOLE,0,2900.36097,272.2060081,-23.95022662,621.7423988,SE,3,3,
es3-dt300,MULTIPOLE,0,2900.36097,272.2060081,-23.95022662,621.7423988,SE,3,3,
es3-cm300.2,DRIFT,0.258400373,2900.36097,272.2060081,-23.95022662,621.7423988,SE,3,3,
es3-dt300,DRIFT,0.258400373,2900.36097,272.2060081,-23.95022662,621.7423988,SE,3,3,
es3-cm297,MULTIPOLE,0,2903.08704,272.4569641,-26.67010798,621.5588917,SE,3,3,
es3-dv297,MULTIPOLE,0,2903.08704,272.4569641,-26.67010798,621.5588917,SE,3,3,
es3-cm297,SBEND,2.726077105,2903.08704,272.4569641,-26.67010798,621.5588917,SE,3,3,
es3-dv297,SBEND,2.726077105,2903.08704,272.4569641,-26.67010798,621.5588917,SE,3,3,
es3-dt297,DRIFT,0.386683214,2903.47373,272.492561,-27.0557736,621.530857,SE,3,3,
es3-ks296,VKICKER,0.2,2903.67373,272.510973,-27.25524728,621.516357,SE,3,3,
es3-dt296.1,DRIFT,0.064,2903.73773,272.5168648,-27.31907885,621.5117169,SE,3,3,
es3-q296,QUADRUPOLE,0.5,2904.11273,272.5513883,-27.693092,621.4845293,SE,3,3,
es3-dt296.2,DRIFT,0.156,2904.39373,272.5772587,-27.97335252,621.4641567,SE,3,3,
es3-sx295.1,SEXTUPOLE,0.24,2904.63373,272.5993549,-28.21272093,621.4467567,SE,3,3,
es3-dt295.1,DRIFT,0.104,2904.73773,272.6089301,-28.31644724,621.4392166,SE,3,3,
es3-sx295.2,SEXTUPOLE,0.24,2904.97773,272.631027,-28.55581566,621.4218166,SE,3,3,
es3-cm295,MULTIPOLE,0,2905.47773,272.6770635,-29.05449985,621.3855664,SE,3,3,
es3-dt295.2,MULTIPOLE,0,2905.47773,272.6770635,-29.05449985,621.3855664,SE,3,3,
es3-cm295,DRIFT,0.5,2905.47773,272.6770635,-29.05449985,621.3855664,SE,3,3,
es3-dt295.2,DRIFT,0.5,2905.47773,272.6770635,-29.05449985,621.3855664,SE,3,3,
es3-cm292.1,MULTIPOLE,0,2908.2038,272.9280617,-31.77232684,621.1737978,SE,3,3,
es3-dv292,MULTIPOLE,0,2908.2038,272.9280617,-31.77232684,621.1737978,SE,3,3,
es3-cm292.1,SBEND,2.726077105,2908.2038,272.9280617,-31.77232684,621.1737978,SE,3,3,
es3-dv292,SBEND,2.726077105,2908.2038,272.9280617,-31.77232684,621.1737978,SE,3,3,
es3-cm292.2,MULTIPOLE,0,2908.4622,272.9518531,-32.02983855,621.1523859,SE,3,3,
es3-dt292,MULTIPOLE,0,2908.4622,272.9518531,-32.02983855,621.1523859,SE,3,3,
es3-cm292.2,DRIFT,0.258400373,2908.4622,272.9518531,-32.02983855,621.1523859,SE,3,3,
es3-dt292,DRIFT,0.258400373,2908.4622,272.9518531,-32.02983855,621.1523859,SE,3,3,
es3-cm291,MULTIPOLE,0,2909.3536,273.0339265,-32.91804614,621.0770119,SE,3,3,
es3-dv291,MULTIPOLE,0,2909.3536,273.0339265,-32.91804614,621.0770119,SE,3,3,
es3-cm291,SBEND,0.891400429,2909.3536,273.0339265,-32.91804614,621.0770119,SE,3,3,
es3-dv291,SBEND,0.891400429,2909.3536,273.0339265,-32.91804614,621.0770119,SE,3,3,
es3-cm290,MULTIPOLE,0,2909.612,273.0577181,-33.17548359,621.0547249,SE,3,3,
es3-dt290,MULTIPOLE,0,2909.612,273.0577181,-33.17548359,621.0547249,SE,3,3,
es3-cm290,DRIFT,0.258400373,2909.612,273.0577181,-33.17548359,621.0547249,SE,3,3,
es3-dt290,DRIFT,0.258400373,2909.612,273.0577181,-33.17548359,621.0547249,SE,3,3,
es3-cm288,MULTIPOLE,0,2912.33808,273.3087122,-35.89013111,620.8054894,SE,3,3,
es3-dv288,MULTIPOLE,0,2912.33808,273.3087122,-35.89013111,620.8054894,SE,3,3,
es3-cm288,SBEND,2.726077105,2912.33808,273.3087122,-35.89013111,620.8054894,SE,3,3,
es3-dv288,SBEND,2.726077105,2912.33808,273.3087122,-35.89013111,620.8054894,SE,3,3,
es3-dt287.1,DRIFT,0.386683214,2912.72476,273.3443144,-36.27500588,620.7681354,SE,3,3,
es3-ks287,HKICKER,0.2,2912.92476,273.3627293,-36.47407051,620.7488152,SE,3,3,
es3-dt287.2,DRIFT,0.064,2912.98876,273.3686222,-36.5377712,620.7426327,SE,3,3,
es3-q287,QUADRUPOLE,0.5,2913.36376,273.4031515,-36.91101739,620.7064073,SE,3,3,
es3-dt286.1,DRIFT,0.156,2913.64476,273.4290265,-37.1907032,620.6792624,SE,3,3,
es3-dt286.2,DRIFT,0.1721,2913.81686,273.4448742,-37.36199832,620.6626374,SE,3,3,
es3-sx286,SEXTUPOLE,0.24,2914.05686,273.466975,-37.60087589,620.6394531,SE,3,3,
es3-dt286.3,DRIFT,0.1721,2914.22896,273.4828235,-37.772171,620.6228281,SE,3,3,
es3-cm285,MULTIPOLE,0,2914.72896,273.5288696,-38.26983259,620.5745275,SE,3,3,
es3-dt285,MULTIPOLE,0,2914.72896,273.5288696,-38.26983259,620.5745275,SE,3,3,
es3-cm285,DRIFT,0.5,2914.72896,273.5288696,-38.26983259,620.5745275,SE,3,3,
es3-dt285,DRIFT,0.5,2914.72896,273.5288696,-38.26983259,620.5745275,SE,3,3,
es3-cm283,MULTIPOLE,0,2917.45504,273.77992,-40.98174282,620.2970885,SE,3,3,
es3-dv283,MULTIPOLE,0,2917.45504,273.77992,-40.98174282,620.2970885,SE,3,3,
es3-cm283,SBEND,2.726077105,2917.45504,273.77992,-40.98174282,620.2970885,SE,3,3,
es3-dv283,SBEND,2.726077105,2917.45504,273.77992,-40.98174282,620.2970885,SE,3,3,
es3-cm282,MULTIPOLE,0,2917.71344,273.8037163,-41.23866135,620.2694548,SE,3,3,
es3-dt282,MULTIPOLE,0,2917.71344,273.8037163,-41.23866135,620.2694548,SE,3,3,
es3-cm282,DRIFT,0.258400373,2917.71344,273.8037163,-41.23866135,620.2694548,SE,3,3,
es3-dt282,DRIFT,0.258400373,2917.71344,273.8037163,-41.23866135,620.2694548,SE,3,3,
es3-cm281.1,MULTIPOLE,0,2918.60484,273.8858066,-42.12478615,620.172621,SE,3,3,
es3-dv281,MULTIPOLE,0,2918.60484,273.8858066,-42.12478615,620.172621,SE,3,3,
es3-cm281.1,SBEND,0.891400429,2918.60484,273.8858066,-42.12478615,620.172621,SE,3,3,
es3-dv281,SBEND,0.891400429,2918.60484,273.8858066,-42.12478615,620.172621,SE,3,3,
es3-cm281.2,MULTIPOLE,0,2918.86324,273.9096032,-42.38160927,620.1441142,SE,3,3,
es3-dt281,MULTIPOLE,0,2918.86324,273.9096032,-42.38160927,620.1441142,SE,3,3,
es3-cm281.2,DRIFT,0.258400373,2918.86324,273.9096032,-42.38160927,620.1441142,SE,3,3,
es3-dt281,DRIFT,0.258400373,2918.86324,273.9096032,-42.38160927,620.1441142,SE,3,3,
es3-cm278,MULTIPOLE,0,2921.58932,274.1606483,-45.0894348,619.8292962,SE,3,3,
es3-dv278,MULTIPOLE,0,2921.58932,274.1606483,-45.0894348,619.8292962,SE,3,3,
es3-cm278,SBEND,2.726077105,2921.58932,274.1606483,-45.0894348,619.8292962,SE,3,3,
es3-dv278,SBEND,2.726077105,2921.58932,274.1606483,-45.0894348,619.8292962,SE,3,3,
es3-dt278.1,DRIFT,0.386683214,2921.976,274.1962578,-45.47329355,619.7826446,SE,3,3,
es3-ks278,VKICKER,0.2,2922.176,274.2146765,-45.67183269,619.7585156,SE,3,3,
es3-dt278.2,DRIFT,0.064,2922.24,274.2205706,-45.73536521,619.7507943,SE,3,3,
es3-q277,QUADRUPOLE,0.5,2922.615,274.2551076,-46.10762609,619.7055523,SE,3,3,
es3-dt277.1,DRIFT,0.156,2922.896,274.2809886,-46.38657358,619.6716509,SE,3,3,
es3-sx277.1,SEXTUPOLE,0.24,2923.136,274.3030942,-46.62482054,619.642696,SE,3,3,
es3-dt277.2,DRIFT,0.104,2923.24,274.3126735,-46.72806089,619.6301489,SE,3,3,
es3-sx277.2,SEXTUPOLE,0.24,2923.48,274.3347802,-46.96630785,619.6011941,SE,3,3,
es3-cm276,MULTIPOLE,0,2923.98,274.3808384,-47.46265569,619.5408714,SE,3,3,
es3-dt276,MULTIPOLE,0,2923.98,274.3808384,-47.46265569,619.5408714,SE,3,3,
es3-cm276,DRIFT,0.5,2923.98,274.3808384,-47.46265569,619.5408714,SE,3,3,
es3-dt276,DRIFT,0.5,2923.98,274.3808384,-47.46265569,619.5408714,SE,3,3,
es3-cm273.1,MULTIPOLE,0,2926.70608,274.6319541,-50.1670626,619.1979243,SE,3,3,
es3-dv273,MULTIPOLE,0,2926.70608,274.6319541,-50.1670626,619.1979243,SE,3,3,
es3-cm273.1,SBEND,2.726077105,2926.70608,274.6319541,-50.1670626,619.1979243,SE,3,3,
es3-dv273,SBEND,2.726077105,2926.70608,274.6319541,-50.1670626,619.1979243,SE,3,3,
es3-cm273.2,MULTIPOLE,0,2926.96448,274.6557565,-50.42323764,619.1640849,SE,3,3,
es3-dt273,MULTIPOLE,0,2926.96448,274.6557565,-50.42323764,619.1640849,SE,3,3,
es3-cm273.2,DRIFT,0.258400373,2926.96448,274.6557565,-50.42323764,619.1640849,SE,3,3,
es3-dt273,DRIFT,0.258400373,2926.96448,274.6557565,-50.42323764,619.1640849,SE,3,3,
es3-cm272.1,MULTIPOLE,0,2927.85588,274.737868,-51.30676125,619.0458479,SE,3,3,
es3-dv272,MULTIPOLE,0,2927.85588,274.737868,-51.30676125,619.0458479,SE,3,3,
es3-cm272.1,SBEND,0.891400429,2927.85588,274.737868,-51.30676125,619.0458479,SE,3,3,
es3-dv272,SBEND,0.891400429,2927.85588,274.737868,-51.30676125,619.0458479,SE,3,3,
es3-cm272.2,MULTIPOLE,0,2928.11428,274.7616707,-51.56281979,619.011138,SE,3,3,
es3-dt272,MULTIPOLE,0,2928.11428,274.7616707,-51.56281979,619.011138,SE,3,3,
es3-cm272.2,DRIFT,0.258400373,2928.11428,274.7616707,-51.56281979,619.011138,SE,3,3,
es3-dt272,DRIFT,0.258400373,2928.11428,274.7616707,-51.56281979,619.011138,SE,3,3,
es3-cm269,MULTIPOLE,0,2930.84036,275.01278,-54.26223917,618.6309216,SE,3,3,
es3-dv269,MULTIPOLE,0,2930.84036,275.01278,-54.26223917,618.6309216,SE,3,3,
es3-cm269,SBEND,2.726077105,2930.84036,275.01278,-54.26223917,618.6309216,SE,3,3,
es3-dv269,SBEND,2.726077105,2930.84036,275.01278,-54.26223917,618.6309216,SE,3,3,
es3-dt269.1,DRIFT,0.386683214,2931.22704,275.0483985,-54.64485734,618.5749999,SE,3,3,
es3-ks269,HKICKER,0.2,2931.42704,275.0668221,-54.84275482,618.5460761,SE,3,3,
es3-dt269.2,DRIFT,0.064,2931.49104,275.0727178,-54.90608202,618.5368205,SE,3,3,
es3-q268,QUADRUPOLE,0.5,2931.86604,275.1072642,-55.2771398,618.4825884,SE,3,3,
es3-dt268.1,DRIFT,0.156,2932.14704,275.1331525,-55.55518576,618.4419504,SE,3,3,
es3-dt268.2,DRIFT,0.1721,2932.31914,275.1490086,-55.72547655,618.4170615,SE,3,3,
es3-sx267,SEXTUPOLE,0.24,2932.55914,275.1711213,-55.96295352,618.3823529,SE,3,3,
es3-dt267.1,DRIFT,0.1721,2932.73124,275.1869786,-56.13324431,618.357464,SE,3,3,
es3-cm267,MULTIPOLE,0,2933.23124,275.2330511,-56.62798802,618.2851545,SE,3,3,
es3-dt267.2,MULTIPOLE,0,2933.23124,275.2330511,-56.62798802,618.2851545,SE,3,3,
es3-cm267,DRIFT,0.5,2933.23124,275.2330511,-56.62798802,618.2851545,SE,3,3,
es3-dt267.2,DRIFT,0.5,2933.23124,275.2330511,-56.62798802,618.2851545,SE,3,3,
es3-cm264.1,MULTIPOLE,0,2935.95732,275.4842453,-59.32330946,617.8768999,SE,3,3,
es3-dv264,MULTIPOLE,0,2935.95732,275.4842453,-59.32330946,617.8768999,SE,3,3,
es3-cm264.1,SBEND,2.726077105,2935.95732,275.4842453,-59.32330946,617.8768999,SE,3,3,
es3-dv264,SBEND,2.726077105,2935.95732,275.4842453,-59.32330946,617.8768999,SE,3,3,
es3-cm264.2,MULTIPOLE,0,2936.21572,275.5080551,-59.57859113,617.8368747,SE,3,3,
es3-dt264,MULTIPOLE,0,2936.21572,275.5080551,-59.57859113,617.8368747,SE,3,3,
es3-cm264.2,DRIFT,0.258400373,2936.21572,275.5080551,-59.57859113,617.8368747,SE,3,3,
es3-dt264,DRIFT,0.258400373,2936.21572,275.5080551,-59.57859113,617.8368747,SE,3,3,
es3-cm263.1,MULTIPOLE,0,2937.10712,275.590192,-60.45899667,617.6973037,SE,3,3,
es3-dv263,MULTIPOLE,0,2937.10712,275.590192,-60.45899667,617.6973037,SE,3,3,
es3-cm263.1,SBEND,0.891400429,2937.10712,275.590192,-60.45899667,617.6973037,SE,3,3,
es3-dv263,SBEND,0.891400429,2937.10712,275.590192,-60.45899667,617.6973037,SE,3,3,
es3-cm263.2,MULTIPOLE,0,2937.36552,275.6140022,-60.71414082,617.656411,SE,3,3,
es3-dt263,MULTIPOLE,0,2937.36552,275.6140022,-60.71414082,617.656411,SE,3,3,
es3-cm263.2,DRIFT,0.258400373,2937.36552,275.6140022,-60.71414082,617.656411,SE,3,3,
es3-dt263,DRIFT,0.258400373,2937.36552,275.6140022,-60.71414082,617.656411,SE,3,3,
es3-cm260,MULTIPOLE,0,2940.0916,275.8651888,-63.40357481,617.2110187,SE,3,3,
es3-dv260,MULTIPOLE,0,2940.0916,275.8651888,-63.40357481,617.2110187,SE,3,3,
es3-cm260,SBEND,2.726077105,2940.0916,275.8651888,-63.40357481,617.2110187,SE,3,3,
es3-dv260,SBEND,2.726077105,2940.0916,275.8651888,-63.40357481,617.2110187,SE,3,3,
es3-dt260,DRIFT,0.386683214,2940.47828,275.9008183,-63.78472856,617.1458595,SE,3,3,
es3-ks259,VKICKER,0.2,2940.67828,275.9192477,-63.98186861,617.1121578,SE,3,3,
es3-dt259.1,DRIFT,0.064,2940.74228,275.9251452,-64.04495343,617.1013733,SE,3,3,
es3-q259,QUADRUPOLE,0.5,2941.11728,275.9597029,-64.41459103,617.0381828,SE,3,3,
es3-dt259.2,DRIFT,0.156,2941.39828,275.9855999,-64.69157281,616.990832,SE,3,3,
es3-sx258.1,SEXTUPOLE,0.24,2941.63828,276.0077195,-64.92814087,616.9503901,SE,3,3,
es3-dt258.1,DRIFT,0.104,2941.74228,276.0173051,-65.0306537,616.9328653,SE,3,3,
es3-sx258.2,SEXTUPOLE,0.24,2941.98228,276.0394263,-65.26722177,616.8924233,SE,3,3,
es3-cm258,MULTIPOLE,0,2942.48228,276.0855156,-65.7600719,616.8081693,SE,3,3,
es3-dt258.2,MULTIPOLE,0,2942.48228,276.0855156,-65.7600719,616.8081693,SE,3,3,
es3-cm258,DRIFT,0.5,2942.48228,276.0855156,-65.7600719,616.8081693,SE,3,3,
es3-dt258.2,DRIFT,0.5,2942.48228,276.0855156,-65.7600719,616.8081693,SE,3,3,
es3-cm255.1,MULTIPOLE,0,2945.20836,276.3368016,-68.44473103,616.3348461,SE,3,3,
es3-dv255,MULTIPOLE,0,2945.20836,276.3368016,-68.44473103,616.3348461,SE,3,3,
es3-cm255.1,SBEND,2.726077105,2945.20836,276.3368016,-68.44473103,616.3348461,SE,3,3,
es3-dv255,SBEND,2.726077105,2945.20836,276.3368016,-68.44473103,616.3348461,SE,3,3,
es3-cm255.2,MULTIPOLE,0,2945.46676,276.3606199,-68.69896999,616.2886584,SE,3,3,
es3-dt255,MULTIPOLE,0,2945.46676,276.3606199,-68.69896999,616.2886584,SE,3,3,
es3-cm255.2,DRIFT,0.258400373,2945.46676,276.3606199,-68.69896999,616.2886584,SE,3,3,
es3-dt255,DRIFT,0.258400373,2945.46676,276.3606199,-68.69896999,616.2886584,SE,3,3,
es3-cm254,MULTIPOLE,0,2946.35816,276.4427867,-69.57574239,616.1278351,SE,3,3,
es3-dv254,MULTIPOLE,0,2946.35816,276.4427867,-69.57574239,616.1278351,SE,3,3,
es3-cm254,SBEND,0.891400429,2946.35816,276.4427867,-69.57574239,616.1278351,SE,3,3,
es3-dv254,SBEND,0.891400429,2946.35816,276.4427867,-69.57574239,616.1278351,SE,3,3,
es3-cm253,MULTIPOLE,0,2946.61656,276.4666055,-69.82982289,616.0807836,SE,3,3,
es3-dt253,MULTIPOLE,0,2946.61656,276.4666055,-69.82982289,616.0807836,SE,3,3,
es3-cm253,DRIFT,0.258400373,2946.61656,276.4666055,-69.82982289,616.0807836,SE,3,3,
es3-dt253,DRIFT,0.258400373,2946.61656,276.4666055,-69.82982289,616.0807836,SE,3,3,
es3-cm251,MULTIPOLE,0,2949.34264,276.7178828,-72.50769809,615.5704759,SE,3,3,
es3-dv251,MULTIPOLE,0,2949.34264,276.7178828,-72.50769809,615.5704759,SE,3,3,
es3-cm251,SBEND,2.726077105,2949.34264,276.7178828,-72.50769809,615.5704759,SE,3,3,
es3-dv251,SBEND,2.726077105,2949.34264,276.7178828,-72.50769809,615.5704759,SE,3,3,
es3-dt250.1,DRIFT,0.386683214,2949.72932,276.753525,-72.88716442,615.4961172,SE,3,3,
es3-ks250,HKICKER,0.2,2949.92932,276.7719612,-73.08343172,615.4576575,SE,3,3,
es3-dt250.2,DRIFT,0.064,2949.99332,276.777861,-73.14623725,615.4453504,SE,3,3,
es3-q250,QUADRUPOLE,0.5,2950.36832,276.8124317,-73.51423843,615.3732385,SE,3,3,
es3-dt249.1,DRIFT,0.156,2950.64932,276.8383388,-73.78999397,615.3192026,SE,3,3,
es3-dt249.2,DRIFT,0.1721,2950.82142,276.8542066,-73.95888198,615.286108,SE,3,3,
es3-sx249,SEXTUPOLE,0.24,2951.06142,276.8763359,-74.19440273,615.2399563,SE,3,3,
es3-dt249.3,DRIFT,0.1721,2951.23352,276.8922052,-74.36329074,615.2068617,SE,3,3,
es3-cm248,MULTIPOLE,0,2951.73352,276.9383139,-74.85395897,615.1107125,SE,3,3,
es3-dt248,MULTIPOLE,0,2951.73352,276.9383139,-74.85395897,615.1107125,SE,3,3,
es3-cm248,DRIFT,0.5,2951.73352,276.9383139,-74.85395897,615.1107125,SE,3,3,
es3-dt248,DRIFT,0.5,2951.73352,276.9383139,-74.85395897,615.1107125,SE,3,3,
es3-cm246,MULTIPOLE,0,2954.4596,277.1897048,-77.52638518,614.5725976,SE,3,3,
es3-dv246,MULTIPOLE,0,2954.4596,277.1897048,-77.52638518,614.5725976,SE,3,3,
es3-cm246,SBEND,2.726077105,2954.4596,277.1897048,-77.52638518,614.5725976,SE,3,3,
es3-dv246,SBEND,2.726077105,2954.4596,277.1897048,-77.52638518,614.5725976,SE,3,3,
es3-cm245,MULTIPOLE,0,2954.718,277.2135331,-77.77943269,614.5202745,SE,3,3,
es3-dt245,MULTIPOLE,0,2954.718,277.2135331,-77.77943269,614.5202745,SE,3,3,
es3-cm245,DRIFT,0.258400373,2954.718,277.2135331,-77.77943269,614.5202745,SE,3,3,
es3-dt245,DRIFT,0.258400373,2954.718,277.2135331,-77.77943269,614.5202745,SE,3,3,
es3-cm244.1,MULTIPOLE,0,2955.6094,277.295734,-78.65205901,614.3382929,SE,3,3,
es3-dv244,MULTIPOLE,0,2955.6094,277.295734,-78.65205901,614.3382929,SE,3,3,
es3-cm244.1,SBEND,0.891400429,2955.6094,277.295734,-78.65205901,614.3382929,SE,3,3,
es3-dv244,SBEND,0.891400429,2955.6094,277.295734,-78.65205901,614.3382929,SE,3,3,
es3-cm244.2,MULTIPOLE,0,2955.8678,277.3195628,-78.90492722,614.28511,SE,3,3,
es3-dt244,MULTIPOLE,0,2955.8678,277.3195628,-78.90492722,614.28511,SE,3,3,
es3-cm244.2,DRIFT,0.258400373,2955.8678,277.3195628,-78.90492722,614.28511,SE,3,3,
es3-dt244,DRIFT,0.258400373,2955.8678,277.3195628,-78.90492722,614.28511,SE,3,3,
es3-cm241,MULTIPOLE,0,2958.59387,277.5709441,-81.56967698,613.7101855,SE,3,3,
es3-dv241,MULTIPOLE,0,2958.59387,277.5709441,-81.56967698,613.7101855,SE,3,3,
es3-cm241,SBEND,2.726077105,2958.59387,277.5709441,-81.56967698,613.7101855,SE,3,3,
es3-dv241,SBEND,2.726077105,2958.59387,277.5709441,-81.56967698,613.7101855,SE,3,3,
es3-dt241.1,DRIFT,0.386683214,2958.98056,277.606601,-81.94723391,613.626671,SE,3,3,
es3-ks241,VKICKER,0.2,2959.18056,277.6250449,-82.14251362,613.5834757,SE,3,3,
es3-dt241.2,DRIFT,0.064,2959.24456,277.6309472,-82.20500312,613.5696532,SE,3,3,
es3-q240,QUADRUPOLE,0.5,2959.61956,277.6655329,-82.57115258,613.488662,SE,3,3,
es3-dt240.1,DRIFT,0.156,2959.90056,277.6914514,-82.84552057,613.4279726,SE,3,3,
es3-sx240.1,SEXTUPOLE,0.24,2960.14056,277.7135898,-83.07985622,613.3761382,SE,3,3,
es3-dt240.2,DRIFT,0.104,2960.24456,277.7231835,-83.18140167,613.3536766,SE,3,3,
es3-sx240.2,SEXTUPOLE,0.24,2960.48456,277.7453239,-83.41573732,613.3018423,SE,3,3,
es3-cm239,MULTIPOLE,0,2960.98456,277.7914543,-83.9039366,613.193854,SE,3,3,
es3-dt239,MULTIPOLE,0,2960.98456,277.7914543,-83.9039366,613.193854,SE,3,3,
es3-cm239,DRIFT,0.5,2960.98456,277.7914543,-83.9039366,613.193854,SE,3,3,
es3-dt239,DRIFT,0.5,2960.98456,277.7914543,-83.9039366,613.193854,SE,3,3,
es3-cm236.1,MULTIPOLE,0,2963.71063,278.0429637,-86.56256643,612.5912622,SE,3,3,
es3-dv236,MULTIPOLE,0,2963.71063,278.0429637,-86.56256643,612.5912622,SE,3,3,
es3-cm236.1,SBEND,2.726077105,2963.71063,278.0429637,-86.56256643,612.5912622,SE,3,3,
es3-dv236,SBEND,2.726077105,2963.71063,278.0429637,-86.56256643,612.5912622,SE,3,3,
es3-cm236.2,MULTIPOLE,0,2963.96904,278.0668031,-86.81427446,612.5328343,SE,3,3,
es3-dt236,MULTIPOLE,0,2963.96904,278.0668031,-86.81427446,612.5328343,SE,3,3,
es3-cm236.2,DRIFT,0.258400373,2963.96904,278.0668031,-86.81427446,612.5328343,SE,3,3,
es3-dt236,DRIFT,0.258400373,2963.96904,278.0668031,-86.81427446,612.5328343,SE,3,3,
es3-cm235.1,MULTIPOLE,0,2964.86044,278.1490426,-87.68224418,612.329801,SE,3,3,
es3-dv235,MULTIPOLE,0,2964.86044,278.1490426,-87.68224418,612.329801,SE,3,3,
es3-cm235.1,SBEND,0.891400429,2964.86044,278.1490426,-87.68224418,612.329801,SE,3,3,
es3-dv235,SBEND,0.891400429,2964.86044,278.1490426,-87.68224418,612.329801,SE,3,3,
es3-cm235.2,MULTIPOLE,0,2965.11884,278.1728826,-87.93375216,612.2705179,SE,3,3,
es3-dt235,MULTIPOLE,0,2965.11884,278.1728826,-87.93375216,612.2705179,SE,3,3,
es3-cm235.2,DRIFT,0.258400373,2965.11884,278.1728826,-87.93375216,612.2705179,SE,3,3,
es3-dt235,DRIFT,0.258400373,2965.11884,278.1728826,-87.93375216,612.2705179,SE,3,3,
es3-cm232,MULTIPOLE,0,2967.84491,278.4243814,-90.58381753,611.6313129,SE,3,3,
es3-dv232,MULTIPOLE,0,2967.84491,278.4243814,-90.58381753,611.6313129,SE,3,3,
es3-cm232,SBEND,2.726077105,2967.84491,278.4243814,-90.58381753,611.6313129,SE,3,3,
es3-dv232,SBEND,2.726077105,2967.84491,278.4243814,-90.58381753,611.6313129,SE,3,3,
es3-dt232.1,DRIFT,0.386683214,2968.2316,278.4600549,-90.95924417,611.5386913,SE,3,3,
es3-ks232,HKICKER,0.2,2968.4316,278.4785076,-91.15342205,611.4907857,SE,3,3,
es3-dt232.2,DRIFT,0.064,2968.4956,278.4844127,-91.21555897,611.4754559,SE,3,3,
es3-q231,QUADRUPOLE,0.5,2968.8706,278.5190152,-91.5796425,611.3856328,SE,3,3,
es3-dt231.1,DRIFT,0.156,2969.1516,278.5449465,-91.85246242,611.3183254,SE,3,3,
es3-dt231.2,DRIFT,0.1721,2969.3237,278.5608294,-92.01955249,611.2771026,SE,3,3,
es3-sx230,SEXTUPOLE,0.24,2969.5637,278.58298,-92.25256595,611.2196158,SE,3,3,
es3-dt230.1,DRIFT,0.1721,2969.7358,278.5988649,-92.41965602,611.178393,SE,3,3,
es3-cm230,MULTIPOLE,0,2970.2358,278.6450194,-92.90510072,611.0586289,SE,3,3,
es3-dt230.2,MULTIPOLE,0,2970.2358,278.6450194,-92.90510072,611.0586289,SE,3,3,
es3-cm230,DRIFT,0.5,2970.2358,278.6450194,-92.90510072,611.0586289,SE,3,3,
es3-dt230.2,DRIFT,0.5,2970.2358,278.6450194,-92.90510072,611.0586289,SE,3,3,
es3-cm227.1,MULTIPOLE,0,2972.96187,278.896661,-95.54837881,610.3919128,SE,3,3,
es3-dv227,MULTIPOLE,0,2972.96187,278.896661,-95.54837881,610.3919128,SE,3,3,
es3-cm227.1,SBEND,2.726077105,2972.96187,278.896661,-95.54837881,610.3919128,SE,3,3,
es3-dv227,SBEND,2.726077105,2972.96187,278.896661,-95.54837881,610.3919128,SE,3,3,
es3-cm227.2,MULTIPOLE,0,2973.22027,278.9205128,-95.79860009,610.3274142,SE,3,3,
es3-dt227,MULTIPOLE,0,2973.22027,278.9205128,-95.79860009,610.3274142,SE,3,3,
es3-cm227.2,DRIFT,0.258400373,2973.22027,278.9205128,-95.79860009,610.3274142,SE,3,3,
es3-dt227,DRIFT,0.258400373,2973.22027,278.9205128,-95.79860009,610.3274142,SE,3,3,
es3-cm226.1,MULTIPOLE,0,2974.11167,279.0027953,-96.66140543,610.1034479,SE,3,3,
es3-dv226,MULTIPOLE,0,2974.11167,279.0027953,-96.66140543,610.1034479,SE,3,3,
es3-cm226.1,SBEND,0.891400429,2974.11167,279.0027953,-96.66140543,610.1034479,SE,3,3,
es3-dv226,SBEND,0.891400429,2974.11167,279.0027953,-96.66140543,610.1034479,SE,3,3,
es3-cm226.2,MULTIPOLE,0,2974.37007,279.0266478,-96.91140604,610.0380993,SE,3,3,
es3-dt226,MULTIPOLE,0,2974.37007,279.0266478,-96.91140604,610.0380993,SE,3,3,
es3-cm226.2,DRIFT,0.258400373,2974.37007,279.0266478,-96.91140604,610.0380993,SE,3,3,
es3-dt226,DRIFT,0.258400373,2974.37007,279.0266478,-96.91140604,610.0380993,SE,3,3,
es3-cm223,MULTIPOLE,0,2977.09615,279.2782777,-99.54523665,609.3349878,SE,3,3,
es3-dv223,MULTIPOLE,0,2977.09615,279.2782777,-99.54523665,609.3349878,SE,3,3,
es3-cm223,SBEND,2.726077105,2977.09615,279.2782777,-99.54523665,609.3349878,SE,3,3,
es3-dv223,SBEND,2.726077105,2977.09615,279.2782777,-99.54523665,609.3349878,SE,3,3,
es3-dt223,DRIFT,0.386683214,2977.48284,279.3139698,-99.91831336,609.2333134,SE,3,3,
es3-ks222,VKICKER,0.2,2977.68284,279.3324323,-100.1112758,609.1807255,SE,3,3,
es3-dt222.1,DRIFT,0.064,2977.74684,279.3383405,-100.1730238,609.1638973,SE,3,3,
es3-q222,QUADRUPOLE,0.5,2978.12184,279.3729616,-100.5348284,609.0652949,SE,3,3,
es3-dt222.2,DRIFT,0.156,2978.40284,279.3989072,-100.8059406,608.9914089,SE,3,3,
es3-sx221.1,SEXTUPOLE,0.24,2978.64284,279.4210691,-101.0374956,608.9283033,SE,3,3,
es3-dt221.1,DRIFT,0.104,2978.74684,279.4306731,-101.1378361,608.9009576,SE,3,3,
es3-sx221.2,SEXTUPOLE,0.24,2978.98684,279.4528374,-101.369391,608.8378521,SE,3,3,
es3-cm221,MULTIPOLE,0,2979.48684,279.4990187,-101.8517971,608.7063822,SE,3,3,
es3-dt221.2,MULTIPOLE,0,2979.48684,279.4990187,-101.8517971,608.7063822,SE,3,3,
es3-cm221,DRIFT,0.5,2979.48684,279.4990187,-101.8517971,608.7063822,SE,3,3,
es3-dt221.2,DRIFT,0.5,2979.48684,279.4990187,-101.8517971,608.7063822,SE,3,3,
es3-cm218.1,MULTIPOLE,0,2982.21291,279.750806,-104.4781771,607.9759318,SE,3,3,
es3-dv218,MULTIPOLE,0,2982.21291,279.750806,-104.4781771,607.9759318,SE,3,3,
es3-cm218.1,SBEND,2.726077105,2982.21291,279.750806,-104.4781771,607.9759318,SE,3,3,
es3-dv218,SBEND,2.726077105,2982.21291,279.750806,-104.4781771,607.9759318,SE,3,3,
es3-cm218.2,MULTIPOLE,0,2982.47131,279.7746716,-104.7267652,607.9054003,SE,3,3,
es3-dt218,MULTIPOLE,0,2982.47131,279.7746716,-104.7267652,607.9054003,SE,3,3,
es3-cm218.2,DRIFT,0.258400373,2982.47131,279.7746716,-104.7267652,607.9054003,SE,3,3,
es3-dt218,DRIFT,0.258400373,2982.47131,279.7746716,-104.7267652,607.9054003,SE,3,3,
es3-cm217,MULTIPOLE,0,2983.36271,279.8570016,-105.5839014,607.660632,SE,3,3,
es3-dv217,MULTIPOLE,0,2983.36271,279.8570016,-105.5839014,607.660632,SE,3,3,
es3-cm217,SBEND,0.891400429,2983.36271,279.8570016,-105.5839014,607.660632,SE,3,3,
es3-dv217,SBEND,0.891400429,2983.36271,279.8570016,-105.5839014,607.660632,SE,3,3,
es3-cm216,MULTIPOLE,0,2983.62111,279.880868,-105.8322484,607.5892561,SE,3,3,
es3-dt216,MULTIPOLE,0,2983.62111,279.880868,-105.8322484,607.5892561,SE,3,3,
es3-cm216,DRIFT,0.258400373,2983.62111,279.880868,-105.8322484,607.5892561,SE,3,3,
es3-dt216,DRIFT,0.258400373,2983.62111,279.880868,-105.8322484,607.5892561,SE,3,3,
es3-cm214,MULTIPOLE,0,2986.34719,280.1326427,-108.4483034,606.8226494,SE,3,3,
es3-dv214,MULTIPOLE,0,2986.34719,280.1326427,-108.4483034,606.8226494,SE,3,3,
es3-cm214,SBEND,2.726077105,2986.34719,280.1326427,-108.4483034,606.8226494,SE,3,3,
es3-dv214,SBEND,2.726077105,2986.34719,280.1326427,-108.4483034,606.8226494,SE,3,3,
es3-dt213.1,DRIFT,0.386683214,2986.73387,280.1683553,-108.8188119,606.7119817,SE,3,3,
es3-ks213,HKICKER,0.2,2986.93387,280.1868285,-109.010446,606.6547422,SE,3,3,
es3-dt213.2,DRIFT,0.064,2986.99787,280.1927402,-109.071769,606.6364256,SE,3,3,
es3-q213,QUADRUPOLE,0.5,2987.37287,280.2273819,-109.431083,606.5291016,SE,3,3,
es3-dt212.1,DRIFT,0.156,2987.65387,280.2533432,-109.7003289,606.4486801,SE,3,3,
es3-dt212.2,DRIFT,0.1721,2987.82597,280.2692446,-109.8652301,606.3994255,SE,3,3,
es3-sx212,SEXTUPOLE,0.24,2988.06597,280.2914213,-110.0951911,606.3307382,SE,3,3,
es3-dt212.3,DRIFT,0.1721,2988.23807,280.3073251,-110.2600923,606.2814836,SE,3,3,
es3-cm211,MULTIPOLE,0,2988.73807,280.3535357,-110.7391776,606.1383849,SE,3,3,
es3-dt211,MULTIPOLE,0,2988.73807,280.3535357,-110.7391776,606.1383849,SE,3,3,
es3-cm211,DRIFT,0.5,2988.73807,280.3535357,-110.7391776,606.1383849,SE,3,3,
es3-dt211,DRIFT,0.5,2988.73807,280.3535357,-110.7391776,606.1383849,SE,3,3,
es3-cm209,MULTIPOLE,0,2991.46415,280.6054826,-113.3471229,605.3446275,SE,3,3,
es3-dv209,MULTIPOLE,0,2991.46415,280.6054826,-113.3471229,605.3446275,SE,3,3,
es3-cm209,SBEND,2.726077105,2991.46415,280.6054826,-113.3471229,605.3446275,SE,3,3,
es3-dv209,SBEND,2.726077105,2991.46415,280.6054826,-113.3471229,605.3446275,SE,3,3,
es3-cm208,MULTIPOLE,0,2991.72255,280.6293632,-113.5939325,605.2681044,SE,3,3,
es3-dt208,MULTIPOLE,0,2991.72255,280.6293632,-113.5939325,605.2681044,SE,3,3,
es3-cm208,DRIFT,0.258400373,2991.72255,280.6293632,-113.5939325,605.2681044,SE,3,3,
es3-dt208,DRIFT,0.258400373,2991.72255,280.6293632,-113.5939325,605.2681044,SE,3,3,
es3-cm207.1,MULTIPOLE,0,2992.61395,280.7117453,-114.4448981,605.0026773,SE,3,3,
es3-dv207,MULTIPOLE,0,2992.61395,280.7117453,-114.4448981,605.0026773,SE,3,3,
es3-cm207.1,SBEND,0.891400429,2992.61395,280.7117453,-114.4448981,605.0026773,SE,3,3,
es3-dv207,SBEND,0.891400429,2992.61395,280.7117453,-114.4448981,605.0026773,SE,3,3,
es3-cm207.2,MULTIPOLE,0,2992.87235,280.7356268,-114.6914461,604.9253158,SE,3,3,
es3-dt207,MULTIPOLE,0,2992.87235,280.7356268,-114.6914461,604.9253158,SE,3,3,
es3-cm207.2,DRIFT,0.258400373,2992.87235,280.7356268,-114.6914461,604.9253158,SE,3,3,
es3-dt207,DRIFT,0.258400373,2992.87235,280.7356268,-114.6914461,604.9253158,SE,3,3,
es3-cm204,MULTIPOLE,0,2995.59843,280.9875604,-117.288195,604.0956624,SE,3,3,
es3-dv204,MULTIPOLE,0,2995.59843,280.9875604,-117.288195,604.0956624,SE,3,3,
es3-cm204,SBEND,2.726077105,2995.59843,280.9875604,-117.288195,604.0956624,SE,3,3,
es3-dv204,SBEND,2.726077105,2995.59843,280.9875604,-117.288195,604.0956624,SE,3,3,
es3-dt204.1,DRIFT,0.386683214,2995.98511,281.0232954,-117.6559186,603.9760661,SE,3,3,
es3-ks204,VKICKER,0.2,2996.18511,281.0417804,-117.8461123,603.9142086,SE,3,3,
es3-dt204.2,DRIFT,0.064,2996.24911,281.0476959,-117.9069743,603.8944142,SE,3,3,
es3-q203,QUADRUPOLE,0.5,2996.62411,281.0823601,-118.2635875,603.7784313,SE,3,3,
es3-dt203.1,DRIFT,0.156,2996.90511,281.1083385,-118.5308096,603.6915215,SE,3,3,
es3-sx203.1,SEXTUPOLE,0.24,2997.14511,281.1305287,-118.7590421,603.6172925,SE,3,3,
es3-dt203.2,DRIFT,0.104,2997.24911,281.1401451,-118.8579428,603.5851266,SE,3,3,
es3-sx203.2,SEXTUPOLE,0.24,2997.48911,281.1623382,-119.0861753,603.5108975,SE,3,3,
es3-cm202,MULTIPOLE,0,2997.98911,281.2085806,-119.5616595,603.3562537,SE,3,3,
es3-dt202,MULTIPOLE,0,2997.98911,281.2085806,-119.5616595,603.3562537,SE,3,3,
es3-cm202,DRIFT,0.5,2997.98911,281.2085806,-119.5616595,603.3562537,SE,3,3,
es3-dt202,DRIFT,0.5,2997.98911,281.2085806,-119.5616595,603.3562537,SE,3,3,
es3-cm199.1,MULTIPOLE,0,3000.71519,281.4607013,-122.1496444,602.4996537,SE,3,3,
es3-dv199,MULTIPOLE,0,3000.71519,281.4607013,-122.1496444,602.4996537,SE,3,3,
es3-cm199.1,SBEND,2.726077105,3000.71519,281.4607013,-122.1496444,602.4996537,SE,3,3,
es3-dv199,SBEND,2.726077105,3000.71519,281.4607013,-122.1496444,602.4996537,SE,3,3,
es3-cm199.2,MULTIPOLE,0,3000.97359,281.4845983,-122.3945311,602.4171837,SE,3,3,
es3-dt199,MULTIPOLE,0,3000.97359,281.4845983,-122.3945311,602.4171837,SE,3,3,
es3-cm199.2,DRIFT,0.258400373,3000.97359,281.4845983,-122.3945311,602.4171837,SE,3,3,
es3-dt199,DRIFT,0.258400373,3000.97359,281.4845983,-122.3945311,602.4171837,SE,3,3,
es3-cm198.1,MULTIPOLE,0,3001.86499,281.567037,-123.2388282,602.1312532,SE,3,3,
es3-dv198,MULTIPOLE,0,3001.86499,281.567037,-123.2388282,602.1312532,SE,3,3,
es3-cm198.1,SBEND,0.891400429,3001.86499,281.567037,-123.2388282,602.1312532,SE,3,3,
es3-dv198,SBEND,0.891400429,3001.86499,281.567037,-123.2388282,602.1312532,SE,3,3,
es3-cm198.2,MULTIPOLE,0,3002.12339,281.590935,-123.4834331,602.0479514,SE,3,3,
es3-dt198,MULTIPOLE,0,3002.12339,281.590935,-123.4834331,602.0479514,SE,3,3,
es3-cm198.2,DRIFT,0.258400373,3002.12339,281.590935,-123.4834331,602.0479514,SE,3,3,
es3-dt198,DRIFT,0.258400373,3002.12339,281.590935,-123.4834331,602.0479514,SE,3,3,
es3-cm195,MULTIPOLE,0,3004.84947,281.8430414,-126.0593567,601.1557367,SE,3,3,
es3-dv195,MULTIPOLE,0,3004.84947,281.8430414,-126.0593567,601.1557367,SE,3,3,
es3-cm195,SBEND,2.726077105,3004.84947,281.8430414,-126.0593567,601.1557367,SE,3,3,
es3-dv195,SBEND,2.726077105,3004.84947,281.8430414,-126.0593567,601.1557367,SE,3,3,
es3-dt195,DRIFT,0.386683214,3005.23615,281.8788009,-126.4240802,601.0272817,SE,3,3,
es3-ks195,HKICKER,0.2,3005.43615,281.8972988,-126.6127222,600.9608423,SE,3,3,
es3-dt194.1,DRIFT,0.064,3005.50015,281.9032184,-126.6730877,600.9395817,SE,3,3,
es3-q194,QUADRUPOLE,0.5,3005.87515,281.937907,-127.0267914,600.8150079,SE,3,3,
es3-dt194.2,DRIFT,0.156,3006.15615,281.963904,-127.2918335,600.7216605,SE,3,3,
es3-dt194.3,DRIFT,0.1721,3006.32825,281.9798274,-127.4541599,600.6644894,SE,3,3,
es3-sx193,SEXTUPOLE,0.24,3006.56825,282.0020353,-127.6805303,600.5847622,SE,3,3,
es3-dt193.1,DRIFT,0.1721,3006.74035,282.0179615,-127.8428568,600.5275911,SE,3,3,
es3-cm193,MULTIPOLE,0,3007.24035,282.0642384,-128.3144618,600.3614926,SE,3,3,
es3-dt193.2,MULTIPOLE,0,3007.24035,282.0642384,-128.3144618,600.3614926,SE,3,3,
es3-cm193,DRIFT,0.5,3007.24035,282.0642384,-128.3144618,600.3614926,SE,3,3,
es3-dt193.2,DRIFT,0.5,3007.24035,282.0642384,-128.3144618,600.3614926,SE,3,3,
es3-cm190.1,MULTIPOLE,0,3009.96643,282.3165469,-130.8809723,599.4425511,SE,3,3,
es3-dv190,MULTIPOLE,0,3009.96643,282.3165469,-130.8809723,599.4425511,SE,3,3,
es3-cm190.1,SBEND,2.726077105,3009.96643,282.3165469,-130.8809723,599.4425511,SE,3,3,
es3-dv190,SBEND,2.726077105,3009.96643,282.3165469,-130.8809723,599.4425511,SE,3,3,
es3-cm190.2,MULTIPOLE,0,3010.22483,282.3404617,-131.1237927,599.3541826,SE,3,3,
es3-dt190,MULTIPOLE,0,3010.22483,282.3404617,-131.1237927,599.3541826,SE,3,3,
es3-cm190.2,DRIFT,0.258400373,3010.22483,282.3404617,-131.1237927,599.3541826,SE,3,3,
es3-dt190,DRIFT,0.258400373,3010.22483,282.3404617,-131.1237927,599.3541826,SE,3,3,
es3-cm189.1,MULTIPOLE,0,3011.11623,282.4229618,-131.9609274,599.0479158,SE,3,3,
es3-dv189,MULTIPOLE,0,3011.11623,282.4229618,-131.9609274,599.0479158,SE,3,3,
es3-cm189.1,SBEND,0.891400429,3011.11623,282.4229618,-131.9609274,599.0479158,SE,3,3,
es3-dv189,SBEND,0.891400429,3011.11623,282.4229618,-131.9609274,599.0479158,SE,3,3,
es3-cm189.2,MULTIPOLE,0,3011.37463,282.4468775,-132.2034461,598.9587224,SE,3,3,
es3-dt189,MULTIPOLE,0,3011.37463,282.4468775,-132.2034461,598.9587224,SE,3,3,
es3-cm189.2,DRIFT,0.258400373,3011.37463,282.4468775,-132.2034461,598.9587224,SE,3,3,
es3-dt189,DRIFT,0.258400373,3011.37463,282.4468775,-132.2034461,598.9587224,SE,3,3,
es3-cm186,MULTIPOLE,0,3014.10071,282.6991712,-134.7570374,598.0044684,SE,3,3,
es3-dv186,MULTIPOLE,0,3014.10071,282.6991712,-134.7570374,598.0044684,SE,3,3,
es3-cm186,SBEND,2.726077105,3014.10071,282.6991712,-134.7570374,598.0044684,SE,3,3,
es3-dv186,SBEND,2.726077105,3014.10071,282.6991712,-134.7570374,598.0044684,SE,3,3,
es3-dt186,DRIFT,0.386683214,3014.48739,282.7349572,-135.1185475,597.8672299,SE,3,3,
es3-ks185,VKICKER,0.2,3014.68739,282.7534689,-135.3055274,597.7962476,SE,3,3,
es3-dt185.1,DRIFT,0.064,3014.75139,282.759393,-135.365361,597.7735332,SE,3,3,
es3-q185,QUADRUPOLE,0.5,3015.12639,282.7941081,-135.7159484,597.6404412,SE,3,3,
es3-dt185.2,DRIFT,0.156,3015.40739,282.820125,-135.9786553,597.540711,SE,3,3,
es3-sx184.1,SEXTUPOLE,0.24,3015.64739,282.8423486,-136.2030312,597.4555322,SE,3,3,
es3-dt184.1,DRIFT,0.104,3015.75139,282.8519795,-136.3002608,597.4186213,SE,3,3,
es3-sx184.2,SEXTUPOLE,0.24,3015.99139,282.8742065,-136.5246367,597.3334425,SE,3,3,
es3-cm184,MULTIPOLE,0,3016.49139,282.9205204,-136.9920866,597.1559865,SE,3,3,
es3-dt184.2,MULTIPOLE,0,3016.49139,282.9205204,-136.9920866,597.1559865,SE,3,3,
es3-cm184,DRIFT,0.5,3016.49139,282.9205204,-136.9920866,597.1559865,SE,3,3,
es3-dt184.2,DRIFT,0.5,3016.49139,282.9205204,-136.9920866,597.1559865,SE,3,3,
es3-cm181.1,MULTIPOLE,0,3019.21747,283.1730314,-139.5356211,596.1752411,SE,3,3,
es3-dv181,MULTIPOLE,0,3019.21747,283.1730314,-139.5356211,596.1752411,SE,3,3,
es3-cm181.1,SBEND,2.726077105,3019.21747,283.1730314,-139.5356211,596.1752411,SE,3,3,
es3-dv181,SBEND,2.726077105,3019.21747,283.1730314,-139.5356211,596.1752411,SE,3,3,
es3-cm181.2,MULTIPOLE,0,3019.47587,283.1969652,-139.7762333,596.0810257,SE,3,3,
es3-dt181,MULTIPOLE,0,3019.47587,283.1969652,-139.7762333,596.0810257,SE,3,3,
es3-cm181.2,DRIFT,0.258400373,3019.47587,283.1969652,-139.7762333,596.0810257,SE,3,3,
es3-dt181,DRIFT,0.258400373,3019.47587,283.1969652,-139.7762333,596.0810257,SE,3,3,
es3-cm180,MULTIPOLE,0,3020.36727,283.2795314,-140.6057159,595.7546018,SE,3,3,
es3-dv180,MULTIPOLE,0,3020.36727,283.2795314,-140.6057159,595.7546018,SE,3,3,
es3-cm180,SBEND,0.891400429,3020.36727,283.2795314,-140.6057159,595.7546018,SE,3,3,
es3-dv180,SBEND,0.891400429,3020.36727,283.2795314,-140.6057159,595.7546018,SE,3,3,
es3-cm179,MULTIPOLE,0,3020.62567,283.3034663,-140.8460064,595.6595691,SE,3,3,
es3-dt179,MULTIPOLE,0,3020.62567,283.3034663,-140.8460064,595.6595691,SE,3,3,
es3-cm179,DRIFT,0.258400373,3020.62567,283.3034663,-140.8460064,595.6595691,SE,3,3,
es3-dt179,DRIFT,0.258400373,3020.62567,283.3034663,-140.8460064,595.6595691,SE,3,3,
es3-cm177,MULTIPOLE,0,3023.35174,283.5559617,-143.3757716,594.643834,SE,3,3,
es3-dv177,MULTIPOLE,0,3023.35174,283.5559617,-143.3757716,594.643834,SE,3,3,
es3-cm177,SBEND,2.726077105,3023.35174,283.5559617,-143.3757716,594.643834,SE,3,3,
es3-dv177,SBEND,2.726077105,3023.35174,283.5559617,-143.3757716,594.643834,SE,3,3,
es3-dt176.1,DRIFT,0.386683214,3023.73843,283.5917763,-143.7338567,594.4978923,SE,3,3,
es3-ks176,HKICKER,0.2,3023.93843,283.6103029,-143.9190652,594.4224085,SE,3,3,
es3-dt176.2,DRIFT,0.064,3024.00243,283.6162318,-143.9783319,594.3982537,SE,3,3,
es3-mark176,MARKER,0,3024.25243,283.6393934,-144.2098425,594.3038989,SE,3,3,
es3-q176,QUADRUPOLE,0.5,3024.37743,283.6509753,-144.3255978,594.2567215,SE,3,3,
es3-dt175.1,DRIFT,0.156,3024.65843,283.6770138,-144.5858158,594.1506667,SE,3,3,
es3-sx175.1,SEXTUPOLE,0.24,3024.89843,283.699256,-144.808066,594.0600861,SE,3,3,
es3-dt175.2,DRIFT,0.104,3025.00243,283.708895,-144.9043744,594.0208345,SE,3,3,
es3-sx175.2,SEXTUPOLE,0.24,3025.24243,283.7311408,-145.1266246,593.9302539,SE,3,3,
es3-dt174,DRIFT,0.5,3025.74243,283.7774945,-145.5896459,593.7415443,SE,3,3,
es3-dh172,RBEND,2.726014716,3028.46844,284.0301979,-148.1081415,592.6983492,SE,3,3,
es3-dt171,DRIFT,0.2584,3028.72684,284.0541486,-148.3463053,592.5981068,SE,3,3,
es3-dh169,RBEND,2.726014716,3031.45286,284.3067845,-150.8527638,591.5263129,SE,3,3,
es3-dt167.1,DRIFT,1.536638598,3032.9895,284.4492217,-152.2621861,590.9141144,SE,3,3,
es3-ks167,VKICKER,0.2,3033.1895,284.4677689,-152.4456283,590.8344342,SE,3,3,
es3-dt167.2,DRIFT,0.064,3033.2535,284.4737044,-152.5043298,590.8089366,SE,3,3,
es3-q166,QUADRUPOLE,0.5,3033.6285,284.5084865,-152.8482841,590.6595362,SE,3,3,
es3-dt165,DRIFT,1.24,3034.9935,284.6351495,-154.1002775,590.1157187,SE,3,3,
es3-dh162,RBEND,2.726014716,3037.71951,284.8881423,-156.5943741,589.0154649,SE,3,3,
es3-dt162,DRIFT,0.2584,3037.97791,284.9121203,-156.8301943,588.9098271,SE,3,3,
es3-dh159,RBEND,2.726014716,3040.70393,285.1650426,-159.3116059,587.7812559,SE,3,3,
es3-dt158,DRIFT,1.536638598,3042.24056,285.3076428,-160.7067274,587.1371331,SE,3,3,
es3-ks158,HKICKER,0.2,3042.44056,285.3262116,-160.8883083,587.0532978,SE,3,3,
es3-dt157.1,DRIFT,0.064,3042.50456,285.332154,-160.9464142,587.0264705,SE,3,3,
es3-q157,QUADRUPOLE,0.5,3042.87956,285.366977,-161.2868785,586.8692793,SE,3,3,
es3-dt157.2,DRIFT,0.156,3043.16056,285.3930757,-161.5419998,586.7514907,SE,3,3,
es3-sx157,SEXTUPOLE,0.24,3043.40056,285.4153695,-161.7598969,586.6508884,SE,3,3,
es3-dt156,DRIFT,0.104,3043.50456,285.425031,-161.854319,586.607294,SE,3,3,
es3-sx156,SEXTUPOLE,0.24,3043.74456,285.4473289,-162.0722161,586.5066916,SE,3,3,
es3-dt155,DRIFT,1.14255,3044.88711,285.5535199,-163.1095427,586.0277615,SE,3,3,
es3-mark155,MARKER,0,3045.28711,285.5907119,-163.4727046,585.8600909,SE,3,3,
es3-q155,QUADRUPOLE,0.8,3045.48711,285.6093108,-163.6542856,585.7762556,SE,3,3,
es3-dt153,DRIFT,1.14255,3046.82966,285.734211,-164.8731931,585.2134901,SE,3,3,
es3-mark153,MARKER,0,3047.22966,285.7714407,-165.236355,585.0458195,SE,3,3,
es3-q153,QUADRUPOLE,0.8,3047.42966,285.7900584,-165.4179359,584.9619842,SE,3,3,
es3-dt152,DRIFT,0.535,3048.16466,285.8584949,-166.0852459,584.6538895,SE,3,3,
es3-dh149,RBEND,2.726014716,3050.89068,286.1123133,-168.553651,583.4971472,SE,3,3,
es3-dt149,DRIFT,0.2584,3051.14908,286.1363696,-168.7870055,583.3861687,SE,3,3,
es3-dh146,RBEND,2.726014716,3053.87509,286.3901179,-171.2420842,582.2014052,SE,3,3,
es3-dt146,DRIFT,0.535,3054.41009,286.4399146,-171.7225825,581.9661471,SE,3,3,
es3-mark145,MARKER,0,3054.81009,286.4771555,-172.0818336,581.7902532,SE,3,3,
es3-q145,QUADRUPOLE,0.8,3055.01009,286.4957789,-172.2614591,581.7023063,SE,3,3,
es3-dt144,DRIFT,0.535,3055.74509,286.5642378,-172.921583,581.3791012,SE,3,3,
es3-dh142,RBEND,2.726014716,3058.47111,286.8181389,-175.3630172,580.1664699,SE,3,3,
es3-dt141,DRIFT,0.2584,3058.72951,286.8422028,-175.593785,580.0502082,SE,3,3,
es3-dh139,RBEND,2.726014716,3061.45552,287.0960294,-178.0212586,578.8098662,SE,3,3,
es3-dt138,DRIFT,0.535,3061.99052,287.1458413,-178.4962772,578.5637315,SE,3,3,
es3-mark138,MARKER,0,3062.39052,287.183094,-178.8514313,578.3797054,SE,3,3,
es3-q137,QUADRUPOLE,0.8,3062.59052,287.2017237,-179.0290083,578.2876924,SE,3,3,
es3-dt130,DRIFT,6.77124,3069.56176,287.8524183,-185.2186692,575.0804686,SE,3,3,
es3-mark130,MARKER,0,3069.96176,287.8898314,-185.5738233,574.8964426,SE,3,3,
es3-q130,QUADRUPOLE,0.8,3070.16176,287.908541,-185.7514004,574.8044296,SE,3,3,
es3-dt123,DRIFT,6.77124,3077.133,288.5619359,-191.9410613,571.5972058,SE,3,3,
es3-mark122,MARKER,0,3077.533,288.5994987,-192.2962154,571.4131798,SE,3,3,
es3-q122,QUADRUPOLE,0.8,3077.733,288.618283,-192.4737925,571.3211668,SE,3,3,
es3-dt115,DRIFT,6.77124,3084.70424,289.2741934,-198.6634534,568.113943,SE,3,3,
es3-mark115,MARKER,0,3085.10424,289.3118953,-199.0186075,567.929917,SE,3,3,
es3-q115,QUADRUPOLE,0.8,3085.30424,289.330749,-199.1961845,567.837904,SE,3,3,
es3-dt114,DRIFT,0.535,3086.03924,289.4000511,-199.8487802,567.4997562,SE,3,3,
es3-dh111,RBEND,2.726014716,3088.76526,289.6570827,-202.2619785,566.2318642,SE,3,3,
es3-dt111,DRIFT,0.2584,3089.02366,289.6814441,-202.49004,566.1103797,SE,3,3,
es3-dh108,RBEND,2.726014716,3091.74967,289.9384167,-204.8886504,564.815102,SE,3,3,
es3-dt108,DRIFT,0.535,3092.28467,289.9888471,-205.3579431,564.558218,SE,3,3,
es3-mark107,MARKER,0,3092.68467,290.0265609,-205.7088161,564.3661553,SE,3,3,
es3-q107,QUADRUPOLE,0.8,3092.88467,290.0454206,-205.8842526,564.2701239,SE,3,3,
es3-dt106,DRIFT,0.535,3093.61967,290.1147463,-206.5289818,563.9172085,SE,3,3,
es3-dh104,RBEND,2.726014716,3096.34569,290.3718657,-208.9126936,562.594713,SE,3,3,
es3-dt103,DRIFT,0.2584,3096.60409,290.3962352,-209.1379306,562.4680685,SE,3,3,
es3-dh101,RBEND,2.726014716,3099.3301,290.6532914,-211.5064348,561.1185264,SE,3,3,
es3-dt100,DRIFT,0.535,3099.8651,290.703738,-211.9697584,560.8510264,SE,3,3,
es3-mark100,MARKER,0,3100.2651,290.7414646,-212.3161686,560.6510264,SE,3,3,
es3-q100,QUADRUPOLE,0.8,3100.4651,290.7603309,-212.4893737,560.5510264,SE,3,3,
es3-dt89,DRIFT,9.90284,3110.56794,291.7158965,-221.2386898,555.4996064,SE,3,3,
es3-mark89,MARKER,0,3110.96794,291.7538293,-221.5850999,555.2996064,SE,3,3,
es3-q89,QUADRUPOLE,0.8,3111.16794,291.7727984,-221.758305,555.1996064,SE,3,3,
es3-dt79,DRIFT,9.90284,3121.27078,292.7332881,-230.5076211,550.1481864,SE,3,3,
es3-mark78,MARKER,0,3121.67078,292.7714049,-230.8540312,549.9481864,SE,3,3,
es3-q78,QUADRUPOLE,0.8,3121.87078,292.7904657,-231.0272363,549.8481864,SE,3,3,
es3-dt68,DRIFT,9.90284,3131.97362,293.7553074,-239.7765524,544.7967664,SE,3,3,
es3-mark68,MARKER,0,3132.37362,293.7935851,-240.1229626,544.5967664,SE,3,3,
es3-q67,QUADRUPOLE,0.8,3132.57362,293.8127261,-240.2961677,544.4967664,SE,3,3,
es3-dt57,DRIFT,9.90284,3142.67646,294.7813315,-249.0454837,539.4453464,SE,3,3,
es3-mark57,MARKER,0,3143.07646,294.8197467,-249.3918939,539.2453464,SE,3,3,
es3-q57,QUADRUPOLE,0.8,3143.27646,294.838956,-249.565099,539.1453464,SE,3,3,
es3-dt47,DRIFT,9.90284,3153.3793,295.8107227,-258.3144151,534.0939264,SE,3,3,
es3-mark46,MARKER,0,3153.7793,295.8492511,-258.6608252,533.8939264,SE,3,3,
es3-q46,QUADRUPOLE,0.8,3153.9793,295.8685167,-258.8340303,533.7939264,SE,3,3,
es3-dt36,DRIFT,9.90284,3164.08214,296.84283,-267.5833464,528.7425064,SE,3,3,
es3-mark36,MARKER,0,3164.48214,296.8814472,-267.9297566,528.5425064,SE,3,3,
es3-q35,QUADRUPOLE,0.8,3164.68214,296.9007568,-268.1029617,528.4425064,SE,3,3,
es3-dt28,DRIFT,6.678976,3171.56112,297.5653097,-274.0603296,525.0030184,SE,3,3,
es3-dh26,RBEND,2.726014716,3174.28713,297.828789,-276.4133195,523.6266047,SE,3,3,
es3-dt25,DRIFT,0.3,3174.58713,297.8577843,-276.6714029,523.4736572,SE,3,3,
es3-dh23,RBEND,2.726014716,3177.31315,298.1212484,-279.0085735,522.07055,SE,3,3,
es3-dt22,DRIFT,0.3,3177.61315,298.1502419,-279.2648993,521.9146748,SE,3,3,
es3-dh20,RBEND,2.726014716,3180.33916,298.4136889,-281.5859479,520.4850561,SE,3,3,
es3-dt19,DRIFT,0.3,3180.63916,298.4426804,-281.8404829,520.3262735,SE,3,3,
es3-dh17,RBEND,2.726014716,3183.36518,298.7061083,-284.1451087,518.8703284,SE,3,3,
es3-dt16,DRIFT,0.3,3183.66518,298.7350976,-284.3978198,518.7086588,SE,3,3,
es3-mark16,MARKER,0,3184.06518,298.7737532,-284.7347681,518.4930994,SE,3,3,
es3-q16,QUADRUPOLE,0.8,3184.26518,298.7930823,-284.9032422,518.3853197,SE,3,3,
es3-dt11,DRIFT,5,3189.46518,299.2959311,-289.2835694,515.5830468,SE,3,3,
es3-mark10,MARKER,0,3189.86518,299.334634,-289.6205177,515.3674873,SE,3,3,
es3-q10,QUADRUPOLE,0.8,3190.06518,299.3539865,-289.7889918,515.2597076,SE,3,3,
es3-dt3.4,MARKER,0,3196.73327,299.999608,-295.4059974,511.6662814,SE,3,3,
es3-mark3,MARKER,0,3196.73327,299.999608,-295.4059974,511.6662814,SE,3,3,
es3-dt3.4,DRIFT,6.468093,3196.73327,299.999608,-295.4059974,511.6662814,SE,3,3,
es3-mark3,DRIFT,6.468093,3196.73327,299.999608,-295.4059974,511.6662814,SE,3,3,
es4-dt13,DRIFT,16.653102,3213.38637,301.6145445,-309.4340813,502.6919474,SE,5,4,
es4-mark14,MARKER,0,3213.78637,301.6533642,-309.7710295,502.476388,SE,5,4,
es4-q14,QUADRUPOLE,0.8,3213.98637,301.6727745,-309.9395036,502.3686082,SE,5,4,
es4-dt19,DRIFT,5,3219.18637,302.1775024,-314.3198309,499.5663353,SE,5,4,
es4-mark20,MARKER,0,3219.58637,302.2163314,-314.6567791,499.3507759,SE,5,4,
es4-q20,QUADRUPOLE,0.8,3219.78637,302.235746,-314.8252532,499.2429961,SE,5,4,
es4-dt20,DRIFT,0.3,3220.28637,302.284283,-315.2464385,498.9735468,SE,5,4,
es4-dh23,RBEND,2.726014716,3223.01239,302.5489101,-317.5510643,497.5176018,SE,5,4,
es4-dt23,DRIFT,0.3,3223.31239,302.5780309,-317.8055993,497.3588191,SE,5,4,
es4-dh26,RBEND,2.726014716,3226.0384,302.8425973,-320.1266479,495.9292004,SE,5,4,
es4-dt26,DRIFT,0.3,3226.3384,302.8717062,-320.3829737,495.7733252,SE,5,4,
es4-dh29,RBEND,2.726014716,3229.06442,303.1361176,-322.7201443,494.3702181,SE,5,4,
es4-dt29,DRIFT,0.3,3229.36442,303.1652042,-322.9782277,494.2172706,SE,5,4,
es4-dh32,RBEND,2.726014716,3232.09043,303.4293663,-325.3312176,492.8408568,SE,5,4,
es4-dt33,DRIFT,1.2585,3233.34893,303.5512358,-326.4211105,492.2116068,SE,5,4,
es4-mark34,MARKER,0,3233.74893,303.589964,-326.7675207,492.0116068,SE,5,4,
es4-q34,QUADRUPOLE,0.8,3233.94893,303.6093269,-326.9407258,491.9116068,SE,5,4,
es4-dt40,DRIFT,6.090776,3240.23971,304.21792,-332.3886976,488.7662188,SE,5,4,
es4-mark41,MARKER,0,3240.63971,304.2565867,-332.7351078,488.5662188,SE,5,4,
es4-q41,QUADRUPOLE,0.8,3240.83971,304.2759186,-332.9083129,488.4662188,SE,5,4,
es4-dt51,DRIFT,10.1158,3251.15551,305.271618,-341.8420577,483.3083188,SE,5,4,
es4-mark52,MARKER,0,3251.55551,305.3101664,-342.1884679,483.1083188,SE,5,4,
es4-q52,QUADRUPOLE,0.8,3251.75551,305.3294388,-342.361673,483.0083188,SE,5,4,
es4-dt62,DRIFT,10.1158,3262.07131,306.3217526,-351.2954178,477.8504188,SE,5,4,
es4-mark62,MARKER,0,3262.47131,306.3601573,-351.641828,477.6504188,SE,5,4,
es4-q63,QUADRUPOLE,0.8,3262.67131,306.3793575,-351.8150331,477.5504188,SE,5,4,
es4-dt73,DRIFT,10.1158,3272.98711,307.3676403,-360.7487779,472.3925188,SE,5,4,
es4-mark73,MARKER,0,3273.38711,307.4058766,-361.0951881,472.1925188,SE,5,4,
es4-q74,QUADRUPOLE,0.8,3273.58711,307.4249923,-361.2683932,472.0925188,SE,5,4,
es4-dt74,DRIFT,0.535,3274.32211,307.4952281,-361.9049218,471.7250188,SE,5,4,
es4-dh77,RBEND,2.726014716,3277.04812,307.7557198,-364.2579117,470.3486051,SE,5,4,
es4-dt77,DRIFT,0.2584,3277.30652,307.7804142,-364.4802075,470.2168663,SE,5,4,
es4-dh80,RBEND,2.726014716,3280.03254,308.0409523,-366.8173781,468.8137592,SE,5,4,
es4-dt81,DRIFT,0.535,3280.56754,308.0920865,-367.2744925,468.5357817,SE,5,4,
es4-mark81,MARKER,0,3280.96754,308.1303105,-367.6162603,468.3279482,SE,5,4,
es4-q81,QUADRUPOLE,0.8,3281.16754,308.1494202,-367.7871442,468.2240314,SE,5,4,
es4-dt82,DRIFT,0.535,3281.90254,308.2196353,-368.4151424,467.8421372,SE,5,4,
es4-dh85,RBEND,2.726014716,3284.62855,308.4800503,-370.736191,466.4125185,SE,5,4,
es4-dt85,DRIFT,0.2584,3284.88695,308.5047373,-370.9554304,466.2757537,SE,5,4,
es4-dh88,RBEND,2.726014716,3287.61297,308.765195,-373.2600562,464.8198086,SE,5,4,
es4-dt88,DRIFT,0.535,3288.14797,308.8163132,-373.7107245,464.5314979,SE,5,4,
es4-mark89,MARKER,0,3288.54797,308.854526,-374.0476728,464.3159384,SE,5,4,
es4-q89,QUADRUPOLE,0.8,3288.74797,308.8736303,-374.2161469,464.2081587,SE,5,4,
es4-dt96,DRIFT,6.95336,3295.90133,309.5559789,-380.2419272,460.3532227,SE,5,4,
es4-mark96,MARKER,0,3296.30133,309.5940777,-380.5788754,460.1376633,SE,5,4,
es4-q97,QUADRUPOLE,0.8,3296.50133,309.6131248,-380.7473496,460.0298836,SE,5,4,
es4-dt104,DRIFT,6.95336,3303.65469,310.2933249,-386.7731299,456.1749476,SE,5,4,
es4-mark104,MARKER,0,3304.05469,310.3312977,-387.1100781,455.9593882,SE,5,4,
es4-q104,QUADRUPOLE,0.8,3304.25469,310.3502816,-387.2785522,455.8516084,SE,5,4,
es4-dt111,DRIFT,6.95336,3311.40805,311.0281192,-393.3043325,451.9966725,SE,5,4,
es4-mark112,MARKER,0,3311.80805,311.0659541,-393.6412808,451.781113,SE,5,4,
es4-q112,QUADRUPOLE,0.8,3312.00805,311.0848689,-393.8097549,451.6733333,SE,5,4,
es4-dt119,DRIFT,6.95336,3319.16141,311.7601346,-399.8355352,447.8183974,SE,5,4,
es4-mark120,MARKER,0,3319.56141,311.7978201,-400.1724834,447.6028379,SE,5,4,
es4-q120,QUADRUPOLE,0.8,3319.76141,311.8166599,-400.3409576,447.4950582,SE,5,4,
es4-dt127,DRIFT,6.95336,3326.91477,312.4891493,-406.3667378,443.6401222,SE,5,4,
es4-mark127,MARKER,0,3327.31477,312.5266741,-406.7036861,443.4245628,SE,5,4,
es4-q128,QUADRUPOLE,0.8,3327.51477,312.5454333,-406.8721602,443.316783,SE,5,4,
es4-dt128,DRIFT,0.535,3328.24977,312.6143548,-407.4913026,442.9206925,SE,5,4,
es4-dh131,RBEND,2.726014716,3330.97578,312.8699759,-409.7792071,441.4386098,SE,5,4,
es4-dt131,DRIFT,0.2584,3331.23418,312.8942098,-409.9952765,441.2968898,SE,5,4,
es4-dh134,RBEND,2.726014716,3333.96019,313.1499008,-412.2661632,439.7888614,SE,5,4,
es4-dt134,DRIFT,0.535,3334.49519,313.200085,-412.7101518,439.4903667,SE,5,4,
es4-mark135,MARKER,0,3334.89519,313.2375965,-413.0421059,439.2671931,SE,5,4,
es4-q135,QUADRUPOLE,0.8,3335.09519,313.2563492,-413.208083,439.1556063,SE,5,4,
es4-dt136,DRIFT,0.535,3335.83019,313.3252482,-413.8180487,438.7455247,SE,5,4,
es4-dh139,RBEND,2.726014716,3338.55621,313.5807856,-416.0716234,437.211746,SE,5,4,
es4-dt139,DRIFT,0.2584,3338.81461,313.6050112,-416.2844108,437.0651443,SE,5,4,
es4-dh142,RBEND,2.726014716,3341.54062,313.8606142,-418.5203815,435.505814,SE,5,4,
es4-dt142,DRIFT,0.535,3342.07562,313.910781,-418.9574604,435.19729,SE,5,4,
es4-mark142,MARKER,0,3342.47562,313.9482801,-419.2842484,434.9666179,SE,5,4,
es4-q143,QUADRUPOLE,0.8,3342.67562,313.9670268,-419.4476424,434.8512818,SE,5,4,
es4-dt144,DRIFT,1.11651,3343.99213,314.0903807,-420.5231914,434.0920764,SE,5,4,
es4-mark144,MARKER,0,3344.39213,314.1278434,-420.8499793,433.8614043,SE,5,4,
es4-q145,QUADRUPOLE,0.8,3344.59213,314.1465719,-421.0133733,433.7460682,SE,5,4,
es4-dt146,DRIFT,1.11651,3345.90864,314.2698049,-422.0889224,432.9868628,SE,5,4,
es4-mark146,MARKER,0,3346.30864,314.3072305,-422.4157103,432.7561907,SE,5,4,
es4-q147,QUADRUPOLE,0.8,3346.50864,314.3259404,-422.5791043,432.6408546,SE,5,4,
es4-dt148.1,DRIFT,1.11651,3347.82515,314.4490501,-423.6546533,431.8816492,SE,5,4,
es4-sx148,SEXTUPOLE,0.57,3348.39515,314.5023255,-424.1203262,431.5529414,SE,5,4,
es4-dt148.2,DRIFT,0.104,3348.49915,314.5120442,-424.205291,431.4929667,SE,5,4,
es4-sx149,SEXTUPOLE,0.57,3349.06915,314.5653004,-424.6709639,431.1642589,SE,5,4,
es4-dt149,DRIFT,0.2,3349.26915,314.5839829,-424.8343579,431.0489228,SE,5,4,
es4-q150,QUADRUPOLE,0.5,3349.64415,314.6190072,-425.1407216,430.8326677,SE,5,4,
es4-dt150,DRIFT,0.064,3349.83315,314.6366568,-425.2951289,430.7236751,SE,5,4,
es4-ks150,HKICKER,0.2,3350.03315,314.6553316,-425.4585229,430.6083391,SE,5,4,
es4-dt151,DRIFT,1.462186789,3351.49534,314.7918004,-426.6530854,429.7651247,SE,5,4,
es4-dh154,RBEND,2.726014716,3354.22136,315.046176,-428.8711625,428.1804448,SE,5,4,
es4-dt154,DRIFT,0.2584,3354.47976,315.0702916,-429.0805577,428.0290374,SE,5,4,
es4-dh157,RBEND,2.726014716,3357.20577,315.3247355,-431.2804537,426.4192133,SE,5,4,
es4-dt158,DRIFT,1.24,3358.44577,315.4404625,-432.2769562,425.6812549,SE,5,4,
es4-q159,QUADRUPOLE,0.5,3358.82077,315.4754461,-432.5783179,425.458082,SE,5,4,
es4-dt159,DRIFT,0.064,3359.00977,315.4930754,-432.7302042,425.3456029,SE,5,4,
es4-ks159,VKICKER,0.2,3359.20977,315.5117288,-432.8909304,425.2265773,SE,5,4,
es4-dt161,DRIFT,1.462186789,3360.67196,315.6480439,-434.0659892,424.3563894,SE,5,4,
es4-dh163,RBEND,2.726014716,3363.39797,315.9021357,-436.2474191,422.7216296,SE,5,4,
es4-dt164,DRIFT,0.2584,3363.65637,315.9262243,-436.4533136,422.5654949,SE,5,4,
es4-dh166,RBEND,2.726014716,3366.38239,316.1803814,-438.6159948,420.9060113,SE,5,4,
es4-dt167,DRIFT,0.5,3366.88239,316.2270015,-439.0109327,420.5993779,SE,5,4,
es4-sx167,SEXTUPOLE,0.57,3367.45239,316.2801347,-439.4611619,420.2498159,SE,5,4,
es4-dt168.1,DRIFT,0.104,3367.55639,316.2898277,-439.543309,420.1860361,SE,5,4,
es4-sx168,SEXTUPOLE,0.57,3368.12639,316.3429436,-439.9935383,419.8364741,SE,5,4,
es4-dt168.2,DRIFT,0.156,3368.28239,316.357478,-440.1167589,419.7408044,SE,5,4,
es4-mark169,MARKER,0,3368.53239,316.3807681,-440.3142279,419.5874878,SE,5,4,
es4-q169,QUADRUPOLE,0.5,3368.65739,316.392412,-440.4129624,419.5108294,SE,5,4,
es4-dt169.1,DRIFT,0.064,3368.84639,316.4100163,-440.5622489,419.394922,SE,5,4,
es4-ks169,HKICKER,0.2,3369.04639,316.4286434,-440.7202241,419.2722687,SE,5,4,
es4-cm169,MULTIPOLE,0,3369.35862,316.4577196,-440.9668481,419.0807875,SE,5,4,
es4-dt169.2,MULTIPOLE,0,3369.35862,316.4577196,-440.9668481,419.0807875,SE,5,4,
es4-cm169,DRIFT,0.312231404,3369.35862,316.4577196,-440.9668481,419.0807875,SE,5,4,
es4-dt169.2,DRIFT,0.312231404,3369.35862,316.4577196,-440.9668481,419.0807875,SE,5,4,
es4-cm172.1,MULTIPOLE,0,3372.0847,316.7115921,-443.1113831,417.3978142,SE,5,4,
es4-dv172,MULTIPOLE,0,3372.0847,316.7115921,-443.1113831,417.3978142,SE,5,4,
es4-cm172.1,SBEND,2.726077105,3372.0847,316.7115921,-443.1113831,417.3978142,SE,5,4,
es4-dv172,SBEND,2.726077105,3372.0847,316.7115921,-443.1113831,417.3978142,SE,5,4,
es4-cm172.2,MULTIPOLE,0,3372.3431,316.7356575,-443.3138291,417.2372329,SE,5,4,
es4-dt172,MULTIPOLE,0,3372.3431,316.7356575,-443.3138291,417.2372329,SE,5,4,
es4-cm172.2,DRIFT,0.258400373,3372.3431,316.7356575,-443.3138291,417.2372329,SE,5,4,
es4-dt172,DRIFT,0.258400373,3372.3431,316.7356575,-443.3138291,417.2372329,SE,5,4,
es4-cm173.1,MULTIPOLE,0,3373.2345,316.8186735,-444.0112618,416.6820917,SE,5,4,
es4-dv173,MULTIPOLE,0,3373.2345,316.8186735,-444.0112618,416.6820917,SE,5,4,
es4-cm173.1,SBEND,0.891400429,3373.2345,316.8186735,-444.0112618,416.6820917,SE,5,4,
es4-dv173,SBEND,0.891400429,3373.2345,316.8186735,-444.0112618,416.6820917,SE,5,4,
es4-cm173.2,MULTIPOLE,0,3373.4929,316.8427377,-444.2131608,416.5208232,SE,5,4,
es4-dt173,MULTIPOLE,0,3373.4929,316.8427377,-444.2131608,416.5208232,SE,5,4,
es4-cm173.2,DRIFT,0.258400373,3373.4929,316.8427377,-444.2131608,416.5208232,SE,5,4,
es4-dt173,DRIFT,0.258400373,3373.4929,316.8427377,-444.2131608,416.5208232,SE,5,4,
es4-cm176,MULTIPOLE,0,3376.21897,317.0966231,-446.3342785,414.8084304,SE,5,4,
es4-dv176,MULTIPOLE,0,3376.21897,317.0966231,-446.3342785,414.8084304,SE,5,4,
es4-cm176,SBEND,2.726077105,3376.21897,317.0966231,-446.3342785,414.8084304,SE,5,4,
es4-dv176,SBEND,2.726077105,3376.21897,317.0966231,-446.3342785,414.8084304,SE,5,4,
es4-dt177.1,DRIFT,0.507,3376.72597,317.1438408,-446.7271085,414.4879096,SE,5,4,
es4-sx177,SEXTUPOLE,0.57,3377.29597,317.1969129,-447.1687517,414.1275607,SE,5,4,
es4-dt177.2,DRIFT,0.163,3377.45897,317.2120871,-447.2950461,414.0245136,SE,5,4,
es4-q178,QUADRUPOLE,0.5,3377.83397,317.2469927,-447.5856008,413.7874419,SE,5,4,
es4-dt178,DRIFT,0.064,3378.02297,317.2645829,-447.7320404,413.6679579,SE,5,4,
es4-ks178,VKICKER,0.2,3378.22297,317.2831952,-447.8870029,413.5415196,SE,5,4,
es4-cm179,MULTIPOLE,0,3378.5352,317.3122485,-448.1289238,413.3441298,SE,5,4,
es4-dt179,MULTIPOLE,0,3378.5352,317.3122485,-448.1289238,413.3441298,SE,5,4,
es4-cm179,DRIFT,0.312231404,3378.5352,317.3122485,-448.1289238,413.3441298,SE,5,4,
es4-dt179,DRIFT,0.312231404,3378.5352,317.3122485,-448.1289238,413.3441298,SE,5,4,
es4-cm181,MULTIPOLE,0,3381.26128,317.5659205,-450.2321277,411.6097818,SE,5,4,
es4-dv181,MULTIPOLE,0,3381.26128,317.5659205,-450.2321277,411.6097818,SE,5,4,
es4-cm181,SBEND,2.726077105,3381.26128,317.5659205,-450.2321277,411.6097818,SE,5,4,
es4-dv181,SBEND,2.726077105,3381.26128,317.5659205,-450.2321277,411.6097818,SE,5,4,
es4-cm182.1,MULTIPOLE,0,3381.51968,317.5899668,-450.4306307,411.4443512,SE,5,4,
es4-dt182,MULTIPOLE,0,3381.51968,317.5899668,-450.4306307,411.4443512,SE,5,4,
es4-cm182.1,DRIFT,0.258400373,3381.51968,317.5899668,-450.4306307,411.4443512,SE,5,4,
es4-dt182,DRIFT,0.258400373,3381.51968,317.5899668,-450.4306307,411.4443512,SE,5,4,
es4-cm182.2,MULTIPOLE,0,3382.41108,317.6729173,-451.1144329,410.8725046,SE,5,4,
es4-dv182,MULTIPOLE,0,3382.41108,317.6729173,-451.1144329,410.8725046,SE,5,4,
es4-cm182.2,SBEND,0.891400429,3382.41108,317.6729173,-451.1144329,410.8725046,SE,5,4,
es4-dv182,SBEND,0.891400429,3382.41108,317.6729173,-451.1144329,410.8725046,SE,5,4,
es4-cm183,MULTIPOLE,0,3382.66948,317.6969625,-451.3123725,410.7064002,SE,5,4,
es4-dt183,MULTIPOLE,0,3382.66948,317.6969625,-451.3123725,410.7064002,SE,5,4,
es4-cm183,DRIFT,0.258400373,3382.66948,317.6969625,-451.3123725,410.7064002,SE,5,4,
es4-dt183,DRIFT,0.258400373,3382.66948,317.6969625,-451.3123725,410.7064002,SE,5,4,
es4-cm185,MULTIPOLE,0,3385.39556,317.950647,-453.3914544,408.9432077,SE,5,4,
es4-dv185,MULTIPOLE,0,3385.39556,317.950647,-453.3914544,408.9432077,SE,5,4,
es4-cm185,SBEND,2.726077105,3385.39556,317.950647,-453.3914544,408.9432077,SE,5,4,
es4-dv185,SBEND,2.726077105,3385.39556,317.950647,-453.3914544,408.9432077,SE,5,4,
es4-dt186.1,DRIFT,0.5,3385.89556,317.997176,-453.7711024,408.617835,SE,5,4,
es4-sx186.1,SEXTUPOLE,0.24,3386.13556,318.0195065,-453.9533335,408.4616561,SE,5,4,
es4-dt186.2,DRIFT,0.104,3386.23956,318.0291823,-454.0323003,408.3939786,SE,5,4,
es4-sx186.2,SEXTUPOLE,0.24,3386.47956,318.0515095,-454.2145313,408.2377997,SE,5,4,
es4-dt187.1,DRIFT,0.156,3386.63556,318.066021,-454.3329815,408.1362834,SE,5,4,
es4-q187,QUADRUPOLE,0.5,3387.01056,318.1009003,-454.6177175,407.8922539,SE,5,4,
es4-dt187.2,DRIFT,0.064,3387.19956,318.1184774,-454.7612244,407.769263,SE,5,4,
es4-ks187,HKICKER,0.2,3387.39956,318.137076,-454.9130836,407.6391139,SE,5,4,
es4-cm188,MULTIPOLE,0,3387.71179,318.166108,-455.1501597,407.4359308,SE,5,4,
es4-dt188,MULTIPOLE,0,3387.71179,318.166108,-455.1501597,407.4359308,SE,5,4,
es4-cm188,DRIFT,0.312231404,3387.71179,318.166108,-455.1501597,407.4359308,SE,5,4,
es4-dt188,DRIFT,0.312231404,3387.71179,318.166108,-455.1501597,407.4359308,SE,5,4,
es4-cm190,MULTIPOLE,0,3390.43787,318.419594,-457.2108021,405.6512228,SE,5,4,
es4-dv190,MULTIPOLE,0,3390.43787,318.419594,-457.2108021,405.6512228,SE,5,4,
es4-cm190,SBEND,2.726077105,3390.43787,318.419594,-457.2108021,405.6512228,SE,5,4,
es4-dv190,SBEND,2.726077105,3390.43787,318.419594,-457.2108021,405.6512228,SE,5,4,
es4-cm191,MULTIPOLE,0,3390.69627,318.4436226,-457.405246,405.4810397,SE,5,4,
es4-dt191,MULTIPOLE,0,3390.69627,318.4436226,-457.405246,405.4810397,SE,5,4,
es4-cm191,DRIFT,0.258400373,3390.69627,318.4436226,-457.405246,405.4810397,SE,5,4,
es4-dt191,DRIFT,0.258400373,3390.69627,318.4436226,-457.405246,405.4810397,SE,5,4,
es4-cm192.1,MULTIPOLE,0,3391.58767,318.5265121,-458.0750177,404.8928222,SE,5,4,
es4-dv192,MULTIPOLE,0,3391.58767,318.5265121,-458.0750177,404.8928222,SE,5,4,
es4-cm192.1,SBEND,0.891400429,3391.58767,318.5265121,-458.0750177,404.8928222,SE,5,4,
es4-dv192,SBEND,0.891400429,3391.58767,318.5265121,-458.0750177,404.8928222,SE,5,4,
es4-cm192.2,MULTIPOLE,0,3391.84607,318.5505398,-458.2688821,404.7219791,SE,5,4,
es4-dt192,MULTIPOLE,0,3391.84607,318.5505398,-458.2688821,404.7219791,SE,5,4,
es4-cm192.2,DRIFT,0.258400373,3391.84607,318.5505398,-458.2688821,404.7219791,SE,5,4,
es4-dt192,DRIFT,0.258400373,3391.84607,318.5505398,-458.2688821,404.7219791,SE,5,4,
es4-cm195,MULTIPOLE,0,3394.57215,318.8040377,-460.3047119,402.9090185,SE,5,4,
es4-dv195,MULTIPOLE,0,3394.57215,318.8040377,-460.3047119,402.9090185,SE,5,4,
es4-cm195,SBEND,2.726077105,3394.57215,318.8040377,-460.3047119,402.9090185,SE,5,4,
es4-dv195,SBEND,2.726077105,3394.57215,318.8040377,-460.3047119,402.9090185,SE,5,4,
es4-dt195,DRIFT,0.507,3395.07915,318.8511834,-460.6815829,402.5698765,SE,5,4,
es4-sx196,SEXTUPOLE,0.57,3395.64915,318.9041764,-461.105284,402.1885926,SE,5,4,
es4-dt196.1,DRIFT,0.163,3395.81215,318.9193283,-461.2264476,402.0795588,SE,5,4,
es4-q196,QUADRUPOLE,0.5,3396.18715,318.9541833,-461.5051983,401.8287141,SE,5,4,
es4-dt196.2,DRIFT,0.064,3396.37615,318.9717483,-461.6456886,401.7022884,SE,5,4,
es4-ks197,VKICKER,0.2,3396.57615,318.9903341,-461.7943557,401.5685046,SE,5,4,
es4-cm197,MULTIPOLE,0,3396.88838,319.0193465,-462.0264483,401.359647,SE,5,4,
es4-dt197,MULTIPOLE,0,3396.88838,319.0193465,-462.0264483,401.359647,SE,5,4,
es4-cm197,DRIFT,0.312231404,3396.88838,319.0193465,-462.0264483,401.359647,SE,5,4,
es4-dt197,DRIFT,0.312231404,3396.88838,319.0193465,-462.0264483,401.359647,SE,5,4,
es4-cm200.1,MULTIPOLE,0,3399.61446,319.2726608,-464.0433236,399.5256232,SE,5,4,
es4-dv200,MULTIPOLE,0,3399.61446,319.2726608,-464.0433236,399.5256232,SE,5,4,
es4-cm200.1,SBEND,2.726077105,3399.61446,319.2726608,-464.0433236,399.5256232,SE,5,4,
es4-dv200,SBEND,2.726077105,3399.61446,319.2726608,-464.0433236,399.5256232,SE,5,4,
es4-cm200.2,MULTIPOLE,0,3399.87286,319.2966731,-464.2335947,399.3507871,SE,5,4,
es4-dt200,MULTIPOLE,0,3399.87286,319.2966731,-464.2335947,399.3507871,SE,5,4,
es4-cm200.2,DRIFT,0.258400373,3399.87286,319.2966731,-464.2335947,399.3507871,SE,5,4,
es4-dt200,DRIFT,0.258400373,3399.87286,319.2966731,-464.2335947,399.3507871,SE,5,4,
es4-cm201.1,MULTIPOLE,0,3400.76426,319.3795063,-464.8889441,398.7465428,SE,5,4,
es4-dv201,MULTIPOLE,0,3400.76426,319.3795063,-464.8889441,398.7465428,SE,5,4,
es4-cm201.1,SBEND,0.891400429,3400.76426,319.3795063,-464.8889441,398.7465428,SE,5,4,
es4-dv201,SBEND,0.891400429,3400.76426,319.3795063,-464.8889441,398.7465428,SE,5,4,
es4-cm201.2,MULTIPOLE,0,3401.02266,319.4035177,-465.0786198,398.5710609,SE,5,4,
es4-dt201,MULTIPOLE,0,3401.02266,319.4035177,-465.0786198,398.5710609,SE,5,4,
es4-cm201.2,DRIFT,0.258400373,3401.02266,319.4035177,-465.0786198,398.5710609,SE,5,4,
es4-dt201,DRIFT,0.258400373,3401.02266,319.4035177,-465.0786198,398.5710609,SE,5,4,
es4-cm204,MULTIPOLE,0,3403.74873,319.6568432,-467.0700065,396.7093928,SE,5,4,
es4-dv204,MULTIPOLE,0,3403.74873,319.6568432,-467.0700065,396.7093928,SE,5,4,
es4-cm204,SBEND,2.726077105,3403.74873,319.6568432,-467.0700065,396.7093928,SE,5,4,
es4-dv204,SBEND,2.726077105,3403.74873,319.6568432,-467.0700065,396.7093928,SE,5,4,
es4-dt204,DRIFT,0.5,3404.24873,319.7033065,-467.4334763,396.3660421,SE,5,4,
es4-sx204,SEXTUPOLE,0.24,3404.48873,319.7256059,-467.6079418,396.2012337,SE,5,4,
es4-dt205.1,DRIFT,0.104,3404.59273,319.7352684,-467.6835435,396.1298168,SE,5,4,
es4-sx205,SEXTUPOLE,0.24,3404.83273,319.757565,-467.858009,395.9650084,SE,5,4,
es4-dt205.2,DRIFT,0.156,3404.98873,319.7720568,-467.9714116,395.857883,SE,5,4,
es4-q205,QUADRUPOLE,0.5,3405.36373,319.8068894,-468.2440139,395.6003699,SE,5,4,
es4-dt206.1,DRIFT,0.064,3405.55273,319.8244432,-468.3814055,395.4705834,SE,5,4,
es4-ks206,HKICKER,0.2,3405.75273,319.8430174,-468.5267934,395.3332431,SE,5,4,
es4-cm206,MULTIPOLE,0,3406.06497,319.8720118,-468.7537667,395.1188333,SE,5,4,
es4-dt206.2,MULTIPOLE,0,3406.06497,319.8720118,-468.7537667,395.1188333,SE,5,4,
es4-cm206,DRIFT,0.312231404,3406.06497,319.8720118,-468.7537667,395.1188333,SE,5,4,
es4-dt206.2,DRIFT,0.312231404,3406.06497,319.8720118,-468.7537667,395.1188333,SE,5,4,
es4-cm209.1,MULTIPOLE,0,3408.79104,320.1251683,-470.7256951,393.2365666,SE,5,4,
es4-dv209,MULTIPOLE,0,3408.79104,320.1251683,-470.7256951,393.2365666,SE,5,4,
es4-cm209.1,SBEND,2.726077105,3408.79104,320.1251683,-470.7256951,393.2365666,SE,5,4,
es4-dv209,SBEND,2.726077105,3408.79104,320.1251683,-470.7256951,393.2365666,SE,5,4,
es4-cm209.2,MULTIPOLE,0,3409.04944,320.1491656,-470.911682,393.0571798,SE,5,4,
es4-dt209,MULTIPOLE,0,3409.04944,320.1491656,-470.911682,393.0571798,SE,5,4,
es4-cm209.2,DRIFT,0.258400373,3409.04944,320.1491656,-470.911682,393.0571798,SE,5,4,
es4-dt209,DRIFT,0.258400373,3409.04944,320.1491656,-470.911682,393.0571798,SE,5,4,
es4-cm210.1,MULTIPOLE,0,3409.94084,320.2319471,-471.5522256,392.4372622,SE,5,4,
es4-dv210,MULTIPOLE,0,3409.94084,320.2319471,-471.5522256,392.4372622,SE,5,4,
es4-cm210.1,SBEND,0.891400429,3409.94084,320.2319471,-471.5522256,392.4372622,SE,5,4,
es4-dv210,SBEND,0.891400429,3409.94084,320.2319471,-471.5522256,392.4372622,SE,5,4,
es4-cm210.2,MULTIPOLE,0,3410.19924,320.2559436,-471.7376017,392.2572443,SE,5,4,
es4-dt210,MULTIPOLE,0,3410.19924,320.2559436,-471.7376017,392.2572443,SE,5,4,
es4-cm210.2,DRIFT,0.258400373,3410.19924,320.2559436,-471.7376017,392.2572443,SE,5,4,
es4-dt210,DRIFT,0.258400373,3410.19924,320.2559436,-471.7376017,392.2572443,SE,5,4,
es4-cm213,MULTIPOLE,0,3412.92532,320.5091107,-473.6833803,390.3479577,SE,5,4,
es4-dv213,MULTIPOLE,0,3412.92532,320.5091107,-473.6833803,390.3479577,SE,5,4,
es4-cm213,SBEND,2.726077105,3412.92532,320.5091107,-473.6833803,390.3479577,SE,5,4,
es4-dv213,SBEND,2.726077105,3412.92532,320.5091107,-473.6833803,390.3479577,SE,5,4,
es4-dt213,DRIFT,0.507,3413.43232,320.556195,-474.0434105,389.9909881,SE,5,4,
es4-sx214,SEXTUPOLE,0.57,3414.00232,320.6091206,-474.4481781,389.5896613,SE,5,4,
es4-dt214,DRIFT,0.163,3414.16532,320.6242536,-474.5639274,389.474896,SE,5,4,
es4-q215,QUADRUPOLE,0.5,3414.54032,320.6590657,-474.8302219,389.2108652,SE,5,4,
es4-dt215.1,DRIFT,0.064,3414.72932,320.6766094,-474.9644343,389.0777937,SE,5,4,
es4-ks215,VKICKER,0.2,3414.92932,320.6951729,-475.106458,388.9369772,SE,5,4,
es4-cm215,MULTIPOLE,0,3415.24155,320.7241509,-475.3281793,388.7171407,SE,5,4,
es4-dt215.2,MULTIPOLE,0,3415.24155,320.7241509,-475.3281793,388.7171407,SE,5,4,
es4-cm215,DRIFT,0.312231404,3415.24155,320.7241509,-475.3281793,388.7171407,SE,5,4,
es4-dt215.2,DRIFT,0.312231404,3415.24155,320.7241509,-475.3281793,388.7171407,SE,5,4,
es4-cm218.1,MULTIPOLE,0,3417.96763,320.9771636,-477.2540071,386.7877322,SE,5,4,
es4-dv218,MULTIPOLE,0,3417.96763,320.9771636,-477.2540071,386.7877322,SE,5,4,
es4-cm218.1,SBEND,2.726077105,3417.96763,320.9771636,-477.2540071,386.7877322,SE,5,4,
es4-dv218,SBEND,2.726077105,3417.96763,320.9771636,-477.2540071,386.7877322,SE,5,4,
es4-cm218.2,MULTIPOLE,0,3418.22603,321.0011471,-477.435601,386.6038997,SE,5,4,
es4-dt218,MULTIPOLE,0,3418.22603,321.0011471,-477.435601,386.6038997,SE,5,4,
es4-cm218.2,DRIFT,0.258400373,3418.22603,321.0011471,-477.435601,386.6038997,SE,5,4,
es4-dt218,DRIFT,0.258400373,3418.22603,321.0011471,-477.435601,386.6038997,SE,5,4,
es4-cm219.1,MULTIPOLE,0,3419.11743,321.0838815,-478.0609641,385.9686715,SE,5,4,
es4-dv219,MULTIPOLE,0,3419.11743,321.0838815,-478.0609641,385.9686715,SE,5,4,
es4-cm219.1,SBEND,0.891400429,3419.11743,321.0838815,-478.0609641,385.9686715,SE,5,4,
es4-dv219,SBEND,0.891400429,3419.11743,321.0838815,-478.0609641,385.9686715,SE,5,4,
es4-cm219.2,MULTIPOLE,0,3419.37583,321.1078643,-478.2419322,385.7842228,SE,5,4,
es4-dt219,MULTIPOLE,0,3419.37583,321.1078643,-478.2419322,385.7842228,SE,5,4,
es4-cm219.2,DRIFT,0.258400373,3419.37583,321.1078643,-478.2419322,385.7842228,SE,5,4,
es4-dt219,DRIFT,0.258400373,3419.37583,321.1078643,-478.2419322,385.7842228,SE,5,4,
es4-cm222,MULTIPOLE,0,3422.10191,321.3608869,-480.1409643,383.8284349,SE,5,4,
es4-dv222,MULTIPOLE,0,3422.10191,321.3608869,-480.1409643,383.8284349,SE,5,4,
es4-cm222,SBEND,2.726077105,3422.10191,321.3608869,-480.1409643,383.8284349,SE,5,4,
es4-dv222,SBEND,2.726077105,3422.10191,321.3608869,-480.1409643,383.8284349,SE,5,4,
es4-dt223.1,DRIFT,0.5,3422.60191,321.4072946,-480.4874054,383.4679095,SE,5,4,
es4-sx223.1,SEXTUPOLE,0.24,3422.84191,321.4295679,-480.6536972,383.2948573,SE,5,4,
es4-dt223.2,DRIFT,0.104,3422.94591,321.4392192,-480.7257569,383.219868,SE,5,4,
es4-sx223.2,SEXTUPOLE,0.24,3423.18591,321.4614901,-480.8920486,383.0468158,SE,5,4,
es4-dt223.3,DRIFT,0.156,3423.34191,321.4759654,-481.0001383,382.9343319,SE,5,4,
es4-q224,QUADRUPOLE,0.5,3423.71691,321.5107589,-481.2599691,382.6639379,SE,5,4,
es4-dt224.1,DRIFT,0.064,3423.90591,321.5282933,-481.3909238,382.5276593,SE,5,4,
es4-ks224,HKICKER,0.2,3424.10591,321.5468472,-481.5295003,382.3834491,SE,5,4,
es4-cm224,MULTIPOLE,0,3424.41814,321.5758104,-481.7458399,382.1583144,SE,5,4,
es4-dt224.2,MULTIPOLE,0,3424.41814,321.5758104,-481.7458399,382.1583144,SE,5,4,
es4-cm224,DRIFT,0.312231404,3424.41814,321.5758104,-481.7458399,382.1583144,SE,5,4,
es4-dt224.2,DRIFT,0.312231404,3424.41814,321.5758104,-481.7458399,382.1583144,SE,5,4,
es4-cm227.1,MULTIPOLE,0,3427.14422,321.8286929,-483.6244403,380.182893,SE,5,4,
es4-dv227,MULTIPOLE,0,3427.14422,321.8286929,-483.6244403,380.182893,SE,5,4,
es4-cm227.1,SBEND,2.726077105,3427.14422,321.8286929,-483.6244403,380.182893,SE,5,4,
es4-dv227,SBEND,2.726077105,3427.14422,321.8286929,-483.6244403,380.182893,SE,5,4,
es4-cm227.2,MULTIPOLE,0,3427.40262,321.852664,-483.801535,379.9947222,SE,5,4,
es4-dt227,MULTIPOLE,0,3427.40262,321.852664,-483.801535,379.9947222,SE,5,4,
es4-cm227.2,DRIFT,0.258400373,3427.40262,321.852664,-483.801535,379.9947222,SE,5,4,
es4-dt227,DRIFT,0.258400373,3427.40262,321.852664,-483.801535,379.9947222,SE,5,4,
es4-cm228,MULTIPOLE,0,3428.29402,321.9353557,-484.4113518,379.344555,SE,5,4,
es4-dv228,MULTIPOLE,0,3428.29402,321.9353557,-484.4113518,379.344555,SE,5,4,
es4-cm228,SBEND,0.891400429,3428.29402,321.9353557,-484.4113518,379.344555,SE,5,4,
es4-dv228,SBEND,0.891400429,3428.29402,321.9353557,-484.4113518,379.344555,SE,5,4,
es4-cm229,MULTIPOLE,0,3428.55242,321.9593262,-484.5878059,379.1557835,SE,5,4,
es4-dt229,MULTIPOLE,0,3428.55242,321.9593262,-484.5878059,379.1557835,SE,5,4,
es4-cm229,DRIFT,0.258400373,3428.55242,321.9593262,-484.5878059,379.1557835,SE,5,4,
es4-dt229,DRIFT,0.258400373,3428.55242,321.9593262,-484.5878059,379.1557835,SE,5,4,
es4-cm231,MULTIPOLE,0,3431.27849,322.2122178,-486.4389806,377.1546384,SE,5,4,
es4-dv231,MULTIPOLE,0,3431.27849,322.2122178,-486.4389806,377.1546384,SE,5,4,
es4-cm231,SBEND,2.726077105,3431.27849,322.2122178,-486.4389806,377.1546384,SE,5,4,
es4-dv231,SBEND,2.726077105,3431.27849,322.2122178,-486.4389806,377.1546384,SE,5,4,
es4-dt232,DRIFT,0.507,3431.78549,322.2592509,-486.7813275,376.7806764,SE,5,4,
es4-sx232,SEXTUPOLE,0.57,3432.35549,322.3121207,-487.1662146,376.3602457,SE,5,4,
es4-dt233.1,DRIFT,0.163,3432.51849,322.3272381,-487.2762788,376.2400173,SE,5,4,
es4-q233,QUADRUPOLE,0.5,3432.89349,322.3620149,-487.529494,375.9634181,SE,5,4,
es4-dt233.2,DRIFT,0.064,3433.08249,322.379541,-487.6571144,375.8240122,SE,5,4,
es4-ks233,VKICKER,0.2,3433.28249,322.3980862,-487.7921625,375.6764926,SE,5,4,
es4-cm234,MULTIPOLE,0,3433.59473,322.4270361,-488.0029938,375.4461915,SE,5,4,
es4-dt234,MULTIPOLE,0,3433.59473,322.4270361,-488.0029938,375.4461915,SE,5,4,
es4-cm234,DRIFT,0.312231404,3433.59473,322.4270361,-488.0029938,375.4461915,SE,5,4,
es4-dt234,DRIFT,0.312231404,3433.59473,322.4270361,-488.0029938,375.4461915,SE,5,4,
es4-cm236,MULTIPOLE,0,3436.3208,322.679802,-489.8332679,373.4259128,SE,5,4,
es4-dv236,MULTIPOLE,0,3436.3208,322.679802,-489.8332679,373.4259128,SE,5,4,
es4-cm236,SBEND,2.726077105,3436.3208,322.679802,-489.8332679,373.4259128,SE,5,4,
es4-dv236,SBEND,2.726077105,3436.3208,322.679802,-489.8332679,373.4259128,SE,5,4,
es4-cm237.1,MULTIPOLE,0,3436.5792,322.703762,-490.0057597,373.2335139,SE,5,4,
es4-dt237,MULTIPOLE,0,3436.5792,322.703762,-490.0057597,373.2335139,SE,5,4,
es4-cm237.1,DRIFT,0.258400373,3436.5792,322.703762,-490.0057597,373.2335139,SE,5,4,
es4-dt237,DRIFT,0.258400373,3436.5792,322.703762,-490.0057597,373.2335139,SE,5,4,
es4-cm237.2,MULTIPOLE,0,3437.4706,322.7864155,-490.5996735,372.5687881,SE,5,4,
es4-dv237,MULTIPOLE,0,3437.4706,322.7864155,-490.5996735,372.5687881,SE,5,4,
es4-cm237.2,SBEND,0.891400429,3437.4706,322.7864155,-490.5996735,372.5687881,SE,5,4,
es4-dv237,SBEND,0.891400429,3437.4706,322.7864155,-490.5996735,372.5687881,SE,5,4,
es4-cm238,MULTIPOLE,0,3437.729,322.8103749,-490.7715104,372.3758041,SE,5,4,
es4-dt238,MULTIPOLE,0,3437.729,322.8103749,-490.7715104,372.3758041,SE,5,4,
es4-cm238,DRIFT,0.258400373,3437.729,322.8103749,-490.7715104,372.3758041,SE,5,4,
es4-dt238,DRIFT,0.258400373,3437.729,322.8103749,-490.7715104,372.3758041,SE,5,4,
es4-cm240,MULTIPOLE,0,3440.45508,323.063149,-492.5737447,370.3304726,SE,5,4,
es4-dv240,MULTIPOLE,0,3440.45508,323.063149,-492.5737447,370.3304726,SE,5,4,
es4-cm240,SBEND,2.726077105,3440.45508,323.063149,-492.5737447,370.3304726,SE,5,4,
es4-dv240,SBEND,2.726077105,3440.45508,323.063149,-492.5737447,370.3304726,SE,5,4,
es4-dt241.1,DRIFT,0.5,3440.95508,323.1095113,-492.9023465,369.953616,SE,5,4,
es4-sx241,SEXTUPOLE,0.24,3441.19508,323.1317632,-493.0600754,369.7727249,SE,5,4,
es4-dt241.2,DRIFT,0.104,3441.29908,323.1414053,-493.1284246,369.6943388,SE,5,4,
es4-sx242,SEXTUPOLE,0.24,3441.53908,323.1636554,-493.2861535,369.5134476,SE,5,4,
es4-dt242.1,DRIFT,0.156,3441.69508,323.1781173,-493.3886773,369.3958684,SE,5,4,
es4-q242,QUADRUPOLE,0.5,3442.07008,323.2128792,-493.6351286,369.113226,SE,5,4,
es4-dt242.2,DRIFT,0.064,3442.25908,323.230398,-493.7593401,368.9707743,SE,5,4,
es4-ks242,HKICKER,0.2,3442.45908,323.2489355,-493.8907809,368.8200317,SE,5,4,
es4-cm243,MULTIPOLE,0,3442.77131,323.2778736,-494.0959805,368.5846988,SE,5,4,
es4-dt243,MULTIPOLE,0,3442.77131,323.2778736,-494.0959805,368.5846988,SE,5,4,
es4-cm243,DRIFT,0.312231404,3442.77131,323.2778736,-494.0959805,368.5846988,SE,5,4,
es4-dt243,DRIFT,0.312231404,3442.77131,323.2778736,-494.0959805,368.5846988,SE,5,4,
es4-cm245,MULTIPOLE,0,3445.49739,323.5305364,-495.8768575,366.5207447,SE,5,4,
es4-dv245,MULTIPOLE,0,3445.49739,323.5305364,-495.8768575,366.5207447,SE,5,4,
es4-cm245,SBEND,2.726077105,3445.49739,323.5305364,-495.8768575,366.5207447,SE,5,4,
es4-dv245,SBEND,2.726077105,3445.49739,323.5305364,-495.8768575,366.5207447,SE,5,4,
es4-cm246,MULTIPOLE,0,3445.75579,323.5544866,-496.0446456,366.3242303,SE,5,4,
es4-dt246,MULTIPOLE,0,3445.75579,323.5544866,-496.0446456,366.3242303,SE,5,4,
es4-cm246,DRIFT,0.258400373,3445.75579,323.5544866,-496.0446456,366.3242303,SE,5,4,
es4-dt246,DRIFT,0.258400373,3445.75579,323.5544866,-496.0446456,366.3242303,SE,5,4,
es4-cm247.1,MULTIPOLE,0,3446.64719,323.6371061,-496.6223089,365.6453348,SE,5,4,
es4-dv247,MULTIPOLE,0,3446.64719,323.6371061,-496.6223089,365.6453348,SE,5,4,
es4-cm247.1,SBEND,0.891400429,3446.64719,323.6371061,-496.6223089,365.6453348,SE,5,4,
es4-dv247,SBEND,0.891400429,3446.64719,323.6371061,-496.6223089,365.6453348,SE,5,4,
es4-cm247.2,MULTIPOLE,0,3446.90559,323.6610557,-496.789428,365.4482512,SE,5,4,
es4-dt247,MULTIPOLE,0,3446.90559,323.6610557,-496.789428,365.4482512,SE,5,4,
es4-cm247.2,DRIFT,0.258400373,3446.90559,323.6610557,-496.789428,365.4482512,SE,5,4,
es4-dt247,DRIFT,0.258400373,3446.90559,323.6610557,-496.789428,365.4482512,SE,5,4,
es4-cm250,MULTIPOLE,0,3449.63167,323.9137258,-498.5416675,363.3599298,SE,5,4,
es4-dv250,MULTIPOLE,0,3449.63167,323.9137258,-498.5416675,363.3599298,SE,5,4,
es4-cm250,SBEND,2.726077105,3449.63167,323.9137258,-498.5416675,363.3599298,SE,5,4,
es4-dv250,SBEND,2.726077105,3449.63167,323.9137258,-498.5416675,363.3599298,SE,5,4,
es4-dt250,DRIFT,0.507,3450.13867,323.9607178,-498.8655302,362.9698504,SE,5,4,
es4-sx251,SEXTUPOLE,0.57,3450.70867,324.0135431,-499.2296362,362.5312995,SE,5,4,
es4-dt251.1,DRIFT,0.163,3450.87167,324.0286481,-499.3337577,362.4058894,SE,5,4,
es4-q251,QUADRUPOLE,0.5,3451.24667,324.0633969,-499.5733011,362.1173691,SE,5,4,
es4-dt251.2,DRIFT,0.064,3451.43567,324.0809093,-499.694031,361.9719548,SE,5,4,
es4-ks252,VKICKER,0.2,3451.63567,324.0994401,-499.8217875,361.8180774,SE,5,4,
es4-cm252,MULTIPOLE,0,3451.9479,324.1283681,-500.0212354,361.5778504,SE,5,4,
es4-dt252,MULTIPOLE,0,3451.9479,324.1283681,-500.0212354,361.5778504,SE,5,4,
es4-cm252,DRIFT,0.312231404,3451.9479,324.1283681,-500.0212354,361.5778504,SE,5,4,
es4-dt252,DRIFT,0.312231404,3451.9479,324.1283681,-500.0212354,361.5778504,SE,5,4,
es4-cm255.1,MULTIPOLE,0,3454.67398,324.380941,-501.7516734,359.4714284,SE,5,4,
es4-dv255,MULTIPOLE,0,3454.67398,324.380941,-501.7516734,359.4714284,SE,5,4,
es4-cm255.1,SBEND,2.726077105,3454.67398,324.380941,-501.7516734,359.4714284,SE,5,4,
es4-dv255,SBEND,2.726077105,3454.67398,324.380941,-501.7516734,359.4714284,SE,5,4,
es4-cm255.2,MULTIPOLE,0,3454.93238,324.4048825,-501.9146596,359.2709135,SE,5,4,
es4-dt255,MULTIPOLE,0,3454.93238,324.4048825,-501.9146596,359.2709135,SE,5,4,
es4-cm255.2,DRIFT,0.258400373,3454.93238,324.4048825,-501.9146596,359.2709135,SE,5,4,
es4-dt255,DRIFT,0.258400373,3454.93238,324.4048825,-501.9146596,359.2709135,SE,5,4,
es4-cm256.1,MULTIPOLE,0,3455.82378,324.4874725,-502.4757344,358.5782454,SE,5,4,
es4-dv256,MULTIPOLE,0,3455.82378,324.4874725,-502.4757344,358.5782454,SE,5,4,
es4-cm256.1,SBEND,0.891400429,3455.82378,324.4874725,-502.4757344,358.5782454,SE,5,4,
es4-dv256,SBEND,0.891400429,3455.82378,324.4874725,-502.4757344,358.5782454,SE,5,4,
es4-cm256.2,MULTIPOLE,0,3456.08218,324.5114136,-502.6380381,358.3771776,SE,5,4,
es4-dt256,MULTIPOLE,0,3456.08218,324.5114136,-502.6380381,358.3771776,SE,5,4,
es4-cm256.2,DRIFT,0.258400373,3456.08218,324.5114136,-502.6380381,358.3771776,SE,5,4,
es4-dt256,DRIFT,0.258400373,3456.08218,324.5114136,-502.6380381,358.3771776,SE,5,4,
es4-cm259,MULTIPOLE,0,3458.80825,324.763993,-504.3392577,356.247088,SE,5,4,
es4-dv259,MULTIPOLE,0,3458.80825,324.763993,-504.3392577,356.247088,SE,5,4,
es4-cm259,SBEND,2.726077105,3458.80825,324.763993,-504.3392577,356.247088,SE,5,4,
es4-dv259,SBEND,2.726077105,3458.80825,324.763993,-504.3392577,356.247088,SE,5,4,
es4-dt259,DRIFT,0.5,3459.30825,324.8103195,-504.6492514,355.8547822,SE,5,4,
es4-sx260.1,SEXTUPOLE,0.24,3459.54825,324.8325548,-504.7980484,355.6664754,SE,5,4,
es4-dt260.1,DRIFT,0.104,3459.65225,324.8421898,-504.8625271,355.5848757,SE,5,4,
es4-sx260.2,SEXTUPOLE,0.24,3459.89225,324.8644237,-505.011324,355.3965689,SE,5,4,
es4-dt260.2,DRIFT,0.156,3460.04825,324.8788752,-505.1080421,355.2741695,SE,5,4,
es4-q260,QUADRUPOLE,0.5,3460.42325,324.9136128,-505.3405374,354.9799401,SE,5,4,
es4-dt261.1,DRIFT,0.064,3460.61225,324.9311197,-505.457715,354.8316485,SE,5,4,
es4-ks261,HKICKER,0.2,3460.81225,324.9496448,-505.5817125,354.6747261,SE,5,4,
es4-cm261,MULTIPOLE,0,3461.12449,324.9785641,-505.775292,354.4297457,SE,5,4,
es4-dt261.2,MULTIPOLE,0,3461.12449,324.9785641,-505.775292,354.4297457,SE,5,4,
es4-cm261,DRIFT,0.312231404,3461.12449,324.9785641,-505.775292,354.4297457,SE,5,4,
es4-dt261.2,DRIFT,0.312231404,3461.12449,324.9785641,-505.775292,354.4297457,SE,5,4,
es4-cm264.1,MULTIPOLE,0,3463.85056,325.2310603,-507.4542788,352.2820881,SE,5,4,
es4-dv264,MULTIPOLE,0,3463.85056,325.2310603,-507.4542788,352.2820881,SE,5,4,
es4-cm264.1,SBEND,2.726077105,3463.85056,325.2310603,-507.4542788,352.2820881,SE,5,4,
es4-dv264,SBEND,2.726077105,3463.85056,325.2310603,-507.4542788,352.2820881,SE,5,4,
es4-cm264.2,MULTIPOLE,0,3464.10896,325.2549945,-507.6123677,352.0776899,SE,5,4,
es4-dt264,MULTIPOLE,0,3464.10896,325.2549945,-507.6123677,352.0776899,SE,5,4,
es4-cm264.2,DRIFT,0.258400373,3464.10896,325.2549945,-507.6123677,352.0776899,SE,5,4,
es4-dt264,DRIFT,0.258400373,3464.10896,325.2549945,-507.6123677,352.0776899,SE,5,4,
es4-cm265.1,MULTIPOLE,0,3465.00036,325.3375593,-508.1565257,351.3716545,SE,5,4,
es4-dv265,MULTIPOLE,0,3465.00036,325.3375593,-508.1565257,351.3716545,SE,5,4,
es4-cm265.1,SBEND,0.891400429,3465.00036,325.3375593,-508.1565257,351.3716545,SE,5,4,
es4-dv265,SBEND,0.891400429,3465.00036,325.3375593,-508.1565257,351.3716545,SE,5,4,
es4-cm265.2,MULTIPOLE,0,3465.25876,325.3614931,-508.313919,351.1667201,SE,5,4,
es4-dt265,MULTIPOLE,0,3465.25876,325.3614931,-508.313919,351.1667201,SE,5,4,
es4-cm265.2,DRIFT,0.258400373,3465.25876,325.3614931,-508.313919,351.1667201,SE,5,4,
es4-dt265,DRIFT,0.258400373,3465.25876,325.3614931,-508.313919,351.1667201,SE,5,4,
es4-cm268,MULTIPOLE,0,3467.98484,325.6139948,-509.9631234,348.9961085,SE,5,4,
es4-dv268,MULTIPOLE,0,3467.98484,325.6139948,-509.9631234,348.9961085,SE,5,4,
es4-cm268,SBEND,2.726077105,3467.98484,325.6139948,-509.9631234,348.9961085,SE,5,4,
es4-dv268,SBEND,2.726077105,3467.98484,325.6139948,-509.9631234,348.9961085,SE,5,4,
es4-dt268,DRIFT,0.507,3468.49184,325.6609555,-510.2677441,348.5908244,SE,5,4,
es4-sx269,SEXTUPOLE,0.57,3469.06184,325.7137473,-510.610217,348.1351795,SE,5,4,
es4-dt269,DRIFT,0.163,3469.22484,325.7288431,-510.7081523,348.0048811,SE,5,4,
es4-q270,QUADRUPOLE,0.5,3469.59984,325.7635713,-510.9334634,347.7051147,SE,5,4,
es4-dt270.1,DRIFT,0.064,3469.78884,325.7810736,-511.0470203,347.5540324,SE,5,4,
es4-ks270,VKICKER,0.2,3469.98884,325.7995939,-511.1671862,347.394157,SE,5,4,
es4-cm270,MULTIPOLE,0,3470.30107,325.828506,-511.3547841,347.1445664,SE,5,4,
es4-dt270.2,MULTIPOLE,0,3470.30107,325.828506,-511.3547841,347.1445664,SE,5,4,
es4-cm270,DRIFT,0.312231404,3470.30107,325.828506,-511.3547841,347.1445664,SE,5,4,
es4-dt270.2,DRIFT,0.312231404,3470.30107,325.828506,-511.3547841,347.1445664,SE,5,4,
es4-cm273.1,MULTIPOLE,0,3473.02715,326.0809387,-512.9813373,344.9569297,SE,5,4,
es4-dv273,MULTIPOLE,0,3473.02715,326.0809387,-512.9813373,344.9569297,SE,5,4,
es4-cm273.1,SBEND,2.726077105,3473.02715,326.0809387,-512.9813373,344.9569297,SE,5,4,
es4-dv273,SBEND,2.726077105,3473.02715,326.0809387,-512.9813373,344.9569297,SE,5,4,
es4-cm273.2,MULTIPOLE,0,3473.28555,326.1048668,-513.1344365,344.7487678,SE,5,4,
es4-dt273,MULTIPOLE,0,3473.28555,326.1048668,-513.1344365,344.7487678,SE,5,4,
es4-cm273.2,DRIFT,0.258400373,3473.28555,326.1048668,-513.1344365,344.7487678,SE,5,4,
es4-dt273,DRIFT,0.258400373,3473.28555,326.1048668,-513.1344365,344.7487678,SE,5,4,
es4-cm274.1,MULTIPOLE,0,3474.17695,326.1874106,-513.6613594,344.0297781,SE,5,4,
es4-dv274,MULTIPOLE,0,3474.17695,326.1874106,-513.6613594,344.0297781,SE,5,4,
es4-cm274.1,SBEND,0.891400429,3474.17695,326.1874106,-513.6613594,344.0297781,SE,5,4,
es4-dv274,SBEND,0.891400429,3474.17695,326.1874106,-513.6613594,344.0297781,SE,5,4,
es4-cm274.2,MULTIPOLE,0,3474.43535,326.2113384,-513.8137502,343.821097,SE,5,4,
es4-dt274,MULTIPOLE,0,3474.43535,326.2113384,-513.8137502,343.821097,SE,5,4,
es4-cm274.2,DRIFT,0.258400373,3474.43535,326.2113384,-513.8137502,343.821097,SE,5,4,
es4-dt274,DRIFT,0.258400373,3474.43535,326.2113384,-513.8137502,343.821097,SE,5,4,
es4-cm277,MULTIPOLE,0,3477.16143,326.4637756,-515.4099745,341.6112334,SE,5,4,
es4-dv277,MULTIPOLE,0,3477.16143,326.4637756,-515.4099745,341.6112334,SE,5,4,
es4-cm277,SBEND,2.726077105,3477.16143,326.4637756,-515.4099745,341.6112334,SE,5,4,
es4-dv277,SBEND,2.726077105,3477.16143,326.4637756,-515.4099745,341.6112334,SE,5,4,
es4-dt278.1,DRIFT,0.5,3477.66143,326.5100761,-515.7006348,341.204396,SE,5,4,
es4-sx278.1,SEXTUPOLE,0.24,3477.90143,326.5322994,-515.8401518,341.0091141,SE,5,4,
es4-dt278.2,DRIFT,0.104,3478.00543,326.5419293,-515.9006091,340.924492,SE,5,4,
es4-sx278.2,SEXTUPOLE,0.24,3478.24543,326.5641517,-516.040126,340.7292101,SE,5,4,
es4-dt278.3,DRIFT,0.156,3478.40143,326.5785959,-516.130812,340.6022768,SE,5,4,
es4-q279,QUADRUPOLE,0.5,3478.77643,326.6133165,-516.3488073,340.2971488,SE,5,4,
es4-dt279.1,DRIFT,0.064,3478.96543,326.630815,-516.4586768,340.1433643,SE,5,4,
es4-ks279,HKICKER,0.2,3479.16543,326.6493316,-516.574941,339.9806294,SE,5,4,
es4-cm279,MULTIPOLE,0,3479.47766,326.6782379,-516.7564475,339.7265746,SE,5,4,
es4-dt279.2,MULTIPOLE,0,3479.47766,326.6782379,-516.7564475,339.7265746,SE,5,4,
es4-cm279,DRIFT,0.312231404,3479.47766,326.6782379,-516.7564475,339.7265746,SE,5,4,
es4-dt279.2,DRIFT,0.312231404,3479.47766,326.6782379,-516.7564475,339.7265746,SE,5,4,
es4-cm282.1,MULTIPOLE,0,3482.20374,326.9306201,-518.3296155,337.5002386,SE,5,4,
es4-dv282,MULTIPOLE,0,3482.20374,326.9306201,-518.3296155,337.5002386,SE,5,4,
es4-cm282.1,SBEND,2.726077105,3482.20374,326.9306201,-518.3296155,337.5002386,SE,5,4,
es4-dv282,SBEND,2.726077105,3482.20374,326.9306201,-518.3296155,337.5002386,SE,5,4,
es4-cm282.2,MULTIPOLE,0,3482.46214,326.9545433,-518.4776354,337.2884348,SE,5,4,
es4-dt282,MULTIPOLE,0,3482.46214,326.9545433,-518.4776354,337.2884348,SE,5,4,
es4-cm282.2,DRIFT,0.258400373,3482.46214,326.9545433,-518.4776354,337.2884348,SE,5,4,
es4-dt282,DRIFT,0.258400373,3482.46214,326.9545433,-518.4776354,337.2884348,SE,5,4,
es4-cm283,MULTIPOLE,0,3483.35354,327.0370705,-518.987015,336.5569115,SE,5,4,
es4-dv283,MULTIPOLE,0,3483.35354,327.0370705,-518.987015,336.5569115,SE,5,4,
es4-cm283,SBEND,0.891400429,3483.35354,327.0370705,-518.987015,336.5569115,SE,5,4,
es4-dv283,SBEND,0.891400429,3483.35354,327.0370705,-518.987015,336.5569115,SE,5,4,
es4-cm284,MULTIPOLE,0,3483.61194,327.0609935,-519.1343141,336.3446057,SE,5,4,
es4-dt284,MULTIPOLE,0,3483.61194,327.0609935,-519.1343141,336.3446057,SE,5,4,
es4-cm284,DRIFT,0.258400373,3483.61194,327.0609935,-519.1343141,336.3446057,SE,5,4,
es4-dt284,DRIFT,0.258400373,3483.61194,327.0609935,-519.1343141,336.3446057,SE,5,4,
es4-cm286,MULTIPOLE,0,3486.33801,327.3133792,-520.6766246,334.0967828,SE,5,4,
es4-dv286,MULTIPOLE,0,3486.33801,327.3133792,-520.6766246,334.0967828,SE,5,4,
es4-cm286,SBEND,2.726077105,3486.33801,327.3133792,-520.6766246,334.0967828,SE,5,4,
es4-dv286,SBEND,2.726077105,3486.33801,327.3133792,-520.6766246,334.0967828,SE,5,4,
es4-dt287,DRIFT,0.507,3486.84501,327.3603184,-520.9612905,333.6772422,SE,5,4,
es4-sx287,SEXTUPOLE,0.57,3487.41501,327.4130877,-521.2813291,333.2055694,SE,5,4,
es4-dt288.1,DRIFT,0.163,3487.57801,327.4281774,-521.372849,333.0706875,SE,5,4,
es4-q288,QUADRUPOLE,0.5,3487.95301,327.4628921,-521.5834007,332.7603764,SE,5,4,
es4-dt288.2,DRIFT,0.064,3488.14201,327.4803879,-521.6895188,332.6039797,SE,5,4,
es4-ks288,VKICKER,0.2,3488.34201,327.4989016,-521.801813,332.4384804,SE,5,4,
es4-cm289,MULTIPOLE,0,3488.65425,327.5278037,-521.977122,332.1801101,SE,5,4,
es4-dt289,MULTIPOLE,0,3488.65425,327.5278037,-521.977122,332.1801101,SE,5,4,
es4-cm289,DRIFT,0.312231404,3488.65425,327.5278037,-521.977122,332.1801101,SE,5,4,
es4-dt289,DRIFT,0.312231404,3488.65425,327.5278037,-521.977122,332.1801101,SE,5,4,
es4-cm291,MULTIPOLE,0,3491.38032,327.7801484,-523.4959845,329.9163773,SE,5,4,
es4-dv291,MULTIPOLE,0,3491.38032,327.7801484,-523.4959845,329.9163773,SE,5,4,
es4-cm291,SBEND,2.726077105,3491.38032,327.7801484,-523.4959845,329.9163773,SE,5,4,
es4-dv291,SBEND,2.726077105,3491.38032,327.7801484,-523.4959845,329.9163773,SE,5,4,
es4-cm292,MULTIPOLE,0,3491.63872,327.804068,-523.6388385,329.7010555,SE,5,4,
es4-dt292,MULTIPOLE,0,3491.63872,327.804068,-523.6388385,329.7010555,SE,5,4,
es4-cm292,DRIFT,0.258400373,3491.63872,327.804068,-523.6388385,329.7010555,SE,5,4,
es4-dt292,DRIFT,0.258400373,3491.63872,327.804068,-523.6388385,329.7010555,SE,5,4,
es4-cm293.1,MULTIPOLE,0,3492.53012,327.8865828,-524.1303767,328.9574264,SE,5,4,
es4-dv293,MULTIPOLE,0,3492.53012,327.8865828,-524.1303767,328.9574264,SE,5,4,
es4-cm293.1,SBEND,0.891400429,3492.53012,327.8865828,-524.1303767,328.9574264,SE,5,4,
es4-dv293,SBEND,0.891400429,3492.53012,327.8865828,-524.1303767,328.9574264,SE,5,4,
es4-cm293.2,MULTIPOLE,0,3492.78852,327.9105022,-524.272498,328.7416203,SE,5,4,
es4-dt293,MULTIPOLE,0,3492.78852,327.9105022,-524.272498,328.7416203,SE,5,4,
es4-cm293.2,DRIFT,0.258400373,3492.78852,327.9105022,-524.272498,328.7416203,SE,5,4,
es4-dt293,DRIFT,0.258400373,3492.78852,327.9105022,-524.272498,328.7416203,SE,5,4,
es4-cm296,MULTIPOLE,0,3495.5146,328.1628494,-525.7599923,326.4571531,SE,5,4,
es4-dv296,MULTIPOLE,0,3495.5146,328.1628494,-525.7599923,326.4571531,SE,5,4,
es4-cm296,SBEND,2.726077105,3495.5146,328.1628494,-525.7599923,326.4571531,SE,5,4,
es4-dv296,SBEND,2.726077105,3495.5146,328.1628494,-525.7599923,326.4571531,SE,5,4,
es4-dt296.1,DRIFT,0.5,3496.0146,328.2091334,-526.0306391,326.0367363,SE,5,4,
es4-sx296,SEXTUPOLE,0.24,3496.2546,328.2313493,-526.1605495,325.8349362,SE,5,4,
es4-dt296.2,DRIFT,0.104,3496.3586,328.2409761,-526.2168441,325.7474895,SE,5,4,
es4-sx297,SEXTUPOLE,0.24,3496.5986,328.2631915,-526.3467545,325.5456894,SE,5,4,
es4-dt297.1,DRIFT,0.156,3496.7546,328.2776314,-526.4311963,325.4145194,SE,5,4,
es4-q297,QUADRUPOLE,0.5,3497.1296,328.312342,-526.6341814,325.0992067,SE,5,4,
es4-dt297.2,DRIFT,0.064,3497.3186,328.3298359,-526.7364858,324.9402892,SE,5,4,
es4-ks298,HKICKER,0.2,3497.5186,328.3483477,-526.8447446,324.7721224,SE,5,4,
es4-cm298,MULTIPOLE,0,3497.83083,328.3772471,-527.0137534,324.5095877,SE,5,4,
es4-dt298,MULTIPOLE,0,3497.83083,328.3772471,-527.0137534,324.5095877,SE,5,4,
es4-cm298,DRIFT,0.312231404,3497.83083,328.3772471,-527.0137534,324.5095877,SE,5,4,
es4-dt298,DRIFT,0.312231404,3497.83083,328.3772471,-527.0137534,324.5095877,SE,5,4,
es4-cm301.1,MULTIPOLE,0,3500.55691,328.6295673,-528.4774218,322.2097825,SE,5,4,
es4-dv301,MULTIPOLE,0,3500.55691,328.6295673,-528.4774218,322.2097825,SE,5,4,
es4-cm301.1,SBEND,2.726077105,3500.55691,328.6295673,-528.4774218,322.2097825,SE,5,4,
es4-dv301,SBEND,2.726077105,3500.55691,328.6295673,-528.4774218,322.2097825,SE,5,4,
es4-cm301.2,MULTIPOLE,0,3500.81531,328.6534844,-528.6150263,321.9910686,SE,5,4,
es4-dt301,MULTIPOLE,0,3500.81531,328.6534844,-528.6150263,321.9910686,SE,5,4,
es4-cm301.2,DRIFT,0.258400373,3500.81531,328.6534844,-528.6150263,321.9910686,SE,5,4,
es4-dt301,DRIFT,0.258400373,3500.81531,328.6534844,-528.6150263,321.9910686,SE,5,4,
es4-cm302.1,MULTIPOLE,0,3501.70671,328.735991,-529.0884356,321.2357689,SE,5,4,
es4-dv302,MULTIPOLE,0,3501.70671,328.735991,-529.0884356,321.2357689,SE,5,4,
es4-cm302.1,SBEND,0.891400429,3501.70671,328.735991,-529.0884356,321.2357689,SE,5,4,
es4-dv302,SBEND,0.891400429,3501.70671,328.735991,-529.0884356,321.2357689,SE,5,4,
es4-cm302.2,MULTIPOLE,0,3501.96511,328.7599081,-529.2252959,321.0165886,SE,5,4,
es4-dt302,MULTIPOLE,0,3501.96511,328.7599081,-529.2252959,321.0165886,SE,5,4,
es4-cm302.2,DRIFT,0.258400373,3501.96511,328.7599081,-529.2252959,321.0165886,SE,5,4,
es4-dt302,DRIFT,0.258400373,3501.96511,328.7599081,-529.2252959,321.0165886,SE,5,4,
es4-cm305,MULTIPOLE,0,3504.69119,329.0122297,-530.6571038,318.6968137,SE,5,4,
es4-dv305,MULTIPOLE,0,3504.69119,329.0122297,-530.6571038,318.6968137,SE,5,4,
es4-cm305,SBEND,2.726077105,3504.69119,329.0122297,-530.6571038,318.6968137,SE,5,4,
es4-dv305,SBEND,2.726077105,3504.69119,329.0122297,-530.6571038,318.6968137,SE,5,4,
es4-dt305,DRIFT,0.507,3505.19819,329.059157,-530.921149,318.2639983,SE,5,4,
es4-sx306,SEXTUPOLE,0.57,3505.76819,329.1119147,-531.2180045,317.7774012,SE,5,4,
es4-dt306.1,DRIFT,0.163,3505.93119,329.1270014,-531.3028947,317.6382514,SE,5,4,
es4-q306,QUADRUPOLE,0.5,3506.30619,329.1617097,-531.4981944,317.3181217,SE,5,4,
es4-dt306.2,DRIFT,0.064,3506.49519,329.1792026,-531.5966254,317.1567763,SE,5,4,
es4-ks307,VKICKER,0.2,3506.69519,329.1977135,-531.7007853,316.9860405,SE,5,4,
es4-cm307,MULTIPOLE,0,3507.00742,329.2266116,-531.8633951,316.719495,SE,5,4,
es4-dt307,MULTIPOLE,0,3507.00742,329.2266116,-531.8633951,316.719495,SE,5,4,
es4-cm307,DRIFT,0.312231404,3507.00742,329.2266116,-531.8633951,316.719495,SE,5,4,
es4-dt307,DRIFT,0.312231404,3507.00742,329.2266116,-531.8633951,316.719495,SE,5,4,
es4-cm310.1,MULTIPOLE,0,3509.7335,329.4789201,-533.2710131,314.3849627,SE,5,4,
es4-dv310,MULTIPOLE,0,3509.7335,329.4789201,-533.2710131,314.3849627,SE,5,4,
es4-cm310.1,SBEND,2.726077105,3509.7335,329.4789201,-533.2710131,314.3849627,SE,5,4,
es4-dv310,SBEND,2.726077105,3509.7335,329.4789201,-533.2710131,314.3849627,SE,5,4,
es4-cm310.2,MULTIPOLE,0,3509.9919,329.5028361,-533.4032876,314.1629848,SE,5,4,
es4-dt310,MULTIPOLE,0,3509.9919,329.5028361,-533.4032876,314.1629848,SE,5,4,
es4-cm310.2,DRIFT,0.258400373,3509.9919,329.5028361,-533.4032876,314.1629848,SE,5,4,
es4-dt310,DRIFT,0.258400373,3509.9919,329.5028361,-533.4032876,314.1629848,SE,5,4,
es4-cm311.1,MULTIPOLE,0,3510.8833,329.5853387,-533.8582911,313.3964564,SE,5,4,
es4-dv311,MULTIPOLE,0,3510.8833,329.5853387,-533.8582911,313.3964564,SE,5,4,
es4-cm311.1,SBEND,0.891400429,3510.8833,329.5853387,-533.8582911,313.3964564,SE,5,4,
es4-dv311,SBEND,0.891400429,3510.8833,329.5853387,-533.8582911,313.3964564,SE,5,4,
es4-cm311.2,MULTIPOLE,0,3511.1417,329.6092547,-533.9898103,313.1740301,SE,5,4,
es4-dt311,MULTIPOLE,0,3511.1417,329.6092547,-533.9898103,313.1740301,SE,5,4,
es4-cm311.2,DRIFT,0.258400373,3511.1417,329.6092547,-533.9898103,313.1740301,SE,5,4,
es4-dt311,DRIFT,0.258400373,3511.1417,329.6092547,-533.9898103,313.1740301,SE,5,4,
es4-cm314,MULTIPOLE,0,3513.86778,329.8615637,-535.3650942,310.8203046,SE,5,4,
es4-dv314,MULTIPOLE,0,3513.86778,329.8615637,-535.3650942,310.8203046,SE,5,4,
es4-cm314,SBEND,2.726077105,3513.86778,329.8615637,-535.3650942,310.8203046,SE,5,4,
es4-dv314,SBEND,2.726077105,3513.86778,329.8615637,-535.3650942,310.8203046,SE,5,4,
es4-dt314,DRIFT,0.5,3514.36778,329.9078407,-535.6150942,310.3872919,SE,5,4,
es4-sx315.1,SEXTUPOLE,0.24,3514.60778,329.9300537,-535.7350942,310.1794458,SE,5,4,
es4-dt315.1,DRIFT,0.104,3514.71178,329.9396793,-535.7870942,310.0893792,SE,5,4,
es4-sx315.2,SEXTUPOLE,0.24,3514.95178,329.9618923,-535.9070942,309.8815331,SE,5,4,
es4-dt315.2,DRIFT,0.156,3515.10778,329.9763308,-535.9850942,309.7464331,SE,5,4,
es5-q5,QUADRUPOLE,0.5,3515.48278,330.0110387,-536.1725942,309.4216736,SE,5,5,
es5-dt4.1,DRIFT,0.064,3515.67178,330.0285315,-536.2670942,309.2579948,SE,5,5,
es5-ks4,HKICKER,0.2,3515.87178,330.0470424,-536.3670942,309.0847897,SE,5,5,
es5-cm4,MULTIPOLE,0,3516.18401,330.0759407,-536.5232099,308.8143894,SE,5,5,
es5-dt4.2,MULTIPOLE,0,3516.18401,330.0759407,-536.5232099,308.8143894,SE,5,5,
es5-cm4,DRIFT,0.312231404,3516.18401,330.0759407,-536.5232099,308.8143894,SE,5,5,
es5-dt4.2,DRIFT,0.312231404,3516.18401,330.0759407,-536.5232099,308.8143894,SE,5,5,
es5-cm1.1,MULTIPOLE,0,3518.91008,330.3282505,-537.873954,306.4464958,SE,5,5,
es5-dv1,MULTIPOLE,0,3518.91008,330.3282505,-537.873954,306.4464958,SE,5,5,
es5-cm1.1,SBEND,2.726077105,3518.91008,330.3282505,-537.873954,306.4464958,SE,5,5,
es5-dv1,SBEND,2.726077105,3518.91008,330.3282505,-537.873954,306.4464958,SE,5,5,
es5-cm1.2,MULTIPOLE,0,3519.16848,330.3521665,-538.0008212,306.2213837,SE,5,5,
es5-dt1,MULTIPOLE,0,3519.16848,330.3521665,-538.0008212,306.2213837,SE,5,5,
es5-cm1.2,DRIFT,0.258400373,3519.16848,330.3521665,-538.0008212,306.2213837,SE,5,5,
es5-dt1,DRIFT,0.258400373,3519.16848,330.3521665,-538.0008212,306.2213837,SE,5,5,
es5-cm320.1,MULTIPOLE,0,3520.05988,330.4346694,-538.4371526,305.4440749,SE,5,5,
es5-dv320,MULTIPOLE,0,3520.05988,330.4346694,-538.4371526,305.4440749,SE,5,5,
es5-cm320.1,SBEND,0.891400429,3520.05988,330.4346694,-538.4371526,305.4440749,SE,5,5,
es5-dv320,SBEND,0.891400429,3520.05988,330.4346694,-538.4371526,305.4440749,SE,5,5,
es5-cm320.2,MULTIPOLE,0,3520.31829,330.4585854,-538.5632538,305.2185329,SE,5,5,
es5-dt320,MULTIPOLE,0,3520.31829,330.4585854,-538.5632538,305.2185329,SE,5,5,
es5-cm320.2,DRIFT,0.258400373,3520.31829,330.4585854,-538.5632538,305.2185329,SE,5,5,
es5-dt320,DRIFT,0.258400373,3520.31829,330.4585854,-538.5632538,305.2185329,SE,5,5,
es5-cm317,MULTIPOLE,0,3523.04436,330.7108946,-539.8812091,302.8322338,SE,5,5,
es5-dv317,MULTIPOLE,0,3523.04436,330.7108946,-539.8812091,302.8322338,SE,5,5,
es5-cm317,SBEND,2.726077105,3523.04436,330.7108946,-539.8812091,302.8322338,SE,5,5,
es5-dv317,SBEND,2.726077105,3523.04436,330.7108946,-539.8812091,302.8322338,SE,5,5,
es5-dt316.1,DRIFT,0.507,3523.55136,330.7578196,-540.1240156,302.3871563,SE,5,5,
es5-sx316,SEXTUPOLE,0.57,3524.12136,330.8105764,-540.3969934,301.8867733,SE,5,5,
es5-dt316.2,DRIFT,0.163,3524.28436,330.8256632,-540.4750555,301.7436813,SE,5,5,
es5-q315,QUADRUPOLE,0.5,3524.65936,330.8603724,-540.6546461,301.414482,SE,5,5,
es5-dt315.1,DRIFT,0.064,3524.84836,330.8778659,-540.7451598,301.2485655,SE,5,5,
es5-ks315,VKICKER,0.2,3525.04836,330.8963777,-540.8409415,301.0729925,SE,5,5,
es5-cm315,MULTIPOLE,0,3525.36059,330.9252778,-540.9904717,300.7988956,SE,5,5,
es5-dt315.2,MULTIPOLE,0,3525.36059,330.9252778,-540.9904717,300.7988956,SE,5,5,
es5-cm315,DRIFT,0.312231404,3525.36059,330.9252778,-540.9904717,300.7988956,SE,5,5,
es5-dt315.2,DRIFT,0.312231404,3525.36059,330.9252778,-540.9904717,300.7988956,SE,5,5,
es5-cm312.1,MULTIPOLE,0,3528.08667,331.1776018,-542.2835517,298.3990261,SE,5,5,
es5-dv312,MULTIPOLE,0,3528.08667,331.1776018,-542.2835517,298.3990261,SE,5,5,
es5-cm312.1,SBEND,2.726077105,3528.08667,331.1776018,-542.2835517,298.3990261,SE,5,5,
es5-dv312,SBEND,2.726077105,3528.08667,331.1776018,-542.2835517,298.3990261,SE,5,5,
es5-cm312.2,MULTIPOLE,0,3528.34507,331.201519,-542.4049373,298.1709114,SE,5,5,
es5-dt312,MULTIPOLE,0,3528.34507,331.201519,-542.4049373,298.1709114,SE,5,5,
es5-cm312.2,DRIFT,0.258400373,3528.34507,331.201519,-542.4049373,298.1709114,SE,5,5,
es5-dt312,DRIFT,0.258400373,3528.34507,331.201519,-542.4049373,298.1709114,SE,5,5,
es5-cm311.1,MULTIPOLE,0,3529.23647,331.2840263,-542.8223413,297.3832771,SE,5,5,
es5-dv311,MULTIPOLE,0,3529.23647,331.2840263,-542.8223413,297.3832771,SE,5,5,
es5-cm311.1,SBEND,0.891400429,3529.23647,331.2840263,-542.8223413,297.3832771,SE,5,5,
es5-dv311,SBEND,0.891400429,3529.23647,331.2840263,-542.8223413,297.3832771,SE,5,5,
es5-cm311.2,MULTIPOLE,0,3529.49487,331.3079437,-542.9429509,297.1547512,SE,5,5,
es5-dt311,MULTIPOLE,0,3529.49487,331.3079437,-542.9429509,297.1547512,SE,5,5,
es5-cm311.2,DRIFT,0.258400373,3529.49487,331.3079437,-542.9429509,297.1547512,SE,5,5,
es5-dt311,DRIFT,0.258400373,3529.49487,331.3079437,-542.9429509,297.1547512,SE,5,5,
es5-cm308,MULTIPOLE,0,3532.22095,331.5602661,-544.2028064,294.7372745,SE,5,5,
es5-dv308,MULTIPOLE,0,3532.22095,331.5602661,-544.2028064,294.7372745,SE,5,5,
es5-cm308,SBEND,2.726077105,3532.22095,331.5602661,-544.2028064,294.7372745,SE,5,5,
es5-dv308,SBEND,2.726077105,3532.22095,331.5602661,-544.2028064,294.7372745,SE,5,5,
es5-dt307.1,DRIFT,0.5,3532.72095,331.6065456,-544.4315747,294.2926791,SE,5,5,
es5-sx307.1,SEXTUPOLE,0.24,3532.96095,331.6287602,-544.5413835,294.0792733,SE,5,5,
es5-dt307.2,DRIFT,0.104,3533.06495,331.6383867,-544.5889673,293.9867975,SE,5,5,
es5-sx307.2,SEXTUPOLE,0.24,3533.30495,331.6606019,-544.6987761,293.7733917,SE,5,5,
es5-dt307.3,DRIFT,0.156,3533.46095,331.6750419,-544.7701518,293.6346779,SE,5,5,
es5-q306,QUADRUPOLE,0.5,3533.83595,331.7097541,-544.941728,293.3012314,SE,5,5,
es5-dt306,DRIFT,0.064,3534.02495,331.7272494,-545.0282024,293.1331743,SE,5,5,
es5-ks306,HKICKER,0.2,3534.22495,331.7457631,-545.1197097,292.9553361,SE,5,5,
es5-cm305,MULTIPOLE,0,3534.53718,331.7746663,-545.262567,292.6777029,SE,5,5,
es5-dt305,MULTIPOLE,0,3534.53718,331.7746663,-545.262567,292.6777029,SE,5,5,
es5-cm305,DRIFT,0.312231404,3534.53718,331.7746663,-545.262567,292.6777029,SE,5,5,
es5-dt305,DRIFT,0.312231404,3534.53718,331.7746663,-545.262567,292.6777029,SE,5,5,
es5-cm303,MULTIPOLE,0,3537.26326,332.0270174,-546.4972265,290.2472614,SE,5,5,
es5-dv303,MULTIPOLE,0,3537.26326,332.0270174,-546.4972265,290.2472614,SE,5,5,
es5-cm303,SBEND,2.726077105,3537.26326,332.0270174,-546.4972265,290.2472614,SE,5,5,
es5-dv303,SBEND,2.726077105,3537.26326,332.0270174,-546.4972265,290.2472614,SE,5,5,
es5-cm302.1,MULTIPOLE,0,3537.52166,332.0509371,-546.6130594,290.0162777,SE,5,5,
es5-dt302,MULTIPOLE,0,3537.52166,332.0509371,-546.6130594,290.0162777,SE,5,5,
es5-cm302.1,DRIFT,0.258400373,3537.52166,332.0509371,-546.6130594,290.0162777,SE,5,5,
es5-dt302,DRIFT,0.258400373,3537.52166,332.0509371,-546.6130594,290.0162777,SE,5,5,
es5-cm302.2,MULTIPOLE,0,3538.41306,332.1334531,-547.0112919,289.2187786,SE,5,5,
es5-dv302,MULTIPOLE,0,3538.41306,332.1334531,-547.0112919,289.2187786,SE,5,5,
es5-cm302.2,SBEND,0.891400429,3538.41306,332.1334531,-547.0112919,289.2187786,SE,5,5,
es5-dv302,SBEND,0.891400429,3538.41306,332.1334531,-547.0112919,289.2187786,SE,5,5,
es5-cm301,MULTIPOLE,0,3538.67146,332.1573731,-547.1263391,288.9874025,SE,5,5,
es5-dt301,MULTIPOLE,0,3538.67146,332.1573731,-547.1263391,288.9874025,SE,5,5,
es5-cm301,DRIFT,0.258400373,3538.67146,332.1573731,-547.1263391,288.9874025,SE,5,5,
es5-dt301,DRIFT,0.258400373,3538.67146,332.1573731,-547.1263391,288.9874025,SE,5,5,
es5-cm299,MULTIPOLE,0,3541.39754,332.4097215,-548.327358,286.5401626,SE,5,5,
es5-dv299,MULTIPOLE,0,3541.39754,332.4097215,-548.327358,286.5401626,SE,5,5,
es5-cm299,SBEND,2.726077105,3541.39754,332.4097215,-548.327358,286.5401626,SE,5,5,
es5-dv299,SBEND,2.726077105,3541.39754,332.4097215,-548.327358,286.5401626,SE,5,5,
es5-dt298,DRIFT,0.507,3541.90454,332.4566537,-548.5483578,286.0838644,SE,5,5,
es5-sx298,SEXTUPOLE,0.57,3542.47454,332.5094205,-548.7968192,285.5708664,SE,5,5,
es5-dt297.1,DRIFT,0.163,3542.63754,332.5245105,-548.8678704,285.4241669,SE,5,5,
es5-q297,QUADRUPOLE,0.5,3543.01254,332.5592275,-549.0313318,285.0866682,SE,5,5,
es5-dt297.2,DRIFT,0.064,3543.20154,332.5767254,-549.1137163,284.9165689,SE,5,5,
es5-ks297,VKICKER,0.2,3543.40154,332.5952419,-549.2008958,284.7365696,SE,5,5,
es5-cm296,MULTIPOLE,0,3543.71377,332.6241498,-549.3369965,284.4555624,SE,5,5,
es5-dt296,MULTIPOLE,0,3543.71377,332.6241498,-549.3369965,284.4555624,SE,5,5,
es5-cm296,DRIFT,0.312231404,3543.71377,332.6241498,-549.3369965,284.4555624,SE,5,5,
es5-dt296,DRIFT,0.312231404,3543.71377,332.6241498,-549.3369965,284.4555624,SE,5,5,
es5-cm294,MULTIPOLE,0,3546.43984,332.8765409,-550.5125131,281.9959709,SE,5,5,
es5-dv294,MULTIPOLE,0,3546.43984,332.8765409,-550.5125131,281.9959709,SE,5,5,
es5-cm294,SBEND,2.726077105,3546.43984,332.8765409,-550.5125131,281.9959709,SE,5,5,
es5-dv294,SBEND,2.726077105,3546.43984,332.8765409,-550.5125131,281.9959709,SE,5,5,
es5-cm293,MULTIPOLE,0,3546.69824,332.9004643,-550.6227256,281.7622533,SE,5,5,
es5-dt293,MULTIPOLE,0,3546.69824,332.9004643,-550.6227256,281.7622533,SE,5,5,
es5-cm293,DRIFT,0.258400373,3546.69824,332.9004643,-550.6227256,281.7622533,SE,5,5,
es5-dt293,DRIFT,0.258400373,3546.69824,332.9004643,-550.6227256,281.7622533,SE,5,5,
es5-cm292.1,MULTIPOLE,0,3547.58965,332.9829933,-551.0015536,280.9553559,SE,5,5,
es5-dv292,MULTIPOLE,0,3547.58965,332.9829933,-551.0015536,280.9553559,SE,5,5,
es5-cm292.1,SBEND,0.891400429,3547.58965,332.9829933,-551.0015536,280.9553559,SE,5,5,
es5-dv292,SBEND,0.891400429,3547.58965,332.9829933,-551.0015536,280.9553559,SE,5,5,
es5-cm292.2,MULTIPOLE,0,3547.84805,333.006917,-551.1109712,280.721265,SE,5,5,
es5-dt292,MULTIPOLE,0,3547.84805,333.006917,-551.1109712,280.721265,SE,5,5,
es5-cm292.2,DRIFT,0.258400373,3547.84805,333.006917,-551.1109712,280.721265,SE,5,5,
es5-dt292,DRIFT,0.258400373,3547.84805,333.006917,-551.1109712,280.721265,SE,5,5,
es5-cm289,MULTIPOLE,0,3550.57412,333.2593044,-552.2524507,278.2456936,SE,5,5,
es5-dv289,MULTIPOLE,0,3550.57412,333.2593044,-552.2524507,278.2456936,SE,5,5,
es5-cm289,SBEND,2.726077105,3550.57412,333.2593044,-552.2524507,278.2456936,SE,5,5,
es5-dv289,SBEND,2.726077105,3550.57412,333.2593044,-552.2524507,278.2456936,SE,5,5,
es5-dt289.1,DRIFT,0.5,3551.07412,333.3055958,-552.459452,277.7905557,SE,5,5,
es5-sx289,SEXTUPOLE,0.24,3551.31412,333.3278168,-552.5588127,277.5720896,SE,5,5,
es5-dt289.2,DRIFT,0.104,3551.41812,333.337446,-552.6018689,277.4774209,SE,5,5,
es5-sx288,SEXTUPOLE,0.24,3551.65812,333.3596679,-552.7012296,277.2589547,SE,5,5,
es5-dt288.1,DRIFT,0.156,3551.81412,333.3741125,-552.765814,277.1169517,SE,5,5,
es5-q288,QUADRUPOLE,0.5,3552.18912,333.4088361,-552.9210649,276.7755983,SE,5,5,
es5-dt288.2,DRIFT,0.064,3552.37812,333.4263374,-552.9993114,276.6035562,SE,5,5,
es5-ks287,HKICKER,0.2,3552.57812,333.4448578,-553.082112,276.4215011,SE,5,5,
es5-cm287,MULTIPOLE,0,3552.89035,333.4737718,-553.2113766,276.1372844,SE,5,5,
es5-dt287,MULTIPOLE,0,3552.89035,333.4737718,-553.2113766,276.1372844,SE,5,5,
es5-cm287,DRIFT,0.312231404,3552.89035,333.4737718,-553.2113766,276.1372844,SE,5,5,
es5-dt287,DRIFT,0.312231404,3552.89035,333.4737718,-553.2113766,276.1372844,SE,5,5,
es5-cm284.1,MULTIPOLE,0,3555.61643,333.7262159,-554.3270625,273.6499818,SE,5,5,
es5-dv284,MULTIPOLE,0,3555.61643,333.7262159,-554.3270625,273.6499818,SE,5,5,
es5-cm284.1,SBEND,2.726077105,3555.61643,333.7262159,-554.3270625,273.6499818,SE,5,5,
es5-dv284,SBEND,2.726077105,3555.61643,333.7262159,-554.3270625,273.6499818,SE,5,5,
es5-cm284.2,MULTIPOLE,0,3555.87483,333.7501443,-554.4315902,273.4136669,SE,5,5,
es5-dt284,MULTIPOLE,0,3555.87483,333.7501443,-554.4315902,273.4136669,SE,5,5,
es5-cm284.2,DRIFT,0.258400373,3555.87483,333.7501443,-554.4315902,273.4136669,SE,5,5,
es5-dt284,DRIFT,0.258400373,3555.87483,333.7501443,-554.4315902,273.4136669,SE,5,5,
es5-cm283.1,MULTIPOLE,0,3556.76623,333.8326904,-554.7907921,272.5978434,SE,5,5,
es5-dv283,MULTIPOLE,0,3556.76623,333.8326904,-554.7907921,272.5978434,SE,5,5,
es5-cm283.1,SBEND,0.891400429,3556.76623,333.8326904,-554.7907921,272.5978434,SE,5,5,
es5-dv283,SBEND,0.891400429,3556.76623,333.8326904,-554.7907921,272.5978434,SE,5,5,
es5-cm283.2,MULTIPOLE,0,3557.02463,333.8566191,-554.894516,272.3611747,SE,5,5,
es5-dt283,MULTIPOLE,0,3557.02463,333.8566191,-554.894516,272.3611747,SE,5,5,
es5-cm283.2,DRIFT,0.258400373,3557.02463,333.8566191,-554.894516,272.3611747,SE,5,5,
es5-dt283,DRIFT,0.258400373,3557.02463,333.8566191,-554.894516,272.3611747,SE,5,5,
es5-cm280,MULTIPOLE,0,3559.75071,334.1090585,-555.9757884,269.85872,SE,5,5,
es5-dv280,MULTIPOLE,0,3559.75071,334.1090585,-555.9757884,269.85872,SE,5,5,
es5-cm280,SBEND,2.726077105,3559.75071,334.1090585,-555.9757884,269.85872,SE,5,5,
es5-dv280,SBEND,2.726077105,3559.75071,334.1090585,-555.9757884,269.85872,SE,5,5,
es5-dt280,DRIFT,0.507,3560.25771,334.1560077,-556.1744644,269.3922687,SE,5,5,
es5-sx279,SEXTUPOLE,0.57,3560.82771,334.2087953,-556.397828,268.8678559,SE,5,5,
es5-dt279,DRIFT,0.163,3560.99071,334.2238916,-556.4617021,268.7178923,SE,5,5,
es5-q279,QUADRUPOLE,0.5,3561.36571,334.2586236,-556.6086518,268.3728839,SE,5,5,
es5-dt278.1,DRIFT,0.064,3561.55471,334.2761293,-556.6827145,268.1989997,SE,5,5,
es5-ks278,VKICKER,0.2,3561.75471,334.2946544,-556.7610877,268.0149952,SE,5,5,
es5-cm278,MULTIPOLE,0,3562.06694,334.3235761,-556.8834405,267.7277354,SE,5,5,
es5-dt278.2,MULTIPOLE,0,3562.06694,334.3235761,-556.8834405,267.7277354,SE,5,5,
es5-cm278,DRIFT,0.312231404,3562.06694,334.3235761,-556.8834405,267.7277354,SE,5,5,
es5-dt278.2,DRIFT,0.312231404,3562.06694,334.3235761,-556.8834405,267.7277354,SE,5,5,
es5-cm275.1,MULTIPOLE,0,3564.79302,334.5760862,-557.9386431,265.2141767,SE,5,5,
es5-dv275,MULTIPOLE,0,3564.79302,334.5760862,-557.9386431,265.2141767,SE,5,5,
es5-cm275.1,SBEND,2.726077105,3564.79302,334.5760862,-557.9386431,265.2141767,SE,5,5,
es5-dv275,SBEND,2.726077105,3564.79302,334.5760862,-557.9386431,265.2141767,SE,5,5,
es5-cm275.2,MULTIPOLE,0,3565.05142,334.6000208,-558.0374248,264.9754029,SE,5,5,
es5-dt275,MULTIPOLE,0,3565.05142,334.6000208,-558.0374248,264.9754029,SE,5,5,
es5-cm275.2,DRIFT,0.258400373,3565.05142,334.6000208,-558.0374248,264.9754029,SE,5,5,
es5-dt275,DRIFT,0.258400373,3565.05142,334.6000208,-558.0374248,264.9754029,SE,5,5,
es5-cm274.1,MULTIPOLE,0,3565.94282,334.6825883,-558.3767904,264.1511306,SE,5,5,
es5-dv274,MULTIPOLE,0,3565.94282,334.6825883,-558.3767904,264.1511306,SE,5,5,
es5-cm274.1,SBEND,0.891400429,3565.94282,334.6825883,-558.3767904,264.1511306,SE,5,5,
es5-dv274,SBEND,0.891400429,3565.94282,334.6825883,-558.3767904,264.1511306,SE,5,5,
es5-cm274.2,MULTIPOLE,0,3566.20122,334.7065233,-558.47476,263.9120224,SE,5,5,
es5-dt274,MULTIPOLE,0,3566.20122,334.7065233,-558.47476,263.9120224,SE,5,5,
es5-cm274.2,DRIFT,0.258400373,3566.20122,334.7065233,-558.47476,263.9120224,SE,5,5,
es5-dt274,DRIFT,0.258400373,3566.20122,334.7065233,-558.47476,263.9120224,SE,5,5,
es5-cm271,MULTIPOLE,0,3568.9273,334.9590278,-559.4951927,261.3841485,SE,5,5,
es5-dv271,MULTIPOLE,0,3568.9273,334.9590278,-559.4951927,261.3841485,SE,5,5,
es5-cm271,SBEND,2.726077105,3568.9273,334.9590278,-559.4951927,261.3841485,SE,5,5,
es5-dv271,SBEND,2.726077105,3568.9273,334.9590278,-559.4951927,261.3841485,SE,5,5,
es5-dt271,DRIFT,0.5,3569.4273,335.0053407,-559.6799426,260.9195331,SE,5,5,
es5-sx270.1,SEXTUPOLE,0.24,3569.6673,335.0275724,-559.7686226,260.6965177,SE,5,5,
es5-dt270.1,DRIFT,0.104,3569.7713,335.0372065,-559.8070506,260.5998777,SE,5,5,
es5-sx270.2,SEXTUPOLE,0.24,3570.0113,335.0594396,-559.8957306,260.3768623,SE,5,5,
es5-dt270.2,DRIFT,0.156,3570.1673,335.0738917,-559.9533726,260.2319023,SE,5,5,
es5-q269,QUADRUPOLE,0.5,3570.5423,335.108634,-560.0919351,259.8834408,SE,5,5,
es5-dt269.1,DRIFT,0.064,3570.7313,335.126145,-560.1617706,259.7078162,SE,5,5,
es5-ks269,HKICKER,0.2,3570.9313,335.1446758,-560.2356706,259.5219701,SE,5,5,
es5-cm269,MULTIPOLE,0,3571.24353,335.1736066,-560.3510401,259.231835,SE,5,5,
es5-dt269.2,MULTIPOLE,0,3571.24353,335.1736066,-560.3510401,259.231835,SE,5,5,
es5-cm269,DRIFT,0.312231404,3571.24353,335.1736066,-560.3510401,259.231835,SE,5,5,
es5-dt269.2,DRIFT,0.312231404,3571.24353,335.1736066,-560.3510401,259.231835,SE,5,5,
es5-cm266.1,MULTIPOLE,0,3573.9696,335.4261958,-561.345142,256.6934909,SE,5,5,
es5-dv266,MULTIPOLE,0,3573.9696,335.4261958,-561.345142,256.6934909,SE,5,5,
es5-cm266.1,SBEND,2.726077105,3573.9696,335.4261958,-561.345142,256.6934909,SE,5,5,
es5-dv266,SBEND,2.726077105,3573.9696,335.4261958,-561.345142,256.6934909,SE,5,5,
es5-cm266.2,MULTIPOLE,0,3574.228,335.4501378,-561.43812,256.4523979,SE,5,5,
es5-dt266,MULTIPOLE,0,3574.228,335.4501378,-561.43812,256.4523979,SE,5,5,
es5-cm266.2,DRIFT,0.258400373,3574.228,335.4501378,-561.43812,256.4523979,SE,5,5,
es5-dt266,DRIFT,0.258400373,3574.228,335.4501378,-561.43812,256.4523979,SE,5,5,
es5-cm265.1,MULTIPOLE,0,3575.11941,335.5327311,-561.7574507,255.6201588,SE,5,5,
es5-dv265,MULTIPOLE,0,3575.11941,335.5327311,-561.7574507,255.6201588,SE,5,5,
es5-cm265.1,SBEND,0.891400429,3575.11941,335.5327311,-561.7574507,255.6201588,SE,5,5,
es5-dv265,SBEND,0.891400429,3575.11941,335.5327311,-561.7574507,255.6201588,SE,5,5,
es5-cm265.2,MULTIPOLE,0,3575.37781,335.5566736,-561.8496087,255.3787512,SE,5,5,
es5-dt265,MULTIPOLE,0,3575.37781,335.5566736,-561.8496087,255.3787512,SE,5,5,
es5-cm265.2,DRIFT,0.258400373,3575.37781,335.5566736,-561.8496087,255.3787512,SE,5,5,
es5-dt265,DRIFT,0.258400373,3575.37781,335.5566736,-561.8496087,255.3787512,SE,5,5,
es5-cm262,MULTIPOLE,0,3578.10388,335.8092562,-562.8086046,252.8269369,SE,5,5,
es5-dv262,MULTIPOLE,0,3578.10388,335.8092562,-562.8086046,252.8269369,SE,5,5,
es5-cm262,SBEND,2.726077105,3578.10388,335.8092562,-562.8086046,252.8269369,SE,5,5,
es5-dv262,SBEND,2.726077105,3578.10388,335.8092562,-562.8086046,252.8269369,SE,5,5,
es5-dt261.1,DRIFT,0.507,3578.61088,335.8562321,-562.984492,252.3514238,SE,5,5,
es5-sx261,SEXTUPOLE,0.57,3579.18088,335.9090514,-563.1822352,251.8168234,SE,5,5,
es5-dt261.2,DRIFT,0.163,3579.34388,335.9241571,-563.2387828,251.6639464,SE,5,5,
es5-q260,QUADRUPOLE,0.5,3579.71888,335.9589113,-563.368877,251.3122356,SE,5,5,
es5-dt260.1,DRIFT,0.064,3579.90788,335.9764285,-563.4344444,251.1349733,SE,5,5,
es5-ks260,VKICKER,0.2,3580.10788,335.994966,-563.503828,250.9473942,SE,5,5,
es5-cm260,MULTIPOLE,0,3580.42011,336.0239075,-563.6121467,250.6545538,SE,5,5,
es5-dt260.2,MULTIPOLE,0,3580.42011,336.0239075,-563.6121467,250.6545538,SE,5,5,
es5-cm260,DRIFT,0.312231404,3580.42011,336.0239075,-563.6121467,250.6545538,SE,5,5,
es5-dt260.2,DRIFT,0.312231404,3580.42011,336.0239075,-563.6121467,250.6545538,SE,5,5,
es5-cm257.1,MULTIPOLE,0,3583.14619,336.276589,-564.5445663,248.0929092,SE,5,5,
es5-dv257,MULTIPOLE,0,3583.14619,336.276589,-564.5445663,248.0929092,SE,5,5,
es5-cm257.1,SBEND,2.726077105,3583.14619,336.276589,-564.5445663,248.0929092,SE,5,5,
es5-dv257,SBEND,2.726077105,3583.14619,336.276589,-564.5445663,248.0929092,SE,5,5,
es5-cm257.2,MULTIPOLE,0,3583.40459,336.3005397,-564.6316861,247.849638,SE,5,5,
es5-dt257,MULTIPOLE,0,3583.40459,336.3005397,-564.6316861,247.849638,SE,5,5,
es5-cm257.2,DRIFT,0.258400373,3583.40459,336.3005397,-564.6316861,247.849638,SE,5,5,
es5-dt257,DRIFT,0.258400373,3583.40459,336.3005397,-564.6316861,247.849638,SE,5,5,
es5-cm256,MULTIPOLE,0,3584.29599,336.383163,-564.9307952,247.0099192,SE,5,5,
es5-dv256,MULTIPOLE,0,3584.29599,336.383163,-564.9307952,247.0099192,SE,5,5,
es5-cm256,SBEND,0.891400429,3584.29599,336.383163,-564.9307952,247.0099192,SE,5,5,
es5-dv256,SBEND,0.891400429,3584.29599,336.383163,-564.9307952,247.0099192,SE,5,5,
es5-cm255,MULTIPOLE,0,3584.55439,336.4071142,-565.0170877,246.7663532,SE,5,5,
es5-dt255,MULTIPOLE,0,3584.55439,336.4071142,-565.0170877,246.7663532,SE,5,5,
es5-cm255,DRIFT,0.258400373,3584.55439,336.4071142,-565.0170877,246.7663532,SE,5,5,
es5-dt255,DRIFT,0.258400373,3584.55439,336.4071142,-565.0170877,246.7663532,SE,5,5,
es5-cm253,MULTIPOLE,0,3587.28047,336.6597883,-565.9140858,244.1920914,SE,5,5,
es5-dv253,MULTIPOLE,0,3587.28047,336.6597883,-565.9140858,244.1920914,SE,5,5,
es5-cm253,SBEND,2.726077105,3587.28047,336.6597883,-565.9140858,244.1920914,SE,5,5,
es5-dv253,SBEND,2.726077105,3587.28047,336.6597883,-565.9140858,244.1920914,SE,5,5,
es5-dt252.1,DRIFT,0.5,3587.78047,336.7061324,-566.0761522,243.7190856,SE,5,5,
es5-sx252.1,SEXTUPOLE,0.24,3588.02047,336.7283795,-566.1539441,243.4920428,SE,5,5,
es5-dt252.2,DRIFT,0.104,3588.12447,336.7380204,-566.1876539,243.3936576,SE,5,5,
es5-sx252.2,SEXTUPOLE,0.24,3588.36447,336.7602695,-566.2654458,243.1666149,SE,5,5,
es5-dt251.1,DRIFT,0.156,3588.52047,336.7747321,-566.3160105,243.019037,SE,5,5,
es5-q251,QUADRUPOLE,0.5,3588.89547,336.8095002,-566.4375603,242.6642827,SE,5,5,
es5-dt251.2,DRIFT,0.064,3589.08447,336.8270245,-566.4988214,242.4854865,SE,5,5,
es5-ks251,HKICKER,0.2,3589.28447,336.8455696,-566.5636479,242.2962842,SE,5,5,
es5-cm250,MULTIPOLE,0,3589.5967,336.8745233,-566.6648524,242.0009097,SE,5,5,
es5-dt250,MULTIPOLE,0,3589.5967,336.8745233,-566.6648524,242.0009097,SE,5,5,
es5-cm250,DRIFT,0.312231404,3589.5967,336.8745233,-566.6648524,242.0009097,SE,5,5,
es5-dt250,DRIFT,0.312231404,3589.5967,336.8745233,-566.6648524,242.0009097,SE,5,5,
es5-cm248,MULTIPOLE,0,3592.32278,337.1273104,-567.5350443,239.4174632,SE,5,5,
es5-dv248,MULTIPOLE,0,3592.32278,337.1273104,-567.5350443,239.4174632,SE,5,5,
es5-cm248,SBEND,2.726077105,3592.32278,337.1273104,-567.5350443,239.4174632,SE,5,5,
es5-dv248,SBEND,2.726077105,3592.32278,337.1273104,-567.5350443,239.4174632,SE,5,5,
es5-cm247.1,MULTIPOLE,0,3592.58118,337.151271,-567.6162549,239.1721561,SE,5,5,
es5-dt247,MULTIPOLE,0,3592.58118,337.151271,-567.6162549,239.1721561,SE,5,5,
es5-cm247.1,DRIFT,0.258400373,3592.58118,337.151271,-567.6162549,239.1721561,SE,5,5,
es5-dt247,DRIFT,0.258400373,3592.58118,337.151271,-567.6162549,239.1721561,SE,5,5,
es5-cm247.2,MULTIPOLE,0,3593.47258,337.2339287,-567.8949675,238.3254488,SE,5,5,
es5-dv247,MULTIPOLE,0,3593.47258,337.2339287,-567.8949675,238.3254488,SE,5,5,
es5-cm247.2,SBEND,0.891400429,3593.47258,337.2339287,-567.8949675,238.3254488,SE,5,5,
es5-dv247,SBEND,0.891400429,3593.47258,337.2339287,-567.8949675,238.3254488,SE,5,5,
es5-cm246,MULTIPOLE,0,3593.73098,337.2578899,-567.9753438,238.079867,SE,5,5,
es5-dt246,MULTIPOLE,0,3593.73098,337.2578899,-567.9753438,238.079867,SE,5,5,
es5-cm246,DRIFT,0.258400373,3593.73098,337.2578899,-567.9753438,238.079867,SE,5,5,
es5-dt246,DRIFT,0.258400373,3593.73098,337.2578899,-567.9753438,238.079867,SE,5,5,
es5-cm244,MULTIPOLE,0,3596.45706,337.5106688,-568.8098195,235.4846638,SE,5,5,
es5-dv244,MULTIPOLE,0,3596.45706,337.5106688,-568.8098195,235.4846638,SE,5,5,
es5-cm244,SBEND,2.726077105,3596.45706,337.5106688,-568.8098195,235.4846638,SE,5,5,
es5-dv244,SBEND,2.726077105,3596.45706,337.5106688,-568.8098195,235.4846638,SE,5,5,
es5-dt243,DRIFT,0.507,3596.96406,337.5576812,-568.9625066,235.0012017,SE,5,5,
es5-sx242,SEXTUPOLE,0.57,3597.53406,337.6105433,-569.1341667,234.4576644,SE,5,5,
es5-dt242.1,DRIFT,0.163,3597.69706,337.6256615,-569.1832555,234.3022318,SE,5,5,
es5-q242,QUADRUPOLE,0.5,3598.07206,337.6604453,-569.2961898,233.9446414,SE,5,5,
es5-dt242.2,DRIFT,0.064,3598.26106,337.6779776,-569.3531087,233.7644159,SE,5,5,
es5-ks242,VKICKER,0.2,3598.46106,337.6965314,-569.4133403,233.573701,SE,5,5,
es5-cm241,MULTIPOLE,0,3598.77329,337.7254987,-569.5073713,233.2759652,SE,5,5,
es5-dt241,MULTIPOLE,0,3598.77329,337.7254987,-569.5073713,233.2759652,SE,5,5,
es5-cm241,DRIFT,0.312231404,3598.77329,337.7254987,-569.5073713,233.2759652,SE,5,5,
es5-dt241,DRIFT,0.312231404,3598.77329,337.7254987,-569.5073713,233.2759652,SE,5,5,
es5-cm239,MULTIPOLE,0,3601.49936,337.9784049,-570.3148264,230.6722284,SE,5,5,
es5-dv239,MULTIPOLE,0,3601.49936,337.9784049,-570.3148264,230.6722284,SE,5,5,
es5-cm239,SBEND,2.726077105,3601.49936,337.9784049,-570.3148264,230.6722284,SE,5,5,
es5-dv239,SBEND,2.726077105,3601.49936,337.9784049,-570.3148264,230.6722284,SE,5,5,
es5-cm238,MULTIPOLE,0,3601.75777,338.0023767,-570.3900804,230.4250288,SE,5,5,
es5-dt238,MULTIPOLE,0,3601.75777,338.0023767,-570.3900804,230.4250288,SE,5,5,
es5-cm238,DRIFT,0.258400373,3601.75777,338.0023767,-570.3900804,230.4250288,SE,5,5,
es5-dt238,DRIFT,0.258400373,3601.75777,338.0023767,-570.3900804,230.4250288,SE,5,5,
es5-cm237.1,MULTIPOLE,0,3602.64917,338.0850732,-570.6482332,229.5718284,SE,5,5,
es5-dv237,MULTIPOLE,0,3602.64917,338.0850732,-570.6482332,229.5718284,SE,5,5,
es5-cm237.1,SBEND,0.891400429,3602.64917,338.0850732,-570.6482332,229.5718284,SE,5,5,
es5-dv237,SBEND,0.891400429,3602.64917,338.0850732,-570.6482332,229.5718284,SE,5,5,
es5-cm237.2,MULTIPOLE,0,3602.90757,338.1090457,-570.7226465,229.3243745,SE,5,5,
es5-dt237,MULTIPOLE,0,3602.90757,338.1090457,-570.7226465,229.3243745,SE,5,5,
es5-cm237.2,DRIFT,0.258400373,3602.90757,338.1090457,-570.7226465,229.3243745,SE,5,5,
es5-dt237,DRIFT,0.258400373,3602.90757,338.1090457,-570.7226465,229.3243745,SE,5,5,
es5-cm234,MULTIPOLE,0,3605.63364,338.3619427,-571.4941115,226.7097481,SE,5,5,
es5-dv234,MULTIPOLE,0,3605.63364,338.3619427,-571.4941115,226.7097481,SE,5,5,
es5-cm234,SBEND,2.726077105,3605.63364,338.3619427,-571.4941115,226.7097481,SE,5,5,
es5-dv234,SBEND,2.726077105,3605.63364,338.3619427,-571.4941115,226.7097481,SE,5,5,
es5-dt234.1,DRIFT,0.5,3606.13364,338.4083276,-571.6331151,226.2294586,SE,5,5,
es5-sx234,SEXTUPOLE,0.24,3606.37364,338.430595,-571.6998368,225.9989196,SE,5,5,
es5-dt234.2,DRIFT,0.104,3606.47764,338.4402447,-571.7287495,225.8990194,SE,5,5,
es5-sx233,SEXTUPOLE,0.24,3606.71764,338.4625143,-571.7954713,225.6684805,SE,5,5,
es5-dt233.1,DRIFT,0.156,3606.87364,338.4769905,-571.8388404,225.5186301,SE,5,5,
es5-q233,QUADRUPOLE,0.5,3607.24864,338.5117918,-571.9430931,225.158413,SE,5,5,
es5-dt233.2,DRIFT,0.064,3607.43764,338.5293332,-571.9956365,224.9768636,SE,5,5,
es5-ks232,HKICKER,0.2,3607.63764,338.5478966,-572.0512379,224.7847478,SE,5,5,
es5-cm232,MULTIPOLE,0,3607.94987,338.5768791,-572.1380405,224.4848249,SE,5,5,
es5-dt232,MULTIPOLE,0,3607.94987,338.5768791,-572.1380405,224.4848249,SE,5,5,
es5-cm232,DRIFT,0.312231404,3607.94987,338.5768791,-572.1380405,224.4848249,SE,5,5,
es5-dt232,DRIFT,0.312231404,3607.94987,338.5768791,-572.1380405,224.4848249,SE,5,5,
es5-cm229.1,MULTIPOLE,0,3610.67595,338.8299178,-572.8822864,221.8623208,SE,5,5,
es5-dv229,MULTIPOLE,0,3610.67595,338.8299178,-572.8822864,221.8623208,SE,5,5,
es5-cm229.1,SBEND,2.726077105,3610.67595,338.8299178,-572.8822864,221.8623208,SE,5,5,
es5-dv229,SBEND,2.726077105,3610.67595,338.8299178,-572.8822864,221.8623208,SE,5,5,
es5-cm229.2,MULTIPOLE,0,3610.93435,338.8539022,-572.9515397,221.6133735,SE,5,5,
es5-dt229,MULTIPOLE,0,3610.93435,338.8539022,-572.9515397,221.6133735,SE,5,5,
es5-cm229.2,DRIFT,0.258400373,3610.93435,338.8539022,-572.9515397,221.6133735,SE,5,5,
es5-dt229,DRIFT,0.258400373,3610.93435,338.8539022,-572.9515397,221.6133735,SE,5,5,
es5-cm228.1,MULTIPOLE,0,3611.82575,338.9366418,-573.1889818,220.7541791,SE,5,5,
es5-dv228,MULTIPOLE,0,3611.82575,338.9366418,-573.1889818,220.7541791,SE,5,5,
es5-cm228.1,SBEND,0.891400429,3611.82575,338.9366418,-573.1889818,220.7541791,SE,5,5,
es5-dv228,SBEND,0.891400429,3611.82575,338.9366418,-573.1889818,220.7541791,SE,5,5,
es5-cm228.2,MULTIPOLE,0,3612.08415,338.9606269,-573.2573885,220.5049978,SE,5,5,
es5-dt228,MULTIPOLE,0,3612.08415,338.9606269,-573.2573885,220.5049978,SE,5,5,
es5-cm228.2,DRIFT,0.258400373,3612.08415,338.9606269,-573.2573885,220.5049978,SE,5,5,
es5-dt228,DRIFT,0.258400373,3612.08415,338.9606269,-573.2573885,220.5049978,SE,5,5,
es5-cm225,MULTIPOLE,0,3614.81023,339.2136556,-573.9653914,217.8724779,SE,5,5,
es5-dv225,MULTIPOLE,0,3614.81023,339.2136556,-573.9653914,217.8724779,SE,5,5,
es5-cm225,SBEND,2.726077105,3614.81023,339.2136556,-573.9653914,217.8724779,SE,5,5,
es5-dv225,SBEND,2.726077105,3614.81023,339.2136556,-573.9653914,217.8724779,SE,5,5,
es5-dt225,DRIFT,0.507,3615.31723,339.2607145,-574.0945211,217.3821978,SE,5,5,
es5-sx224,SEXTUPOLE,0.57,3615.88723,339.3136307,-574.2396965,216.8309954,SE,5,5,
es5-dt224,DRIFT,0.163,3616.05023,339.3287647,-574.2812116,216.6733709,SE,5,5,
es5-q224,QUADRUPOLE,0.5,3616.42523,339.3635855,-574.3767217,216.3107377,SE,5,5,
es5-dt223.1,DRIFT,0.064,3616.61423,339.3811368,-574.4248588,216.1279706,SE,5,5,
es5-ks223,VKICKER,0.2,3616.81423,339.3997108,-574.4757975,215.9345662,SE,5,5,
es5-cm223,MULTIPOLE,0,3617.12646,339.4287101,-574.5553209,215.6326316,SE,5,5,
es5-dt223.2,MULTIPOLE,0,3617.12646,339.4287101,-574.5553209,215.6326316,SE,5,5,
es5-cm223,DRIFT,0.312231404,3617.12646,339.4287101,-574.5553209,215.6326316,SE,5,5,
es5-dt223.2,DRIFT,0.312231404,3617.12646,339.4287101,-574.5553209,215.6326316,SE,5,5,
es5-cm220.1,MULTIPOLE,0,3619.85254,339.6818951,-575.2359222,212.9928947,SE,5,5,
es5-dv220,MULTIPOLE,0,3619.85254,339.6818951,-575.2359222,212.9928947,SE,5,5,
es5-cm220.1,SBEND,2.726077105,3619.85254,339.6818951,-575.2359222,212.9928947,SE,5,5,
es5-dv220,SBEND,2.726077105,3619.85254,339.6818951,-575.2359222,212.9928947,SE,5,5,
es5-cm220.2,MULTIPOLE,0,3620.11094,339.7058931,-575.2991343,212.7423453,SE,5,5,
es5-dt220,MULTIPOLE,0,3620.11094,339.7058931,-575.2991343,212.7423453,SE,5,5,
es5-cm220.2,DRIFT,0.258400373,3620.11094,339.7058931,-575.2991343,212.7423453,SE,5,5,
es5-dt220,DRIFT,0.258400373,3620.11094,339.7058931,-575.2991343,212.7423453,SE,5,5,
es5-cm219.1,MULTIPOLE,0,3621.00234,339.7886805,-575.5157268,211.8776594,SE,5,5,
es5-dv219,MULTIPOLE,0,3621.00234,339.7886805,-575.5157268,211.8776594,SE,5,5,
es5-cm219.1,SBEND,0.891400429,3621.00234,339.7886805,-575.5157268,211.8776594,SE,5,5,
es5-dv219,SBEND,0.891400429,3621.00234,339.7886805,-575.5157268,211.8776594,SE,5,5,
es5-cm219.2,MULTIPOLE,0,3621.26074,339.8126794,-575.5780869,211.6268967,SE,5,5,
es5-dt219,MULTIPOLE,0,3621.26074,339.8126794,-575.5780869,211.6268967,SE,5,5,
es5-cm219.2,DRIFT,0.258400373,3621.26074,339.8126794,-575.5780869,211.6268967,SE,5,5,
es5-dt219,DRIFT,0.258400373,3621.26074,339.8126794,-575.5780869,211.6268967,SE,5,5,
es5-cm216,MULTIPOLE,0,3623.98682,340.0658536,-576.2222135,208.9780232,SE,5,5,
es5-dv216,MULTIPOLE,0,3623.98682,340.0658536,-576.2222135,208.9780232,SE,5,5,
es5-cm216,SBEND,2.726077105,3623.98682,340.0658536,-576.2222135,208.9780232,SE,5,5,
es5-dv216,SBEND,2.726077105,3623.98682,340.0658536,-576.2222135,208.9780232,SE,5,5,
es5-dt216,DRIFT,0.5,3624.48682,340.1122894,-576.3378291,208.4915738,SE,5,5,
es5-sx215.1,SEXTUPOLE,0.24,3624.72682,340.1345817,-576.3933246,208.2580781,SE,5,5,
es5-dt215.1,DRIFT,0.104,3624.83082,340.1442423,-576.4173726,208.1568966,SE,5,5,
es5-sx215.2,SEXTUPOLE,0.24,3625.07082,340.1665374,-576.4728681,207.9234009,SE,5,5,
es5-dt215.2,DRIFT,0.156,3625.22682,340.1810303,-576.5089401,207.7716287,SE,5,5,
es5-q214,QUADRUPOLE,0.5,3625.60182,340.2158723,-576.5956518,207.4067916,SE,5,5,
es5-dt214.1,DRIFT,0.064,3625.79082,340.2334345,-576.6393545,207.2229137,SE,5,5,
es5-ks214,HKICKER,0.2,3625.99082,340.2520201,-576.6856007,207.028334,SE,5,5,
es5-cm214,MULTIPOLE,0,3626.30305,340.2810379,-576.7577984,206.7245644,SE,5,5,
es5-dt214.2,MULTIPOLE,0,3626.30305,340.2810379,-576.7577984,206.7245644,SE,5,5,
es5-cm214,DRIFT,0.312231404,3626.30305,340.2810379,-576.7577984,206.7245644,SE,5,5,
es5-dt214.2,DRIFT,0.312231404,3626.30305,340.2810379,-576.7577984,206.7245644,SE,5,5,
es5-cm211.1,MULTIPOLE,0,3629.02911,340.5343941,-577.3754956,204.069414,SE,5,5,
es5-dv211,MULTIPOLE,0,3629.02911,340.5343941,-577.3754956,204.069414,SE,5,5,
es5-cm211.1,SBEND,2.726064881,3629.02911,340.5343941,-577.3754956,204.069414,SE,5,5,
es5-dv211,SBEND,2.726064881,3629.02911,340.5343941,-577.3754956,204.069414,SE,5,5,
es5-cm211.2,MULTIPOLE,0,3629.28751,340.5584096,-577.4328461,203.8174584,SE,5,5,
es5-dt211,MULTIPOLE,0,3629.28751,340.5584096,-577.4328461,203.8174584,SE,5,5,
es5-cm211.2,DRIFT,0.258400314,3629.28751,340.5584096,-577.4328461,203.8174584,SE,5,5,
es5-dt211,DRIFT,0.258400314,3629.28751,340.5584096,-577.4328461,203.8174584,SE,5,5,
es5-cm210.1,MULTIPOLE,0,3630.17891,340.6412586,-577.6293319,202.9479831,SE,5,5,
es5-dv210,MULTIPOLE,0,3630.17891,340.6412586,-577.6293319,202.9479831,SE,5,5,
es5-cm210.1,SBEND,0.891400361,3630.17891,340.6412586,-577.6293319,202.9479831,SE,5,5,
es5-dv210,SBEND,0.891400361,3630.17891,340.6412586,-577.6293319,202.9479831,SE,5,5,
es5-cm210.2,MULTIPOLE,0,3630.43731,340.6652759,-577.6858964,202.6958498,SE,5,5,
es5-dt210,MULTIPOLE,0,3630.43731,340.6652759,-577.6858964,202.6958498,SE,5,5,
es5-cm210.2,DRIFT,0.258400314,3630.43731,340.6652759,-577.6858964,202.6958498,SE,5,5,
es5-dt210,DRIFT,0.258400314,3630.43731,340.6652759,-577.6858964,202.6958498,SE,5,5,
es5-cm207,MULTIPOLE,0,3633.16338,340.9186545,-578.2699497,200.0330965,SE,5,5,
es5-dv207,MULTIPOLE,0,3633.16338,340.9186545,-578.2699497,200.0330965,SE,5,5,
es5-cm207,SBEND,2.726064881,3633.16338,340.9186545,-578.2699497,200.0330965,SE,5,5,
es5-dv207,SBEND,2.726064881,3633.16338,340.9186545,-578.2699497,200.0330965,SE,5,5,
es5-dt206.1,DRIFT,0.507,3633.67038,340.9657813,-578.3762115,199.5373572,SE,5,5,
es5-sx206,SEXTUPOLE,0.57,3634.24038,341.0187753,-578.4956775,198.9800172,SE,5,5,
es5-dt206.2,DRIFT,0.163,3634.40338,341.0339319,-578.5298405,198.8206375,SE,5,5,
es5-q205,QUADRUPOLE,0.5,3634.77838,341.068805,-578.6084365,198.4539665,SE,5,5,
es5-dt205.1,DRIFT,0.064,3634.96738,341.086383,-578.6480489,198.2691643,SE,5,5,
es5-ks205,VKICKER,0.2,3635.16738,341.1049854,-578.6899668,198.0736064,SE,5,5,
es5-cm205,MULTIPOLE,0,3635.47961,341.1340297,-578.7554071,197.7683098,SE,5,5,
es5-dt205.2,MULTIPOLE,0,3635.47961,341.1340297,-578.7554071,197.7683098,SE,5,5,
es5-cm205,DRIFT,0.312231404,3635.47961,341.1340297,-578.7554071,197.7683098,SE,5,5,
es5-dt205.2,DRIFT,0.312231404,3635.47961,341.1340297,-578.7554071,197.7683098,SE,5,5,
es5-cm202.1,MULTIPOLE,0,3638.20568,341.3876171,-579.3140448,195.1001086,SE,5,5,
es5-dv202,MULTIPOLE,0,3638.20568,341.3876171,-579.3140448,195.1001086,SE,5,5,
es5-cm202.1,SBEND,2.726064881,3638.20568,341.3876171,-579.3140448,195.1001086,SE,5,5,
es5-dv202,SBEND,2.726064881,3638.20568,341.3876171,-579.3140448,195.1001086,SE,5,5,
es5-cm202.2,MULTIPOLE,0,3638.46408,341.4116546,-579.3657912,194.8469426,SE,5,5,
es5-dt202,MULTIPOLE,0,3638.46408,341.4116546,-579.3657912,194.8469426,SE,5,5,
es5-cm202.2,DRIFT,0.258400314,3638.46408,341.4116546,-579.3657912,194.8469426,SE,5,5,
es5-dt202,DRIFT,0.258400314,3638.46408,341.4116546,-579.3657912,194.8469426,SE,5,5,
es5-cm201,MULTIPOLE,0,3639.35548,341.4945796,-579.5429382,193.973322,SE,5,5,
es5-dv201,MULTIPOLE,0,3639.35548,341.4945796,-579.5429382,193.973322,SE,5,5,
es5-cm201,SBEND,0.891400361,3639.35548,341.4945796,-579.5429382,193.973322,SE,5,5,
es5-dv201,SBEND,0.891400361,3639.35548,341.4945796,-579.5429382,193.973322,SE,5,5,
es5-cm200,MULTIPOLE,0,3639.61388,341.5186189,-579.593895,193.7199959,SE,5,5,
es5-dt200,MULTIPOLE,0,3639.61388,341.5186189,-579.593895,193.7199959,SE,5,5,
es5-cm200,DRIFT,0.258400314,3639.61388,341.5186189,-579.593895,193.7199959,SE,5,5,
es5-dt200,DRIFT,0.258400314,3639.61388,341.5186189,-579.593895,193.7199959,SE,5,5,
es5-cm198,MULTIPOLE,0,3642.33994,341.7722307,-580.1187283,191.0449401,SE,5,5,
es5-dv198,MULTIPOLE,0,3642.33994,341.7722307,-580.1187283,191.0449401,SE,5,5,
es5-cm198,SBEND,2.726064881,3642.33994,341.7722307,-580.1187283,191.0449401,SE,5,5,
es5-dv198,SBEND,2.726064881,3642.33994,341.7722307,-580.1187283,191.0449401,SE,5,5,
es5-dt197.1,DRIFT,0.5,3642.83994,341.8187496,-580.2126505,190.5538407,SE,5,5,
es5-sx197.1,SEXTUPOLE,0.24,3643.07994,341.8410822,-580.2577331,190.318113,SE,5,5,
es5-dt197.2,DRIFT,0.104,3643.18394,341.8507603,-580.2772689,190.2159643,SE,5,5,
es5-sx197.2,SEXTUPOLE,0.24,3643.42394,341.8730961,-580.3223516,189.9802366,SE,5,5,
es5-dt196.1,DRIFT,0.156,3643.57994,341.8876156,-580.3516553,189.8270136,SE,5,5,
es5-q196,QUADRUPOLE,0.5,3643.95494,341.9225219,-580.4220969,189.458689,SE,5,5,
es5-dt196.2,DRIFT,0.064,3644.14394,341.9401168,-580.4575995,189.2730535,SE,5,5,
es5-ks196,HKICKER,0.2,3644.34394,341.9587372,-580.4951684,189.0766137,SE,5,5,
es5-cm195,MULTIPOLE,0,3644.65617,341.9878096,-580.5538193,188.7699404,SE,5,5,
es5-dt195,MULTIPOLE,0,3644.65617,341.9878096,-580.5538193,188.7699404,SE,5,5,
es5-cm195,DRIFT,0.312231404,3644.65617,341.9878096,-580.5538193,188.7699404,SE,5,5,
es5-dt195,DRIFT,0.312231404,3644.65617,341.9878096,-580.5538193,188.7699404,SE,5,5,
es5-cm193,MULTIPOLE,0,3647.38224,342.2416437,-581.0531222,186.090002,SE,5,5,
es5-dv193,MULTIPOLE,0,3647.38224,342.2416437,-581.0531222,186.090002,SE,5,5,
es5-cm193,SBEND,2.726064881,3647.38224,342.2416437,-581.0531222,186.090002,SE,5,5,
es5-dv193,SBEND,2.726064881,3647.38224,342.2416437,-581.0531222,186.090002,SE,5,5,
es5-cm192,MULTIPOLE,0,3647.64064,342.2657046,-581.0992391,185.8357502,SE,5,5,
es5-dt192,MULTIPOLE,0,3647.64064,342.2657046,-581.0992391,185.8357502,SE,5,5,
es5-cm192,DRIFT,0.258400314,3647.64064,342.2657046,-581.0992391,185.8357502,SE,5,5,
es5-dt192,DRIFT,0.258400314,3647.64064,342.2657046,-581.0992391,185.8357502,SE,5,5,
es5-cm191.1,MULTIPOLE,0,3648.53204,342.3487105,-581.2569603,184.9584145,SE,5,5,
es5-dv191,MULTIPOLE,0,3648.53204,342.3487105,-581.2569603,184.9584145,SE,5,5,
es5-cm191.1,SBEND,0.891400361,3648.53204,342.3487105,-581.2569603,184.9584145,SE,5,5,
es5-dv191,SBEND,0.891400361,3648.53204,342.3487105,-581.2569603,184.9584145,SE,5,5,
es5-cm191.2,MULTIPOLE,0,3648.79044,342.3727734,-581.3022842,184.7040202,SE,5,5,
es5-dt191,MULTIPOLE,0,3648.79044,342.3727734,-581.3022842,184.7040202,SE,5,5,
es5-cm191.2,DRIFT,0.258400314,3648.79044,342.3727734,-581.3022842,184.7040202,SE,5,5,
es5-dt191,DRIFT,0.258400314,3648.79044,342.3727734,-581.3022842,184.7040202,SE,5,5,
es5-cm188,MULTIPOLE,0,3651.5165,342.6266338,-581.767639,182.0179788,SE,5,5,
es5-dv188,MULTIPOLE,0,3651.5165,342.6266338,-581.767639,182.0179788,SE,5,5,
es5-cm188,SBEND,2.726064881,3651.5165,342.6266338,-581.767639,182.0179788,SE,5,5,
es5-dv188,SBEND,2.726064881,3651.5165,342.6266338,-581.767639,182.0179788,SE,5,5,
es5-dt188,DRIFT,0.507,3652.0235,342.6738505,-581.8518045,181.5180136,SE,5,5,
es5-sx187,SEXTUPOLE,0.57,3652.5935,342.726947,-581.9464284,180.9559226,SE,5,5,
es5-dt187.1,DRIFT,0.163,3652.7565,342.7421333,-581.9734876,180.7951843,SE,5,5,
es5-q187,QUADRUPOLE,0.5,3653.1315,342.777075,-582.0357401,180.4253876,SE,5,5,
es5-dt187.2,DRIFT,0.064,3653.3205,342.7946878,-582.0671154,180.23901,SE,5,5,
es5-ks186,VKICKER,0.2,3653.5205,342.8133273,-582.1003168,180.0417851,SE,5,5,
es5-cm186,MULTIPOLE,0,3653.83273,342.8424297,-582.1521494,179.733886,SE,5,5,
es5-dt186,MULTIPOLE,0,3653.83273,342.8424297,-582.1521494,179.733886,SE,5,5,
es5-cm186,DRIFT,0.312231404,3653.83273,342.8424297,-582.1521494,179.733886,SE,5,5,
es5-dt186,DRIFT,0.312231404,3653.83273,342.8424297,-582.1521494,179.733886,SE,5,5,
es5-cm183.1,MULTIPOLE,0,3656.5588,343.096526,-582.5918719,177.0435296,SE,5,5,
es5-dv183,MULTIPOLE,0,3656.5588,343.096526,-582.5918719,177.0435296,SE,5,5,
es5-cm183.1,SBEND,2.726064881,3656.5588,343.096526,-582.5918719,177.0435296,SE,5,5,
es5-dv183,SBEND,2.726064881,3656.5588,343.096526,-582.5918719,177.0435296,SE,5,5,
es5-cm183.2,MULTIPOLE,0,3656.8172,343.1206118,-582.6323365,176.7883173,SE,5,5,
es5-dt183,MULTIPOLE,0,3656.8172,343.1206118,-582.6323365,176.7883173,SE,5,5,
es5-cm183.2,DRIFT,0.258400314,3656.8172,343.1206118,-582.6323365,176.7883173,SE,5,5,
es5-dt183,DRIFT,0.258400314,3656.8172,343.1206118,-582.6323365,176.7883173,SE,5,5,
es5-cm182.1,MULTIPOLE,0,3657.7086,343.2037038,-582.7705542,175.9076983,SE,5,5,
es5-dv182,MULTIPOLE,0,3657.7086,343.2037038,-582.7705542,175.9076983,SE,5,5,
es5-cm182.1,SBEND,0.891400361,3657.7086,343.2037038,-582.7705542,175.9076983,SE,5,5,
es5-dv182,SBEND,0.891400361,3657.7086,343.2037038,-582.7705542,175.9076983,SE,5,5,
es5-cm182.2,MULTIPOLE,0,3657.967,343.2277917,-582.8102229,175.652361,SE,5,5,
es5-dt182,MULTIPOLE,0,3657.967,343.2277917,-582.8102229,175.652361,SE,5,5,
es5-cm182.2,DRIFT,0.258400314,3657.967,343.2277917,-582.8102229,175.652361,SE,5,5,
es5-dt182,DRIFT,0.258400314,3657.967,343.2277917,-582.8102229,175.652361,SE,5,5,
es5-cm179,MULTIPOLE,0,3660.69307,343.4819162,-583.2158702,172.9566564,SE,5,5,
es5-dv179,MULTIPOLE,0,3660.69307,343.4819162,-583.2158702,172.9566564,SE,5,5,
es5-cm179,SBEND,2.726064881,3660.69307,343.4819162,-583.2158702,172.9566564,SE,5,5,
es5-dv179,SBEND,2.726064881,3660.69307,343.4819162,-583.2158702,172.9566564,SE,5,5,
es5-dt179,DRIFT,0.5,3661.19307,343.5285297,-583.2879141,172.4618739,SE,5,5,
es5-sx179,SEXTUPOLE,0.24,3661.43307,343.550908,-583.3224951,172.2243783,SE,5,5,
es5-dt178.1,DRIFT,0.104,3661.53707,343.560606,-583.3374803,172.1214636,SE,5,5,
es5-sx178,SEXTUPOLE,0.24,3661.77707,343.5829879,-583.3720613,171.883968,SE,5,5,
es5-dt178.2,DRIFT,0.156,3661.93307,343.5975375,-583.394539,171.7295959,SE,5,5,
es5-mark178,MARKER,0,3662.18307,343.6208564,-583.4305609,171.4822046,SE,5,5,
es5-q178,QUADRUPOLE,0.5,3662.30807,343.6325168,-583.4485719,171.358509,SE,5,5,
es5-dt176,DRIFT,1.1,3663.53307,343.7468245,-583.6250793,170.146292,SE,5,5,
es5-q176,QUADRUPOLE,0.5,3663.90807,343.7818295,-583.6791122,169.7752051,SE,5,5,
es5-dt175,MARKER,0,3664.78307,343.863531,-583.8051889,168.9093358,SE,5,5,
es5-mark175,MARKER,0,3664.78307,343.863531,-583.8051889,168.9093358,SE,5,5,
es5-dt175,DRIFT,0.75,3664.78307,343.863531,-583.8051889,168.9093358,SE,5,5,
es5-mark175,DRIFT,0.75,3664.78307,343.863531,-583.8051889,168.9093358,SE,5,5,
es5-sol174,SOLENOID,2,3666.28307,344.0036652,-584.0213205,167.4249884,SE,5,5,
es5-dt172,DRIFT,0.75,3667.53307,344.1205147,-584.2014301,166.1880323,SE,5,5,
es5-q172,QUADRUPOLE,0.865,3668.18182,344.1811847,-584.294907,165.546052,SE,5,5,
es5-dt171,DRIFT,0.25,3668.64807,344.2247982,-584.3620879,165.0846674,SE,5,5,
es5-q170,QUADRUPOLE,1.221,3669.56382,344.3104836,-584.4940362,164.1784733,SE,5,5,
es5-dt170,DRIFT,0.25,3670.11907,344.3624538,-584.5740409,163.6290174,SE,5,5,
es5-q168,QUADRUPOLE,1.968,3671.59507,344.5006632,-584.7867143,162.1684196,SE,5,5,
es5-dt167,DRIFT,0.45,3672.53707,344.5889142,-584.9224449,161.2362494,SE,5,5,
es5-q167,QUADRUPOLE,1.221,3673.45282,344.6747387,-585.0543932,160.3300553,SE,5,5,
es5-dt166,DRIFT,0.25,3674.00807,344.7267924,-585.1343979,159.7805994,SE,5,5,
es5-q165,QUADRUPOLE,0.865,3674.65682,344.7876263,-585.2278748,159.1386192,SE,5,5,
es5-dt164,DRIFT,0.75,3675.62307,344.8782615,-585.3670995,158.1824521,SE,5,5,
es5-sol163,SOLENOID,2,3677.12307,345.0190309,-585.5832311,156.6981047,SE,5,5,
es5-mark162,MARKER,0,3677.62307,345.0659722,-585.6552749,156.2033222,SE,5,5,
es5-dt162,DRIFT,0.75,3678.37307,345.136401,-585.7633407,155.4611485,SE,5,5,
es5-q161.1,QUADRUPOLE,0.5,3678.87307,345.1833646,-585.8353845,154.9663661,SE,5,5,
es5-q161.2,QUADRUPOLE,0.5,3679.37307,345.230337,-585.9074284,154.4715836,SE,5,5,
es5-dt160,DRIFT,0.25,3679.62307,345.2538265,-585.9434503,154.2241924,SE,5,5,
es5-dh157,RBEND,3.800060585,3683.42313,345.6107399,-586.4541795,150.4586704,SE,5,5,
es5-dt156,DRIFT,0.25,3683.67313,345.6342117,-586.4853556,150.2106219,SE,5,5,
es5-q156,QUADRUPOLE,0.5,3684.17313,345.6811626,-586.5477078,149.7145249,SE,5,5,
es5-q155,QUADRUPOLE,0.5,3684.67313,345.7281231,-586.6100599,149.218428,SE,5,5,
es5-dt155,DRIFT,0.25,3684.92313,345.751607,-586.641236,148.9703795,SE,5,5,
es5-dh151,RBEND,3.800060585,3688.72319,346.1084224,-587.0782142,145.1955881,SE,5,5,
es5-dt151,DRIFT,0.25,3688.97319,346.1318869,-587.1045325,144.9469773,SE,5,5,
es5-q151,QUADRUPOLE,0.5,3689.47319,346.1788239,-587.1571691,144.4497556,SE,5,5,
es5-q150,QUADRUPOLE,0.5,3689.97319,346.2257714,-587.2098057,143.9525339,SE,5,5,
es5-dt150,DRIFT,0.25,3690.22319,346.249249,-587.236124,143.7039231,SE,5,5,
es5-dh146,RBEND,3.800060585,3694.02325,346.6059576,-587.5991839,139.9213066,SE,5,5,
es5-dt146,DRIFT,0.25,3694.27325,346.6294143,-587.6206344,139.6722285,SE,5,5,
es5-q145.1,QUADRUPOLE,0.5,3694.77325,346.6763362,-587.6635353,139.1740724,SE,5,5,
es5-q145.2,QUADRUPOLE,0.5,3695.27325,346.7232695,-587.7064362,138.6759163,SE,5,5,
es5-dt144,DRIFT,0.25,3695.52325,346.7467403,-587.7278866,138.4268383,SE,5,5,
es5-dh141,RBEND,3.800060585,3699.32331,347.1033332,-588.0168894,134.637844,SE,5,5,
es5-dt140,DRIFT,0.25,3699.57331,347.1267814,-588.0334638,134.388394,SE,5,5,
es5-q140,QUADRUPOLE,0.5,3700.07331,347.1736871,-588.0666126,133.8894941,SE,5,5,
es5-q139,QUADRUPOLE,0.5,3700.57331,347.2206049,-588.0997614,133.3905941,SE,5,5,
es5-dt139,DRIFT,0.25,3700.82331,347.2440684,-588.1163358,133.1411442,SE,5,5,
es5-dh135,RBEND,3.800060585,3704.62337,347.6005365,-588.3311708,129.3472219,SE,5,5,
es5-dt135,DRIFT,0.25,3704.87337,347.6239757,-588.3428628,129.0974955,SE,5,5,
es5-q135,QUADRUPOLE,0.5,3705.37337,347.6708639,-588.3662468,128.5980426,SE,5,5,
es5-q134,QUADRUPOLE,0.5,3705.87337,347.7177652,-588.3896308,128.0985897,SE,5,5,
es5-dt133,MARKER,0,3707.04067,347.8273114,-588.4442231,126.932567,SE,5,5,
es5-mark133,MARKER,0,3707.04067,347.8273114,-588.4442231,126.932567,SE,5,5,
es5-dt133,DRIFT,1.1673,3707.04067,347.8273114,-588.4442231,126.932567,SE,5,5,
es5-mark133,DRIFT,1.1673,3707.04067,347.8273114,-588.4442231,126.932567,SE,5,5,
es5-sol129,SOLENOID,5.7,3711.31567,348.2290948,-588.6441565,122.6622448,SE,5,5,
es5-dt126,DRIFT,0.8,3713.54067,348.4385701,-588.7482153,120.4396794,SE,5,5,
es5-q126,QUADRUPOLE,1.221,3714.45642,348.5248543,-588.7910431,119.5249315,SE,5,5,
es5-dt125,DRIFT,0.25,3715.01167,348.577191,-588.8170111,118.9702891,SE,5,5,
es5-q124,QUADRUPOLE,1.968,3716.48767,348.7163868,-588.8860407,117.4959041,SE,5,5,
es5-dt123,DRIFT,0.25,3717.22967,348.7864007,-588.9207426,116.754716,SE,5,5,
es5-q122,QUADRUPOLE,1.221,3718.14542,348.8728448,-588.9635704,115.8399681,SE,5,5,
es5-dt121,DRIFT,0.45,3718.90067,348.9441673,-588.998892,115.0855445,SE,5,5,
es5-q120,QUADRUPOLE,1.14,3719.75567,349.0249413,-589.0388786,114.23148,SE,5,5,
es5-dt120,DRIFT,0.25,3720.29067,349.0755011,-589.0638995,113.6970655,SE,5,5,
es5-q119,QUADRUPOLE,1.376,3721.32267,349.1730658,-589.1121641,112.6661947,SE,5,5,
es5-dt118,DRIFT,0.25,3721.91667,349.2292439,-589.1399443,112.0728447,SE,5,5,
,QUADRUPOLE,1.882,3723.32817,349.3628004,-589.2059574,110.6628892,SE,5,5,
es5-dt116,DRIFT,0.25,3724.04867,349.431008,-589.2396538,109.9431775,SE,5,5,
es5-q115,QUADRUPOLE,1.14,3724.90367,349.5119774,-589.2796404,109.0891131,SE,5,5,
es5-dt114,DRIFT,0.8,3725.98867,349.6147733,-589.3303837,108.0053003,SE,5,5,
es5-sol110,SOLENOID,5.7,3730.26367,350.0202784,-589.5303171,103.7349781,SE,5,5,
es5-mark108,MARKER,0,3731.68867,350.1556123,-589.5969615,102.3115374,SE,5,5,
es5-dt107,MARKER,0,3732.85597,350.2665321,-589.6515538,101.1455147,SE,5,5,
es5-mark107,MARKER,0,3732.85597,350.2665321,-589.6515538,101.1455147,SE,5,5,
es5-dt107,DRIFT,1.1673,3732.85597,350.2665321,-589.6515538,101.1455147,SE,5,5,
es5-mark107,DRIFT,1.1673,3732.85597,350.2665321,-589.6515538,101.1455147,SE,5,5,
es5-q106.1,QUADRUPOLE,1.2,3734.05597,350.3806146,-589.7076755,99.94682776,SE,5,5,
es5-dt106,DRIFT,0.15,3734.20597,350.3948789,-589.7146907,99.79699189,SE,5,5,
es5-q106.2,QUADRUPOLE,0.25,3734.45597,350.4186545,-589.7263827,99.54726545,SE,5,5,
es5-dt105,DRIFT,0.2,3734.65597,350.4376767,-589.7357363,99.34748429,SE,5,5,
es5-dh103,RBEND,2.726017032,3737.38199,350.6969103,-589.8465512,96.6237376,SE,5,5,
es5-dt102,DRIFT,0.6,3737.98199,350.7539638,-589.8672708,96.02409546,SE,5,5,
es5-q101,QUADRUPOLE,1.2,3739.18199,350.8681141,-589.90871,94.82481117,SE,5,5,
es5-dt101,DRIFT,0.15,3739.33199,350.882387,-589.9138899,94.67490064,SE,5,5,
es5-q100,QUADRUPOLE,0.25,3739.58199,350.906177,-589.922523,94.42504974,SE,5,5,
es5-dt100,DRIFT,0.2,3739.78199,350.9252108,-589.9294296,94.22516903,SE,5,5,
es5-dh97,RBEND,2.726017032,3742.508,351.1846011,-590.0068831,91.50026959,SE,5,5,
es5-dt97,DRIFT,0.6,3743.108,351.2416889,-590.0202584,90.90041869,SE,5,5,
es5-q96,QUADRUPOLE,1.2,3744.308,351.3559093,-590.0470089,89.70071689,SE,5,5,
es5-dt96,DRIFT,0.15,3744.458,351.370191,-590.0503527,89.55075417,SE,5,5,
es5-q95,QUADRUPOLE,0.25,3744.708,351.3939959,-590.0559258,89.30081629,SE,5,5,
es5-dt95,DRIFT,0.2,3744.908,351.4130417,-590.0603842,89.10086599,SE,5,5,
es5-dh92,RBEND,2.726017032,3747.63402,351.6725938,-590.1044649,86.37522242,SE,5,5,
es5-dt92,DRIFT,0.6,3748.23402,351.7297172,-590.1104938,85.77525271,SE,5,5,
es5-q91,QUADRUPOLE,1.2,3749.43402,351.8440099,-590.1225516,84.57531329,SE,5,5,
es5-dt90.1,DRIFT,0.15,3749.58402,351.8583008,-590.1240589,84.42532086,SE,5,5,
es5-q90,QUADRUPOLE,0.25,3749.83402,351.8821211,-590.1265709,84.17533348,SE,5,5,
es5-dt90.2,DRIFT,0.2,3750.03402,351.9011791,-590.1285805,83.97534358,SE,5,5,
es5-dh87,RBEND,2.726017032,3752.76004,352.1608983,-590.1392817,81.24936459,SE,5,5,
es5-dt87,DRIFT,0.6,3753.36004,352.2180583,-590.1379633,80.64936603,SE,5,5,
es5-q85.1,QUADRUPOLE,1.2,3754.56004,352.3324257,-590.1353267,79.44936893,SE,5,5,
es5-dt85.1,DRIFT,0.15,3754.71004,352.346726,-590.1349971,79.29936929,SE,5,5,
es5-q85.2,QUADRUPOLE,0.25,3754.96004,352.3705621,-590.1344478,79.0493699,SE,5,5,
es5-dt85.2,DRIFT,0.2,3755.16004,352.3896329,-590.1340084,78.84937038,SE,5,5,
es5-dh82,RBEND,2.726000256,3757.88604,352.6497126,-590.1259743,76.12338222,SE,5,5,
es5-dt82,DRIFT,0.6,3758.48604,352.7069934,-590.123756,75.52338632,SE,5,5,
es5-q80.1,QUADRUPOLE,1.2,3759.68604,352.8216003,-590.1193194,74.32339452,SE,5,5,
es5-dt80,DRIFT,0.15,3759.83604,352.8359303,-590.1187648,74.17339555,SE,5,5,
es5-q80.2,QUADRUPOLE,0.25,3760.08604,352.8598158,-590.1178405,73.92339725,SE,5,5,
es5-dt78,DRIFT,1.6,3761.68604,353.0127435,-590.111925,72.32340819,SE,5,5,
es5-dh76,RBEND,2.726000256,3764.41204,353.2735067,-590.099802,69.59743515,SE,5,5,
es5-dt75,DRIFT,0.6,3765.01204,353.3309355,-590.0966837,68.99744325,SE,5,5,
es5-q74,QUADRUPOLE,1.2,3766.21204,353.4458354,-590.0904471,67.79745946,SE,5,5,
es5-dt74,DRIFT,0.15,3766.36204,353.4602017,-590.0896675,67.64746148,SE,5,5,
es5-q73,QUADRUPOLE,0.25,3766.61204,353.4841477,-590.0883682,67.39746486,SE,5,5,
es5-dt73,DRIFT,0.2,3766.81204,353.5033061,-590.0873288,67.19746756,SE,5,5,
es5-dh70,RBEND,2.726019196,3769.53806,353.7643861,-590.0554429,64.47165405,SE,5,5,
es5-dt70,DRIFT,0.6,3770.13806,353.8218435,-590.0445252,63.87175339,SE,5,5,
es5-q69,QUADRUPOLE,1.2,3771.33806,353.936802,-590.0226898,62.67195207,SE,5,5,
es5-dt69,DRIFT,0.15,3771.48806,353.9511759,-590.0199603,62.5219769,SE,5,5,
es5-q68,QUADRUPOLE,0.25,3771.73806,353.9751344,-590.0154113,62.27201829,SE,5,5,
es5-dt65.1,MARKER,0,3775.01406,354.2893126,-589.9558005,58.99656068,SE,5,5,
es5-mark65,MARKER,0,3775.01406,354.2893126,-589.9558005,58.99656068,SE,5,5,
es5-dt65.1,DRIFT,3.276,3775.01406,354.2893126,-589.9558005,58.99656068,SE,5,5,
es5-mark65,DRIFT,3.276,3775.01406,354.2893126,-589.9558005,58.99656068,SE,5,5,
es5-dt65.2,DRIFT,0.25,3775.26406,354.3133053,-589.9512515,58.74660207,SE,5,5,
es5-q64,QUADRUPOLE,1.2,3776.46406,354.4285034,-589.9294161,57.54680075,SE,5,5,
es5-dt63,DRIFT,0.15,3776.61406,354.442907,-589.9266866,57.39682558,SE,5,5,
es5-q63,QUADRUPOLE,0.25,3776.86406,354.4669148,-589.9221376,57.14686697,SE,5,5,
es5-dt60.1,MARKER,0,3779.89006,354.7576866,-589.8670759,54.12136797,SE,5,5,
es5-mark60,MARKER,0,3779.89006,354.7576866,-589.8670759,54.12136797,SE,5,5,
es5-dt60.1,DRIFT,3.026,3779.89006,354.7576866,-589.8670759,54.12136797,SE,5,5,
es5-mark60,DRIFT,3.026,3779.89006,354.7576866,-589.8670759,54.12136797,SE,5,5,
es5-dt60.2,DRIFT,0.5,3780.39006,354.8057639,-589.8579778,53.62145075,SE,5,5,
es5-q58.1,QUADRUPOLE,1.2,3781.59006,354.9211853,-589.8361424,52.42164943,SE,5,5,
es5-dt58,DRIFT,0.15,3781.74006,354.9356165,-589.8334129,52.27167427,SE,5,5,
es5-q58.2,QUADRUPOLE,0.25,3781.99006,354.9596702,-589.8288639,52.02171566,SE,5,5,
es5-dt54,DRIFT,3.526,3785.51606,355.2991494,-589.7647041,48.49629944,SE,5,5,
es5-q53.1,QUADRUPOLE,1.2,3786.71606,355.4147776,-589.7428687,47.29649812,SE,5,5,
es5-dt53,DRIFT,0.15,3786.86606,355.4292344,-589.7401392,47.14652295,SE,5,5,
es5-q53.2,QUADRUPOLE,0.25,3787.11606,355.4533306,-589.7355902,46.89656434,SE,5,5,
es5-dt51,DRIFT,1.98657,3789.10263,355.6448757,-589.6994422,44.91032325,SE,5,5,
es5-q50,QUADRUPOLE,0.6,3789.70263,355.7027517,-589.6885245,44.31042259,SE,5,5,
es5-dt49,DRIFT,1,3790.70263,355.7992359,-589.6703283,43.31058815,SE,5,5,
es5-cav45,CRABCAVITY,4,3794.70263,356.1854659,-589.5975435,39.31125041,SE,5,5,
es5-dt44.1,DRIFT,1,3795.70263,356.2820939,-589.5793473,38.31141597,SE,5,5,
es5-q44,QUADRUPOLE,0.6,3796.30263,356.3400838,-589.5684296,37.71151531,SE,5,5,
es5-dt44.2,DRIFT,0.15,3796.45263,356.3545828,-589.5657001,37.56154015,SE,5,5,
es5-q43,QUADRUPOLE,0.25,3796.70263,356.3787491,-589.5611511,37.31158154,SE,5,5,
es5-dt43,DRIFT,0.15,3796.85263,356.3932497,-589.5584217,37.16160637,SE,5,5,
es5-dh40,RBEND,2.72601732,3799.57864,356.6569957,-589.525648,34.43580339,SE,5,5,
es5-dt40,DRIFT,0.2584,3799.83704,356.6820158,-589.5241367,34.17740781,SE,5,5,
es5-dh37,RBEND,2.72601732,3802.56306,356.9461412,-589.5250246,31.45140795,SE,5,5,
es5-dt37,DRIFT,0.2584,3802.82146,356.9711925,-589.5267042,31.19301341,SE,5,5,
es5-dh36,RBEND,0.891400084,3803.71286,357.057622,-589.5331668,30.30163684,SE,5,5,
es5-dt18,MARKER,0,3821.63416,358.7971885,-589.6765357,12.38091032,SE,5,5,
es5-mark18,MARKER,0,3821.63416,358.7971885,-589.6765357,12.38091032,SE,5,5,
es5-dt18,DRIFT,17.9213,3821.63416,358.7971885,-589.6765357,12.38091032,SE,5,5,
es5-mark18,DRIFT,17.9213,3821.63416,358.7971885,-589.6765357,12.38091032,SE,5,5,
es5-q17,QUADRUPOLE,1.61,3823.24416,358.9535813,-589.6894155,10.77096184,SE,5,5,
es5-dt13,DRIFT,3.76,3827.00416,359.3188516,-589.7194952,7.011082158,SE,5,5,
es5-q12,QUADRUPOLE,1.2,3828.20416,359.4354325,-589.7290951,5.811120558,SE,5,5,
es5-dt6,MARKER,0,3834.00416,359.9989016,-589.7754946,0.011306157,SE,5,5,
es5-mark6,MARKER,0,3834.00416,359.9989016,-589.7754946,0.011306157,SE,5,5,
es5-dt6,DRIFT,5.8,3834.00416,359.9989016,-589.7754946,0.011306157,SE,5,5,
es5-mark6,DRIFT,5.8,3834.00416,359.9989016,-589.7754946,0.011306157,SE,5,5,
